transaction_id,customer_id,amount,account_age_days,transactions_1h,transactions_24h,failed_attempts_24h,hour,device_age_days,is_fraud
TXN000000,861,1203.62,994,0,4,0,14,347,0
TXN000001,1295,103.84,168,4,1,0,6,521,0
TXN000002,1131,3932.49,284,0,8,0,0,58,0
TXN000003,1096,768.82,494,2,6,2,1,534,0
TXN000004,1639,102.24,36,0,2,1,19,376,0
TXN000005,2170,265.55,824,1,7,0,3,530,0
TXN000006,467,3118.46,175,3,2,1,10,424,0
TXN000007,1239,7605.02,199,0,8,2,13,694,0
TXN000008,331,1123.84,116,3,6,0,19,913,0
TXN000009,1483,337.49,936,2,5,0,8,728,0
TXN000010,2136,199.36,315,1,6,1,5,340,0
TXN000011,2920,5988.15,939,1,5,0,19,104,0
TXN000012,131,1880.63,220,0,6,1,18,261,0
TXN000013,1686,737.92,891,1,2,0,8,898,0
TXN000014,770,554.5,578,1,2,3,20,887,0
TXN000015,2392,2455.77,777,0,10,0,7,654,0
TXN000016,1516,2376.02,134,0,5,0,15,715,0
TXN000017,2854,373.94,631,0,6,0,0,398,0
TXN000018,2434,278.43,122,1,4,2,11,770,0
TXN000019,1216,295.81,833,1,4,0,3,982,0
TXN000020,956,625.24,899,1,10,0,7,310,0
TXN000021,2325,479.27,970,3,4,0,15,982,0
TXN000022,1185,7644.26,421,2,5,1,17,281,0
TXN000023,460,599.12,895,2,6,0,11,875,0
TXN000024,22,244.79,492,5,3,1,7,522,0
TXN000025,2301,261.86,599,1,3,2,8,480,0
TXN000026,748,879.39,289,1,2,1,14,709,0
TXN000027,2905,123.16,649,0,6,0,20,975,0
TXN000028,475,1020.3,53,2,10,0,8,743,0
TXN000029,1083,220.64,205,1,7,1,22,839,0
TXN000030,2559,4404.28,348,1,6,1,11,463,0
TXN000031,2048,1261.27,51,2,5,0,4,35,0
TXN000032,2748,13977.84,839,2,6,1,23,962,0
TXN000033,976,833.94,922,2,9,1,4,973,0
TXN000034,1807,25.58,912,1,5,0,12,439,0
TXN000035,190,6305.75,40,1,7,0,2,459,0
TXN000036,2735,2002.81,250,1,8,0,3,397,0
TXN000037,563,2412.19,218,3,1,0,22,923,0
TXN000038,1900,329.28,179,3,3,1,16,965,0
TXN000039,1268,1041.67,551,3,5,1,17,197,0
TXN000040,2880,1371.63,183,2,6,0,11,850,0
TXN000041,1529,824.37,736,0,5,1,20,376,0
TXN000042,647,136.83,164,4,6,0,20,244,0
TXN000043,2069,30407.07,746,2,3,3,22,400,0
TXN000044,2889,2989.9,377,2,3,2,10,845,0
TXN000045,2215,1816.56,705,3,5,0,23,126,0
TXN000046,1298,5306.37,497,2,1,1,7,90,0
TXN000047,2436,2375.66,597,4,6,2,6,82,0
TXN000048,601,486.56,461,2,7,1,22,819,0
TXN000049,2364,4913.49,755,5,7,0,3,94,0
TXN000050,2062,3049.28,474,3,5,0,19,858,0
TXN000051,242,509.21,685,2,6,1,15,214,0
TXN000052,2042,2829.96,905,0,7,1,18,504,0
TXN000053,2825,821.65,37,1,6,0,18,902,1
TXN000054,2613,1408.35,599,1,8,1,20,921,0
TXN000055,2946,2252.01,641,1,3,0,23,693,0
TXN000056,1364,5665.77,706,1,7,0,6,456,0
TXN000057,2140,505.12,319,4,4,0,9,615,0
TXN000058,1391,1699.27,555,1,4,1,20,571,0
TXN000059,1479,12318.67,412,2,8,0,22,121,0
TXN000060,2557,887.8,356,0,9,1,16,853,0
TXN000061,776,1388.35,671,3,8,2,14,195,0
TXN000062,35,12296.58,617,2,2,0,6,99,0
TXN000063,2254,2356.59,965,1,10,0,12,424,0
TXN000064,1956,187.02,229,1,4,0,23,292,0
TXN000065,1586,422.18,729,2,5,0,15,122,0
TXN000066,1022,2508.64,264,1,4,0,6,99,0
TXN000067,2614,1821.85,930,1,5,0,20,66,0
TXN000068,1130,1332.88,487,2,1,1,1,134,0
TXN000069,1501,14668.67,561,1,3,3,13,745,0
TXN000070,703,522.7,352,1,4,1,3,826,0
TXN000071,2450,1002.95,442,1,5,0,17,860,0
TXN000072,2778,103.99,635,1,2,0,3,609,0
TXN000073,1580,4415.13,459,2,8,3,2,760,0
TXN000074,162,420.47,815,2,3,1,4,228,0
TXN000075,202,3899.35,25,1,3,0,19,740,0
TXN000076,1982,3437.28,131,2,5,2,10,56,0
TXN000077,996,18378.18,941,4,4,0,1,457,0
TXN000078,2318,2390.2,370,1,2,0,19,351,0
TXN000079,816,715.3,436,4,8,0,5,884,0
TXN000080,456,1890.03,224,0,5,0,6,294,0
TXN000081,1276,440.93,611,2,13,1,17,485,0
TXN000082,1017,1608.4,352,1,3,2,4,695,0
TXN000083,2344,861.71,802,1,9,0,19,178,0
TXN000084,2768,1007.87,485,1,5,0,12,641,0
TXN000085,338,373.14,197,2,3,1,0,660,0
TXN000086,879,1572.68,109,0,4,1,5,688,0
TXN000087,1077,2948.57,860,2,7,0,20,825,0
TXN000088,792,151.03,220,3,7,0,6,164,0
TXN000089,2265,479.95,776,1,2,1,1,682,0
TXN000090,764,1341.65,923,1,2,1,15,503,0
TXN000091,2236,65.58,720,1,4,0,12,891,0
TXN000092,380,8851.28,319,3,4,0,3,290,0
TXN000093,493,467.16,82,1,9,0,3,200,0
TXN000094,1181,355.77,537,3,4,1,9,590,0
TXN000095,2063,855.08,698,2,9,1,9,52,0
TXN000096,65,1293.16,432,1,6,1,13,708,0
TXN000097,2569,442.41,897,1,7,0,19,742,0
TXN000098,1368,3556.37,8,2,8,1,14,302,0
TXN000099,1153,1771.62,636,1,2,0,2,700,0
TXN000100,2028,401.54,149,0,4,4,1,398,0
TXN000101,2696,585.88,98,1,2,1,3,849,0
TXN000102,1496,177.66,728,1,4,0,14,46,0
TXN000103,1163,243.71,101,1,7,0,11,921,0
TXN000104,1523,1746.06,730,0,7,0,9,177,0
TXN000105,2641,406.57,367,2,2,0,8,383,0
TXN000106,392,9558.07,462,1,2,0,22,723,0
TXN000107,1699,1194.05,925,2,2,1,9,558,0
TXN000108,419,216.29,414,3,6,1,23,326,0
TXN000109,2337,278.1,259,2,2,1,22,876,0
TXN000110,379,3879.9,903,0,9,0,0,445,0
TXN000111,1797,1000.43,356,2,3,1,15,889,0
TXN000112,2279,3606.14,11,0,5,0,9,143,0
TXN000113,2089,706.42,416,1,3,0,3,841,0
TXN000114,2183,559.88,571,2,1,0,22,974,0
TXN000115,201,4202.09,250,1,8,1,22,332,0
TXN000116,1864,391.39,652,4,2,2,5,379,0
TXN000117,780,1972.12,847,0,6,2,16,837,0
TXN000118,2978,850.53,550,1,10,0,21,736,0
TXN000119,503,3147.83,122,1,9,1,0,191,0
TXN000120,2455,9722.33,920,0,6,2,6,569,0
TXN000121,1752,684.98,65,0,3,0,4,2,0
TXN000122,805,568.74,658,1,2,0,2,629,0
TXN000123,2147,2438.09,302,0,4,4,18,856,0
TXN000124,2732,299.34,125,0,4,1,23,360,0
TXN000125,1896,7629.35,312,1,6,1,14,493,0
TXN000126,2774,6218.15,191,3,1,0,8,429,0
TXN000127,1571,330.65,775,1,3,1,5,821,0
TXN000128,961,164.06,873,0,3,0,18,360,0
TXN000129,2661,272.41,450,2,4,0,4,237,0
TXN000130,1486,277.43,808,1,3,1,17,860,0
TXN000131,2691,2870.13,694,2,6,0,15,815,0
TXN000132,1029,7037.47,159,0,3,0,17,533,0
TXN000133,503,2830.34,353,1,5,1,20,901,0
TXN000134,2815,825.98,820,3,6,0,17,479,0
TXN000135,398,1654.08,990,1,1,1,18,674,0
TXN000136,871,386.17,799,3,7,1,0,808,0
TXN000137,2843,4091.43,674,0,4,0,12,115,0
TXN000138,393,1841.68,263,2,3,0,7,955,0
TXN000139,207,2773.42,729,0,4,0,11,809,0
TXN000140,1039,458.04,912,0,1,1,8,521,0
TXN000141,1882,895.77,406,1,4,2,3,95,0
TXN000142,2940,2617.8,996,3,1,0,19,572,0
TXN000143,1485,6199.45,693,1,2,2,14,877,0
TXN000144,864,528.63,603,0,3,1,15,291,0
TXN000145,2791,2797.67,17,1,4,1,0,977,0
TXN000146,564,466.62,637,4,8,0,13,331,0
TXN000147,1021,13913.75,260,2,5,1,12,907,0
TXN000148,96,666.61,957,4,5,2,10,929,0
TXN000149,1924,2373.7,890,1,6,1,16,15,0
TXN000150,1758,1337.73,355,1,5,2,17,965,0
TXN000151,2533,24993.32,489,1,6,1,16,960,0
TXN000152,2279,1445.03,214,4,12,0,21,48,0
TXN000153,2797,591.07,239,2,4,0,23,945,0
TXN000154,1679,2362.34,180,3,2,0,21,936,0
TXN000155,541,2300.06,419,3,3,0,14,238,0
TXN000156,1060,907.81,684,0,7,1,5,139,0
TXN000157,2573,294.8,143,0,4,1,11,701,0
TXN000158,1184,581.96,317,0,7,1,6,915,0
TXN000159,1723,3158.33,244,0,5,1,11,799,0
TXN000160,1820,134.7,232,0,1,0,11,926,0
TXN000161,2626,814.31,684,2,4,0,8,915,0
TXN000162,2730,3618.58,789,1,9,0,20,720,0
TXN000163,2605,980.25,589,0,4,0,9,954,0
TXN000164,1598,14890.1,303,2,7,0,12,873,0
TXN000165,2694,135.15,331,2,6,0,11,277,0
TXN000166,796,345.97,561,2,1,2,1,44,0
TXN000167,1052,68.2,949,0,3,0,15,747,0
TXN000168,1644,11997.2,248,2,5,0,1,773,0
TXN000169,1364,352.84,283,2,7,1,18,694,0
TXN000170,1982,101.06,287,0,2,0,18,603,0
TXN000171,1355,526.21,940,1,7,0,7,287,0
TXN000172,1664,206.16,32,0,6,4,21,560,0
TXN000173,1530,530.73,500,0,4,0,18,538,0
TXN000174,2039,1152.25,670,1,7,0,3,456,0
TXN000175,1497,2881.04,530,0,8,1,13,71,0
TXN000176,2238,889.27,381,4,5,0,5,338,0
TXN000177,1409,1130.42,63,2,3,0,14,165,0
TXN000178,1401,545.71,128,0,3,2,5,872,0
TXN000179,1307,178.75,528,1,3,0,21,279,0
TXN000180,2681,119.6,163,2,5,2,10,948,0
TXN000181,2676,708.12,958,4,6,3,1,737,0
TXN000182,973,1213.87,251,2,3,1,5,88,0
TXN000183,1769,647.85,649,2,9,1,7,993,0
TXN000184,1283,125.06,830,0,6,0,12,993,0
TXN000185,710,1396.44,295,2,7,0,21,242,0
TXN000186,1480,7747.81,179,2,5,1,12,308,0
TXN000187,1435,955.68,229,2,8,0,5,412,0
TXN000188,649,547.06,883,0,5,0,13,66,0
TXN000189,318,1019.85,394,2,5,2,23,238,0
TXN000190,1258,291.41,692,2,3,0,9,751,0
TXN000191,684,269.7,396,1,5,0,21,993,0
TXN000192,664,1885.03,72,0,5,0,13,292,0
TXN000193,1999,3598.91,318,1,5,0,16,102,0
TXN000194,1632,919.18,899,1,7,0,13,508,0
TXN000195,1496,102.67,595,1,7,2,19,850,0
TXN000196,1137,1675.75,379,1,7,1,2,310,0
TXN000197,1854,13106.43,907,1,4,1,9,905,0
TXN000198,1521,818.38,136,2,5,1,4,25,0
TXN000199,2490,885.88,730,2,9,1,20,354,0
TXN000200,564,384.84,621,3,5,0,4,220,0
TXN000201,1292,1953.98,378,0,4,2,23,804,0
TXN000202,1637,490.2,919,1,4,0,5,526,0
TXN000203,699,3736.12,119,1,9,0,1,757,0
TXN000204,2161,498.15,906,2,9,0,4,612,0
TXN000205,2,1652.67,530,1,6,0,7,10,0
TXN000206,642,1037.31,844,1,3,2,14,756,0
TXN000207,2268,7087.83,935,2,7,2,9,9,0
TXN000208,1590,1792.52,666,1,5,0,21,873,0
TXN000209,855,5793.02,523,1,4,0,9,121,0
TXN000210,1760,1249.31,650,2,8,1,18,771,0
TXN000211,2433,893.47,387,1,8,0,3,643,0
TXN000212,1662,1047.51,574,2,4,0,21,522,0
TXN000213,1154,434.55,583,4,3,1,1,948,0
TXN000214,1077,2075.59,573,1,8,0,1,409,0
TXN000215,1708,478.94,644,5,8,0,3,535,0
TXN000216,2778,1255.08,573,2,6,0,18,625,0
TXN000217,1696,3060.22,904,2,7,0,16,267,0
TXN000218,1734,7333.87,870,3,7,1,20,918,0
TXN000219,1440,1333.33,269,0,4,0,12,309,0
TXN000220,2295,3082.35,524,0,7,1,16,283,0
TXN000221,836,2671.15,547,2,3,1,8,890,0
TXN000222,203,693.08,486,1,7,1,19,451,0
TXN000223,123,13757.84,438,3,6,1,21,559,0
TXN000224,401,549.23,563,2,2,1,11,106,0
TXN000225,767,1223.16,555,0,5,0,7,249,0
TXN000226,294,6278.86,740,1,3,0,10,653,0
TXN000227,2328,6095.77,111,2,6,1,8,630,0
TXN000228,2932,1115.64,322,1,5,0,16,670,0
TXN000229,198,3599.32,527,3,5,0,2,174,0
TXN000230,1931,838.18,177,0,6,0,0,632,0
TXN000231,2800,610.08,674,1,6,1,13,866,0
TXN000232,2192,255.87,551,2,4,2,19,670,0
TXN000233,609,2614.05,538,2,4,2,11,600,0
TXN000234,1148,2966.28,624,1,2,0,6,699,0
TXN000235,187,554.76,965,2,1,1,21,513,0
TXN000236,2512,1512.8,944,1,8,0,19,292,0
TXN000237,1795,26401.76,473,2,5,1,3,268,0
TXN000238,660,4341.69,563,0,8,1,13,532,0
TXN000239,2812,371.75,994,4,6,1,6,376,0
TXN000240,1956,3647.78,879,0,7,0,11,386,0
TXN000241,2451,373.82,388,0,6,1,9,89,0
TXN000242,1370,33.98,98,5,10,2,14,957,0
TXN000243,1987,1070.1,411,0,2,0,23,160,0
TXN000244,1535,7156.97,375,0,7,0,17,365,0
TXN000245,147,5866.05,170,1,1,1,2,737,0
TXN000246,2912,1724.48,56,1,6,0,9,287,0
TXN000247,1735,572.45,733,5,3,0,5,996,0
TXN000248,1844,1965.97,325,0,4,0,16,916,0
TXN000249,489,793.94,658,1,9,0,11,568,0
TXN000250,2977,592.06,957,1,3,1,21,792,0
TXN000251,1960,3922.18,260,2,4,2,16,492,0
TXN000252,1664,583.33,641,2,4,0,12,873,0
TXN000253,2599,4241.55,562,4,4,1,3,93,0
TXN000254,2386,538.82,340,0,3,0,23,42,0
TXN000255,2920,12967.36,838,0,3,1,1,748,0
TXN000256,641,153.12,404,3,4,0,5,387,0
TXN000257,1803,347.89,532,2,4,0,15,452,0
TXN000258,2521,910.1,174,1,6,0,6,68,0
TXN000259,1970,101.41,795,1,8,0,19,205,0
TXN000260,2199,50.14,538,2,8,0,11,847,0
TXN000261,1439,102.46,160,2,6,1,19,327,0
TXN000262,1635,772.39,10,1,7,1,21,612,0
TXN000263,263,796.28,594,1,3,1,3,505,0
TXN000264,1788,1635.33,256,0,4,0,8,907,0
TXN000265,2192,865.75,617,2,2,1,8,917,0
TXN000266,2394,1570.92,652,1,8,2,9,295,0
TXN000267,624,638.9,714,4,4,0,20,396,0
TXN000268,1017,2585.77,344,1,6,1,18,702,0
TXN000269,881,2237.63,536,3,5,1,1,209,0
TXN000270,2050,740.98,373,3,6,0,5,790,0
TXN000271,2945,2078.94,435,1,7,1,3,511,0
TXN000272,1328,872.38,934,1,3,1,19,658,0
TXN000273,2302,176.48,46,2,5,1,4,196,0
TXN000274,453,3246.71,729,0,0,0,2,838,0
TXN000275,1184,369.38,904,3,4,1,9,751,0
TXN000276,2057,3205.39,55,1,8,0,12,764,0
TXN000277,1683,1617.82,78,0,5,2,3,400,0
TXN000278,2864,990.86,491,1,7,1,21,999,0
TXN000279,2256,115.31,671,1,4,0,10,457,0
TXN000280,1155,6958.33,856,0,2,0,10,462,0
TXN000281,404,709.29,272,4,7,3,4,231,0
TXN000282,2200,2348.37,660,2,4,1,13,160,0
TXN000283,2102,956.45,550,1,8,0,9,53,0
TXN000284,1697,791.78,111,1,5,1,9,817,0
TXN000285,628,1382.11,15,0,5,1,23,378,0
TXN000286,587,1132.16,78,3,6,1,18,179,0
TXN000287,1649,796.01,501,1,6,2,14,780,0
TXN000288,1444,1026.2,588,2,6,0,5,887,0
TXN000289,1446,1830.74,418,1,2,0,1,183,0
TXN000290,104,1992.97,840,4,7,1,21,519,0
TXN000291,254,1155.2,275,3,9,1,0,390,0
TXN000292,2558,2310.28,494,2,4,2,7,154,0
TXN000293,1497,659.26,197,0,1,0,19,924,0
TXN000294,99,15833.19,376,1,4,1,8,265,0
TXN000295,2201,6520.5,731,0,6,2,6,489,0
TXN000296,1885,2737.86,63,1,3,0,1,150,0
TXN000297,2962,106.71,361,0,7,0,3,57,0
TXN000298,1920,2269.29,973,2,5,0,8,174,0
TXN000299,878,732.19,544,2,6,2,20,376,0
TXN000300,338,338.86,991,0,9,1,6,235,0
TXN000301,2870,710.16,745,3,4,0,13,643,0
TXN000302,957,387.07,110,0,4,0,13,471,0
TXN000303,1705,2014.58,677,1,5,0,17,274,0
TXN000304,161,7625.04,194,0,3,0,7,837,0
TXN000305,1604,2954.94,519,0,11,1,8,503,0
TXN000306,2849,30182.88,944,1,3,1,0,294,0
TXN000307,398,169.98,651,0,7,0,22,278,0
TXN000308,1301,597.5,459,1,8,2,7,162,0
TXN000309,816,353.67,855,4,4,0,10,398,0
TXN000310,1528,4794.58,799,3,5,0,22,412,0
TXN000311,1920,841.63,940,2,5,1,17,680,0
TXN000312,1416,1376.67,301,1,9,2,23,858,0
TXN000313,1159,2345.9,968,1,1,0,4,563,0
TXN000314,1219,191.38,568,0,3,0,2,962,0
TXN000315,401,520.29,672,2,7,1,20,96,0
TXN000316,640,3629.02,496,0,4,0,19,752,0
TXN000317,2736,568.1,149,1,1,0,21,79,0
TXN000318,460,140.28,799,1,5,2,9,945,0
TXN000319,955,371.4,769,2,7,3,5,718,0
TXN000320,470,777.81,461,2,9,2,12,846,0
TXN000321,1046,1339.58,139,1,7,1,3,432,0
TXN000322,2798,1007.3,861,1,5,0,11,277,0
TXN000323,1694,524.76,836,3,6,1,6,225,0
TXN000324,2086,3385.23,292,2,6,0,18,100,0
TXN000325,2278,939.29,335,4,7,2,12,696,0
TXN000326,563,1409.91,699,2,6,2,11,448,0
TXN000327,2486,559.39,835,2,3,0,21,633,0
TXN000328,1800,6705.8,184,1,8,1,4,102,0
TXN000329,2075,685.43,307,1,2,1,1,227,0
TXN000330,226,1199.47,925,2,4,0,10,868,0
TXN000331,798,3797.12,981,2,10,1,11,489,0
TXN000332,2332,1534.64,898,2,2,1,4,937,0
TXN000333,2927,1489.37,262,5,10,0,11,754,0
TXN000334,960,102.68,927,2,4,1,4,605,0
TXN000335,1505,2481.86,310,1,3,1,7,703,0
TXN000336,453,1172.28,344,1,4,1,2,129,0
TXN000337,816,2100.39,424,0,5,1,12,151,0
TXN000338,659,1366.29,657,2,3,0,18,224,0
TXN000339,547,560.6,773,2,4,0,1,709,0
TXN000340,1216,3207.25,514,2,9,0,1,957,0
TXN000341,17,1390.96,826,2,8,0,13,281,0
TXN000342,1244,233.4,524,3,0,1,1,790,0
TXN000343,2206,5272.29,261,3,2,0,3,888,0
TXN000344,2525,197.04,362,0,9,1,14,679,0
TXN000345,1070,3232.84,956,5,5,1,4,193,0
TXN000346,2566,6531.02,169,1,7,1,0,23,0
TXN000347,2147,290.74,660,1,5,1,9,659,0
TXN000348,1769,946.42,200,2,6,0,1,520,0
TXN000349,1061,846.29,385,2,2,0,17,650,0
TXN000350,2328,893.22,312,2,0,0,5,237,0
TXN000351,2545,9860.44,582,2,6,0,11,614,0
TXN000352,302,294.81,312,0,3,3,18,397,0
TXN000353,181,759.09,566,0,2,0,15,746,0
TXN000354,607,6660.75,395,5,3,1,5,101,0
TXN000355,700,744.31,771,2,3,2,3,114,0
TXN000356,993,356.76,351,2,7,0,9,716,0
TXN000357,1140,1503.6,28,1,7,1,22,860,0
TXN000358,191,2883.52,879,1,8,1,19,749,0
TXN000359,2301,684.43,875,0,5,0,4,659,0
TXN000360,981,2132.91,632,1,8,0,9,1,0
TXN000361,2976,210.2,133,1,3,0,13,933,0
TXN000362,2007,224.7,380,2,4,0,4,340,0
TXN000363,1185,646.71,602,2,5,0,4,511,0
TXN000364,128,2226.13,528,0,2,0,8,222,0
TXN000365,2066,2734.76,287,1,4,0,3,309,0
TXN000366,1817,265.49,284,2,4,1,21,328,0
TXN000367,1759,2615.75,903,1,7,1,13,306,0
TXN000368,2614,1339.17,742,1,5,1,9,39,0
TXN000369,570,381.82,649,1,5,0,20,42,0
TXN000370,1347,221.18,807,0,9,2,1,360,0
TXN000371,1896,1444.89,227,1,4,0,13,887,0
TXN000372,2734,5153.73,427,0,2,1,15,764,0
TXN000373,626,1144.39,27,1,11,3,2,999,0
TXN000374,2902,357.13,332,0,6,0,7,561,0
TXN000375,1687,116.56,117,1,7,0,23,410,0
TXN000376,155,6873.23,89,1,4,0,19,932,0
TXN000377,2538,3828.47,619,2,7,0,4,264,0
TXN000378,1410,1575.76,733,0,1,0,23,27,0
TXN000379,785,6461.34,735,2,3,0,23,604,0
TXN000380,246,1434.69,122,0,5,2,4,52,0
TXN000381,1501,579.84,894,3,2,2,2,305,0
TXN000382,1706,2134.87,866,1,5,1,7,535,0
TXN000383,2807,405.18,33,1,5,1,4,729,1
TXN000384,538,332.03,603,0,5,2,17,169,0
TXN000385,1891,2768.13,696,0,5,1,0,950,0
TXN000386,1842,3062.27,888,2,3,0,0,171,0
TXN000387,921,237.82,770,2,7,0,10,818,0
TXN000388,2456,248.6,398,3,5,1,22,372,0
TXN000389,525,642.87,525,0,5,0,2,585,0
TXN000390,2876,467.05,24,1,4,2,23,122,0
TXN000391,1530,1942.61,325,0,2,1,10,530,0
TXN000392,2951,1161.72,34,2,9,1,10,966,0
TXN000393,36,4437.68,247,1,6,0,19,451,0
TXN000394,685,1604.73,855,0,6,2,6,757,0
TXN000395,20,505.99,19,1,4,0,5,744,0
TXN000396,2369,113.37,30,1,4,1,0,155,0
TXN000397,2560,1360.15,49,2,7,0,7,114,0
TXN000398,400,140.84,939,1,3,1,11,815,0
TXN000399,2702,498.52,912,1,2,1,23,991,0
TXN000400,972,461.24,180,2,4,0,21,283,0
TXN000401,1907,595.79,370,1,6,0,8,729,0
TXN000402,2519,226.05,884,3,3,1,23,143,0
TXN000403,1167,459.28,738,6,4,2,18,694,0
TXN000404,1116,4337.64,945,2,8,0,21,457,0
TXN000405,834,4323.32,395,3,3,0,15,883,0
TXN000406,1824,6898.09,590,3,7,1,20,658,0
TXN000407,2775,1110.07,496,2,5,2,20,513,0
TXN000408,1983,1518.48,431,0,5,1,23,380,0
TXN000409,854,4414.87,207,1,10,1,21,908,0
TXN000410,51,187.77,35,0,7,2,5,923,0
TXN000411,575,2883.48,762,2,4,1,22,761,0
TXN000412,1149,5233.39,583,0,4,1,2,686,0
TXN000413,2198,377.38,413,1,5,1,21,199,0
TXN000414,2362,5762.73,364,0,2,0,8,402,0
TXN000415,2618,12955.29,310,0,4,2,6,802,0
TXN000416,2353,2788.94,982,1,4,0,5,882,0
TXN000417,1716,2238.15,279,0,3,0,16,17,0
TXN000418,682,286.08,152,0,4,1,7,36,0
TXN000419,838,3956.22,227,2,7,2,6,613,0
TXN000420,1078,320.31,243,2,3,0,10,442,0
TXN000421,2492,1709.04,10,0,9,0,6,236,0
TXN000422,2661,1930.07,829,0,6,1,13,822,0
TXN000423,2312,21.0,392,2,3,0,1,130,0
TXN000424,1596,1784.63,48,0,0,1,10,422,0
TXN000425,5,25483.07,624,3,4,0,13,461,0
TXN000426,1127,89.1,204,1,3,0,13,427,0
TXN000427,1220,1027.96,989,1,3,1,1,419,0
TXN000428,774,106.0,894,0,8,0,22,139,0
TXN000429,877,375.04,157,2,12,1,19,737,0
TXN000430,992,108.23,855,0,3,0,22,539,0
TXN000431,2932,1328.03,26,3,6,0,12,248,0
TXN000432,47,2842.18,421,0,7,0,11,810,0
TXN000433,2915,1793.07,992,1,5,2,20,111,0
TXN000434,2871,359.16,820,3,3,0,18,437,0
TXN000435,2984,527.8,678,1,3,0,8,837,0
TXN000436,2704,1520.4,761,2,10,1,3,615,0
TXN000437,269,372.89,774,1,4,1,11,881,0
TXN000438,370,222.62,264,1,1,1,8,399,0
TXN000439,636,823.08,529,2,5,0,15,375,0
TXN000440,1130,352.96,588,4,4,2,13,613,0
TXN000441,1694,1796.99,958,1,5,1,16,439,0
TXN000442,1683,5210.53,470,0,6,1,8,390,0
TXN000443,657,24762.86,254,1,5,0,5,608,0
TXN000444,120,1645.3,718,1,5,0,22,107,0
TXN000445,831,2380.74,546,2,5,1,11,561,1
TXN000446,1811,534.23,147,2,7,1,7,499,0
TXN000447,1082,575.45,326,2,7,0,1,249,1
TXN000448,1975,5119.78,338,2,8,0,22,623,0
TXN000449,1370,787.14,740,0,3,1,18,411,0
TXN000450,741,1196.96,118,1,7,0,13,898,0
TXN000451,117,4757.94,165,2,3,1,21,871,0
TXN000452,1854,794.45,550,1,4,1,22,278,0
TXN000453,2839,6637.59,911,2,7,0,4,790,0
TXN000454,1151,2181.21,870,0,8,0,18,723,0
TXN000455,1932,1894.06,808,0,7,1,19,326,0
TXN000456,1013,503.8,649,3,6,1,23,789,0
TXN000457,1665,2020.2,821,0,9,0,9,543,0
TXN000458,1082,655.33,758,3,7,0,10,7,0
TXN000459,634,1926.17,198,4,4,1,11,540,0
TXN000460,513,970.5,374,3,4,1,6,497,0
TXN000461,2850,3498.79,578,0,9,2,23,377,0
TXN000462,1120,1055.61,592,0,6,0,4,196,0
TXN000463,1142,12650.21,564,1,3,0,12,123,0
TXN000464,560,787.88,129,4,6,1,22,577,0
TXN000465,488,577.39,414,1,5,0,22,265,0
TXN000466,897,1661.27,380,4,6,0,7,243,0
TXN000467,1213,3997.58,880,1,1,2,1,391,0
TXN000468,704,3960.47,993,1,7,3,1,951,0
TXN000469,1471,1339.62,1,0,6,1,5,582,0
TXN000470,581,1647.32,167,1,7,0,17,68,0
TXN000471,2838,1650.19,16,0,6,0,13,429,0
TXN000472,2909,300.83,657,1,2,0,1,798,0
TXN000473,2295,3747.66,112,1,7,1,9,430,0
TXN000474,154,242.4,368,2,6,0,1,240,0
TXN000475,1680,301.51,102,1,4,0,1,32,0
TXN000476,997,1171.49,594,1,4,0,19,919,0
TXN000477,2745,747.08,406,2,4,0,14,525,0
TXN000478,1244,2850.9,982,2,3,1,3,938,0
TXN000479,1093,1875.86,507,0,2,0,7,607,0
TXN000480,1009,1294.45,611,1,3,0,13,240,0
TXN000481,2142,284.11,671,0,7,0,19,342,0
TXN000482,1774,1132.15,40,1,5,0,7,513,0
TXN000483,958,1029.66,667,1,4,2,1,335,0
TXN000484,453,1431.71,548,2,4,1,21,14,0
TXN000485,1228,654.55,381,3,5,0,20,784,0
TXN000486,2960,2053.66,759,1,3,0,23,447,0
TXN000487,2266,723.52,516,1,2,0,10,104,0
TXN000488,2522,1835.25,497,2,7,1,14,49,0
TXN000489,2480,2850.52,886,2,5,0,19,108,0
TXN000490,2389,577.37,965,2,4,0,19,474,0
TXN000491,551,434.16,281,2,2,0,4,153,0
TXN000492,1636,1942.32,351,2,4,1,12,719,0
TXN000493,1313,224.68,334,2,7,1,15,52,0
TXN000494,1758,4163.03,926,2,5,0,22,39,0
TXN000495,357,1111.15,943,1,6,2,5,908,0
TXN000496,2071,955.55,761,1,7,0,2,840,0
TXN000497,1786,2111.64,524,4,6,2,0,539,0
TXN000498,2570,1960.09,283,3,8,1,7,157,0
TXN000499,1782,1105.24,941,2,8,1,14,215,0
TXN000500,2850,3147.42,728,1,8,1,5,503,0
TXN000501,2810,489.38,319,1,5,0,6,303,0
TXN000502,2490,2578.15,823,1,4,2,18,470,0
TXN000503,1632,300.56,414,3,5,0,17,968,0
TXN000504,2817,2023.89,594,1,5,1,0,490,0
TXN000505,1016,739.93,14,1,6,1,23,589,0
TXN000506,1349,227.4,56,1,6,1,12,345,0
TXN000507,516,1492.15,403,3,3,0,21,865,0
TXN000508,2840,1052.25,342,1,6,1,19,701,0
TXN000509,336,172.21,794,2,6,0,0,954,0
TXN000510,1783,86.8,199,3,4,0,7,453,0
TXN000511,2306,913.5,860,0,2,0,4,409,0
TXN000512,497,7645.49,678,2,7,1,22,965,0
TXN000513,896,1611.98,965,3,3,1,22,160,0
TXN000514,2208,491.78,292,1,5,0,17,768,0
TXN000515,852,4016.81,658,6,3,2,1,119,0
TXN000516,1688,3257.35,441,1,6,0,1,375,0
TXN000517,1932,5043.7,78,1,8,0,4,110,0
TXN000518,2738,2491.59,112,0,4,0,17,308,0
TXN000519,2428,3175.06,535,3,2,3,18,718,0
TXN000520,1569,2636.82,375,2,9,1,19,603,0
TXN000521,957,618.31,116,3,6,1,13,684,0
TXN000522,2739,153.74,142,2,6,1,12,159,0
TXN000523,1637,586.77,992,3,6,0,19,570,0
TXN000524,1292,4129.55,197,1,3,1,1,995,0
TXN000525,1441,694.22,790,2,3,0,7,9,0
TXN000526,1192,920.99,540,0,5,0,19,926,0
TXN000527,1067,270.71,299,1,5,0,9,189,0
TXN000528,285,566.06,76,5,2,1,23,245,0
TXN000529,2445,1084.74,530,2,2,0,23,48,0
TXN000530,12,1980.44,100,1,6,1,19,101,0
TXN000531,1631,632.45,479,2,6,1,18,165,0
TXN000532,2547,581.58,973,1,6,1,18,321,0
TXN000533,754,3012.76,468,0,9,5,18,591,0
TXN000534,2083,1620.22,636,2,5,0,2,472,0
TXN000535,2775,1878.83,877,2,4,1,0,839,0
TXN000536,2897,6863.58,292,1,3,2,22,493,0
TXN000537,90,598.19,125,1,9,0,4,610,0
TXN000538,776,1033.99,519,2,4,0,6,348,0
TXN000539,2653,2124.71,23,1,8,1,4,911,0
TXN000540,1626,385.37,162,2,6,0,12,53,0
TXN000541,418,1443.55,629,2,9,1,23,978,0
TXN000542,115,1126.24,506,0,11,0,21,803,0
TXN000543,617,30722.77,882,1,2,2,22,314,0
TXN000544,826,1236.26,864,1,4,1,9,175,0
TXN000545,1650,4395.46,21,1,5,0,15,523,0
TXN000546,1517,2968.86,764,2,7,1,0,56,0
TXN000547,413,273.73,838,2,4,1,6,176,0
TXN000548,729,170.96,464,0,4,1,12,619,0
TXN000549,2809,1475.01,483,2,3,0,20,198,0
TXN000550,676,4958.22,502,3,10,1,3,14,0
TXN000551,1893,1549.21,943,5,4,2,6,832,0
TXN000552,2505,1205.47,309,2,4,2,20,413,0
TXN000553,2968,779.85,596,2,4,2,19,636,0
TXN000554,2240,223.91,874,2,6,1,19,336,0
TXN000555,2787,346.32,553,1,3,0,9,452,0
TXN000556,1123,156.53,203,3,7,1,0,582,0
TXN000557,1572,291.88,416,1,8,1,12,212,0
TXN000558,978,583.35,640,1,7,1,20,945,0
TXN000559,1009,2782.82,142,2,3,0,11,763,0
TXN000560,2144,642.86,856,2,5,2,0,962,0
TXN000561,1688,1490.33,615,4,4,2,13,757,0
TXN000562,2711,1289.84,107,0,4,2,18,275,0
TXN000563,37,1995.92,991,0,2,0,8,308,0
TXN000564,1549,316.78,529,1,5,1,20,569,0
TXN000565,2327,3908.98,537,2,3,1,23,139,0
TXN000566,2265,202.63,576,1,8,0,10,415,0
TXN000567,2915,640.74,969,0,2,0,22,660,0
TXN000568,873,1069.46,854,6,6,0,11,752,0
TXN000569,1822,2730.32,887,1,7,1,20,862,1
TXN000570,1297,5739.75,749,0,2,0,20,265,0
TXN000571,2110,2756.28,688,3,5,0,1,967,0
TXN000572,596,5997.51,291,2,7,0,5,785,0
TXN000573,1904,405.45,805,2,5,0,4,791,0
TXN000574,729,4575.38,311,2,3,0,2,744,0
TXN000575,1366,3723.38,913,2,3,0,14,650,0
TXN000576,397,61.84,668,0,4,1,5,877,0
TXN000577,699,841.72,385,2,8,0,11,150,0
TXN000578,2225,2258.47,53,2,7,1,12,599,0
TXN000579,1636,590.82,585,5,4,0,22,33,0
TXN000580,396,297.98,183,1,6,2,6,394,0
TXN000581,2493,13863.44,369,1,8,0,7,589,0
TXN000582,76,1252.94,701,0,4,1,4,620,0
TXN000583,265,1294.77,13,3,7,0,3,807,0
TXN000584,2503,227.97,559,0,4,0,18,795,0
TXN000585,1820,525.93,960,3,5,0,10,256,0
TXN000586,718,373.38,160,1,5,1,5,828,0
TXN000587,2783,4002.88,284,0,9,1,18,811,0
TXN000588,851,2009.34,565,1,8,0,4,684,0
TXN000589,1391,552.98,287,1,3,0,17,646,0
TXN000590,144,2148.66,8,0,4,0,8,953,0
TXN000591,885,808.98,72,1,2,1,22,792,0
TXN000592,396,1453.0,892,1,0,0,6,177,0
TXN000593,2996,1444.79,98,3,3,0,15,751,0
TXN000594,2939,1815.87,87,2,4,0,1,701,0
TXN000595,1493,1571.18,842,2,5,1,6,7,0
TXN000596,1168,1817.58,101,1,7,1,19,476,0
TXN000597,2617,4949.14,281,0,4,1,5,568,0
TXN000598,1063,2365.34,883,0,6,0,3,70,0
TXN000599,2157,731.95,289,1,2,0,19,64,0
TXN000600,1066,975.02,749,1,6,0,5,946,0
TXN000601,1210,4799.2,196,0,6,0,16,564,0
TXN000602,2983,1255.02,391,1,6,1,14,159,1
TXN000603,2446,700.07,609,1,7,0,6,102,0
TXN000604,634,514.21,450,1,4,0,15,76,0
TXN000605,1157,1521.79,368,3,3,0,0,243,0
TXN000606,1239,393.14,430,2,0,0,0,616,0
TXN000607,733,5124.33,96,0,4,0,18,950,0
TXN000608,235,315.64,261,2,4,2,3,753,0
TXN000609,2706,6461.92,512,1,3,0,2,338,0
TXN000610,751,778.78,121,2,4,0,6,373,0
TXN000611,2636,301.24,366,2,6,1,11,249,0
TXN000612,954,1376.1,785,2,6,0,12,977,0
TXN000613,2540,349.45,332,1,4,1,12,707,0
TXN000614,2961,1142.81,52,2,2,1,11,898,0
TXN000615,1543,548.37,396,2,7,1,1,376,0
TXN000616,1198,3408.71,318,1,1,0,8,115,0
TXN000617,1677,1292.2,675,3,3,0,4,756,0
TXN000618,1192,263.43,702,4,5,1,1,242,0
TXN000619,2218,535.69,277,0,2,1,23,806,0
TXN000620,1417,2555.33,597,2,5,0,4,7,0
TXN000621,2994,5138.47,194,3,5,1,13,798,0
TXN000622,2843,1038.64,693,0,4,0,21,176,0
TXN000623,2682,313.16,21,1,5,0,16,976,0
TXN000624,1218,3884.87,399,5,9,1,9,897,0
TXN000625,1541,2541.92,715,1,3,3,1,818,0
TXN000626,2077,5259.8,202,1,12,0,18,688,0
TXN000627,1446,1553.48,466,0,5,1,20,194,0
TXN000628,2387,587.15,151,1,0,0,19,725,0
TXN000629,1520,2039.1,896,0,1,0,11,915,0
TXN000630,1389,1622.29,159,3,4,0,4,982,0
TXN000631,1857,550.13,310,2,8,0,21,538,0
TXN000632,1366,1391.82,951,1,9,0,9,999,0
TXN000633,500,867.81,504,2,2,0,23,724,0
TXN000634,1681,2676.45,26,0,7,0,10,374,0
TXN000635,511,1979.12,821,2,7,1,9,468,0
TXN000636,217,310.47,66,3,5,1,8,873,0
TXN000637,1325,275.09,935,1,10,0,9,983,0
TXN000638,1156,984.59,263,1,7,0,4,775,0
TXN000639,1828,1140.68,472,1,6,0,9,443,0
TXN000640,1811,2733.05,167,0,5,0,9,607,0
TXN000641,2493,2030.35,800,3,7,2,3,795,0
TXN000642,2924,6313.36,154,3,6,0,13,139,0
TXN000643,1206,626.01,343,2,7,1,19,449,0
TXN000644,2215,584.56,718,1,5,1,7,973,0
TXN000645,91,346.62,413,2,8,1,14,100,0
TXN000646,714,2695.36,665,8,7,0,6,166,0
TXN000647,1882,1125.64,184,2,10,1,16,768,0
TXN000648,39,118.59,671,1,7,2,10,315,0
TXN000649,173,1397.72,194,3,4,1,19,954,0
TXN000650,653,1508.94,2,4,3,0,10,459,0
TXN000651,754,922.22,215,1,4,1,6,776,0
TXN000652,1244,1565.54,687,0,5,1,12,825,0
TXN000653,1082,253.59,587,0,7,1,6,895,0
TXN000654,1684,7857.61,797,2,3,1,14,563,0
TXN000655,2524,1730.75,639,1,10,0,13,220,0
TXN000656,456,130.52,483,0,6,0,18,468,0
TXN000657,829,1088.9,561,1,7,1,18,109,0
TXN000658,895,1786.59,969,4,5,2,2,641,0
TXN000659,1385,288.44,32,3,8,1,15,360,0
TXN000660,1959,2080.49,670,1,7,1,17,321,0
TXN000661,2435,8242.93,15,3,10,1,12,732,0
TXN000662,1997,506.11,318,0,8,0,8,469,0
TXN000663,2396,1833.76,846,2,7,0,12,523,0
TXN000664,190,1408.55,243,2,5,4,8,315,0
TXN000665,505,3505.01,17,3,5,1,8,460,0
TXN000666,1215,962.36,534,0,8,1,6,719,0
TXN000667,1532,304.89,756,2,4,0,16,606,0
TXN000668,824,3245.48,926,1,4,1,19,505,0
TXN000669,929,327.43,81,1,3,1,22,469,0
TXN000670,934,9610.71,656,0,4,0,5,167,0
TXN000671,1141,2149.36,436,0,5,1,7,535,0
TXN000672,134,534.5,8,4,5,1,6,815,0
TXN000673,2106,4148.0,960,1,3,0,2,805,0
TXN000674,685,1084.61,679,2,7,1,0,429,0
TXN000675,2720,840.77,287,3,4,0,11,483,0
TXN000676,2221,484.42,780,2,2,0,23,334,0
TXN000677,1853,115.14,801,3,2,0,22,877,0
TXN000678,815,2264.87,186,0,4,1,2,154,0
TXN000679,1173,155.44,524,3,2,0,3,697,0
TXN000680,80,423.29,793,2,7,1,12,467,0
TXN000681,2934,1843.49,422,2,7,0,16,775,0
TXN000682,203,601.36,816,3,5,1,7,608,0
TXN000683,2812,1324.22,466,0,3,0,21,524,0
TXN000684,1253,255.59,83,0,9,1,11,798,0
TXN000685,1700,721.87,567,0,6,1,20,744,0
TXN000686,1251,1334.17,643,0,7,0,13,204,0
TXN000687,1683,350.1,637,1,6,1,5,45,0
TXN000688,1556,8296.89,483,1,5,0,0,13,0
TXN000689,2095,510.35,325,2,7,0,14,742,0
TXN000690,1257,5733.61,419,0,4,2,2,695,0
TXN000691,1550,896.62,51,1,3,2,0,89,0
TXN000692,1167,166.97,27,2,8,1,20,18,0
TXN000693,1397,280.26,677,1,9,1,22,572,0
TXN000694,2704,1354.65,981,1,1,0,9,896,0
TXN000695,471,3787.01,912,1,2,1,13,919,0
TXN000696,1036,9170.37,988,2,2,2,9,643,0
TXN000697,1354,1279.04,793,0,2,1,0,635,0
TXN000698,2784,267.02,545,2,2,0,23,403,0
TXN000699,2832,1531.77,62,2,2,0,7,49,0
TXN000700,968,407.38,657,1,3,1,10,602,0
TXN000701,358,1755.71,171,2,7,1,5,44,0
TXN000702,668,354.33,286,3,4,1,17,500,0
TXN000703,373,89.35,809,2,2,0,4,997,0
TXN000704,1032,5325.31,117,0,2,0,7,282,0
TXN000705,1146,835.73,4,1,2,1,14,410,0
TXN000706,1372,1163.97,66,0,4,0,4,764,0
TXN000707,2724,3626.57,60,0,7,0,21,499,0
TXN000708,90,10452.7,905,3,0,0,1,511,0
TXN000709,2746,2602.16,502,2,4,0,2,781,0
TXN000710,540,1240.91,799,3,2,1,1,85,0
TXN000711,2780,1911.13,857,3,5,0,22,983,0
TXN000712,869,769.9,229,0,5,1,20,45,0
TXN000713,41,1145.2,100,2,5,0,4,886,0
TXN000714,740,1304.84,119,1,9,0,17,209,0
TXN000715,1947,426.69,69,3,6,0,1,682,0
TXN000716,2550,1124.85,664,2,4,0,3,523,0
TXN000717,1225,1703.64,792,1,6,3,13,81,0
TXN000718,929,2039.42,221,1,5,1,5,720,0
TXN000719,2037,1853.42,941,2,4,2,18,503,0
TXN000720,2509,219.9,223,1,6,0,14,37,0
TXN000721,2780,4793.95,677,2,4,0,18,113,0
TXN000722,2800,4339.6,954,0,6,2,16,979,0
TXN000723,925,977.13,504,2,8,1,0,404,0
TXN000724,2957,1894.31,211,1,8,0,0,486,0
TXN000725,1582,845.68,791,2,5,0,9,781,0
TXN000726,390,2703.63,931,0,3,0,6,910,0
TXN000727,1618,412.76,575,1,4,0,21,14,0
TXN000728,2931,5491.48,886,0,1,2,9,502,0
TXN000729,256,2546.94,882,2,3,0,21,842,0
TXN000730,709,2618.93,262,2,5,0,20,60,0
TXN000731,1839,966.75,518,3,1,1,7,320,0
TXN000732,1945,201.31,248,0,4,0,8,74,0
TXN000733,2498,3167.58,741,0,4,0,17,360,0
TXN000734,10,209.46,798,0,5,0,3,414,0
TXN000735,2872,3213.66,257,1,9,1,17,4,0
TXN000736,798,434.17,63,0,6,0,4,381,0
TXN000737,877,163.29,392,3,8,2,13,686,0
TXN000738,1029,1097.95,540,4,6,1,22,819,0
TXN000739,1016,4534.0,857,2,9,0,21,273,0
TXN000740,1825,344.22,417,1,4,0,13,106,1
TXN000741,374,7471.43,53,1,8,1,15,910,0
TXN000742,2194,2411.7,764,1,5,0,11,278,0
TXN000743,224,1323.6,38,2,2,2,4,754,0
TXN000744,1263,650.18,308,1,5,1,19,523,0
TXN000745,2225,706.92,846,1,11,0,17,326,0
TXN000746,1803,1837.57,651,1,8,2,1,419,0
TXN000747,853,3026.76,898,1,8,1,16,874,0
TXN000748,63,537.97,53,1,6,1,21,985,0
TXN000749,1241,416.62,606,4,3,1,13,475,0
TXN000750,2875,848.45,606,0,1,0,7,325,0
TXN000751,2843,5839.23,452,1,6,0,15,165,0
TXN000752,689,254.61,461,1,6,1,20,313,0
TXN000753,1485,4319.84,775,2,7,0,13,760,0
TXN000754,1634,1153.71,486,1,4,0,11,470,0
TXN000755,2153,150.91,835,0,8,1,1,176,0
TXN000756,511,630.2,137,2,9,0,6,630,0
TXN000757,385,2279.25,974,2,5,1,18,25,0
TXN000758,405,9529.78,372,1,5,1,21,656,0
TXN000759,2871,223.0,959,2,8,1,17,706,0
TXN000760,518,37.23,256,2,2,0,21,66,0
TXN000761,476,227.82,395,1,5,1,23,766,0
TXN000762,2001,4257.76,37,1,5,0,7,475,0
TXN000763,2757,127.42,654,1,3,0,2,330,0
TXN000764,1669,6612.42,147,1,5,1,2,178,0
TXN000765,1894,4711.54,8,1,4,0,10,371,0
TXN000766,2819,1379.18,251,1,7,1,3,127,0
TXN000767,1461,517.16,647,1,4,0,5,874,0
TXN000768,2725,1171.82,571,1,5,1,9,373,0
TXN000769,714,2283.14,635,1,2,0,22,817,0
TXN000770,83,1901.07,447,0,3,1,17,871,0
TXN000771,1169,8844.86,263,1,5,1,16,279,1
TXN000772,2505,802.62,632,2,7,1,9,271,0
TXN000773,1902,230.21,439,4,6,0,3,173,0
TXN000774,2049,186.28,259,3,6,1,14,812,0
TXN000775,51,146.53,323,2,4,0,15,550,0
TXN000776,685,1387.88,530,4,8,0,5,126,0
TXN000777,717,827.79,301,2,3,1,22,589,0
TXN000778,1470,1140.46,865,3,6,0,14,750,0
TXN000779,449,575.67,485,0,4,0,5,628,0
TXN000780,881,289.4,92,0,5,0,6,709,0
TXN000781,488,2292.05,164,1,3,1,14,258,0
TXN000782,1824,57.07,656,1,7,0,23,164,0
TXN000783,2082,419.09,335,0,7,2,2,219,0
TXN000784,2143,2818.02,925,1,10,1,20,27,0
TXN000785,1575,372.04,315,3,9,0,23,325,0
TXN000786,2202,1754.63,914,1,4,1,15,645,0
TXN000787,250,419.76,945,3,4,0,13,519,0
TXN000788,674,634.59,238,1,10,0,20,77,0
TXN000789,438,2186.17,686,4,6,2,8,529,0
TXN000790,2166,236.65,83,2,4,1,23,41,0
TXN000791,771,2682.04,669,3,8,0,8,162,0
TXN000792,268,1158.76,966,0,4,1,15,877,0
TXN000793,1985,4952.89,109,2,9,1,10,417,0
TXN000794,1078,1407.8,178,3,2,1,11,295,0
TXN000795,236,303.87,250,3,7,0,18,200,0
TXN000796,389,8721.91,765,2,2,0,23,614,0
TXN000797,763,335.92,567,2,8,2,11,946,0
TXN000798,1849,834.98,667,1,8,1,8,699,0
TXN000799,2449,3459.54,903,0,2,0,19,112,0
TXN000800,624,114.9,91,0,5,0,2,708,0
TXN000801,2815,6170.92,339,2,6,2,2,232,0
TXN000802,2967,275.6,638,2,4,1,1,362,0
TXN000803,1253,635.24,849,2,5,1,16,172,0
TXN000804,2901,1550.96,169,2,4,0,4,836,0
TXN000805,578,1043.1,139,3,1,0,15,831,0
TXN000806,2123,2827.11,517,1,2,0,14,500,0
TXN000807,435,160.62,578,3,3,2,17,705,0
TXN000808,2151,2625.28,623,2,6,3,22,754,0
TXN000809,764,2889.07,184,0,4,0,8,122,0
TXN000810,2786,3770.91,780,1,6,1,5,451,0
TXN000811,2854,162.78,170,1,10,0,6,794,0
TXN000812,1330,188.16,362,2,6,0,14,614,0
TXN000813,2146,727.16,244,2,7,0,0,341,0
TXN000814,2846,214.22,843,1,7,0,21,643,1
TXN000815,1359,125.87,138,0,10,1,0,307,0
TXN000816,2907,690.52,28,0,6,0,3,283,0
TXN000817,2483,1452.31,519,2,6,0,16,91,0
TXN000818,447,31532.54,398,2,7,1,20,899,0
TXN000819,2018,2118.39,333,3,5,2,4,974,0
TXN000820,1332,8979.72,965,1,10,0,14,798,0
TXN000821,249,1040.04,317,1,5,2,17,72,0
TXN000822,166,2146.25,563,1,6,0,23,186,0
TXN000823,1359,920.24,426,0,2,1,12,841,0
TXN000824,1020,27439.75,136,0,7,1,19,90,0
TXN000825,542,481.69,690,0,5,1,1,593,0
TXN000826,759,566.81,641,0,6,1,3,465,0
TXN000827,2129,2852.21,709,2,3,2,20,261,0
TXN000828,2181,1406.65,267,4,5,0,14,363,0
TXN000829,797,659.19,107,4,5,1,17,341,0
TXN000830,2948,3471.88,560,1,12,1,20,227,0
TXN000831,138,1043.8,138,3,8,0,16,185,0
TXN000832,2232,1035.01,911,1,5,0,21,105,0
TXN000833,1354,1446.21,615,3,1,0,6,503,0
TXN000834,2833,136.87,47,2,4,0,17,216,0
TXN000835,1876,162.08,989,2,6,0,5,231,0
TXN000836,69,4041.11,665,3,5,0,12,594,0
TXN000837,2594,486.7,368,0,7,0,15,16,0
TXN000838,2101,934.92,6,2,2,0,21,660,0
TXN000839,1474,7592.58,523,1,8,0,13,627,0
TXN000840,205,986.89,529,0,6,2,5,591,0
TXN000841,2174,852.26,655,0,3,0,14,32,0
TXN000842,43,3214.07,272,1,3,0,9,740,0
TXN000843,1907,534.9,824,1,5,0,9,735,0
TXN000844,2159,4644.85,66,1,4,0,2,312,0
TXN000845,761,3135.89,420,2,5,1,8,505,0
TXN000846,2896,9861.56,339,3,3,1,14,91,0
TXN000847,2143,478.95,934,2,5,0,17,903,0
TXN000848,1995,5655.42,498,0,3,1,21,521,0
TXN000849,1936,2132.2,469,1,6,0,7,738,0
TXN000850,900,223.53,331,1,4,1,20,945,0
TXN000851,360,48.65,768,4,2,0,7,212,0
TXN000852,2948,420.89,639,0,4,0,2,592,0
TXN000853,1720,1557.47,131,2,7,3,21,708,0
TXN000854,281,1853.47,994,4,9,1,9,176,0
TXN000855,1888,1021.58,530,4,7,2,7,362,0
TXN000856,667,1032.61,719,2,9,0,6,666,0
TXN000857,93,942.76,601,1,2,0,5,233,0
TXN000858,672,3779.93,438,2,8,0,22,961,0
TXN000859,1970,195.67,243,0,5,1,6,180,0
TXN000860,61,1513.15,463,1,7,2,18,690,0
TXN000861,2682,408.58,350,2,3,0,13,628,0
TXN000862,1029,369.5,17,1,3,1,17,414,0
TXN000863,1490,4498.4,466,1,11,1,0,535,0
TXN000864,604,337.0,735,0,5,0,14,898,0
TXN000865,682,927.58,882,0,4,0,19,31,0
TXN000866,2582,11501.1,363,3,7,0,7,317,0
TXN000867,1429,2997.98,210,2,8,2,11,461,0
TXN000868,2886,635.26,611,2,1,1,0,237,0
TXN000869,2693,701.45,525,1,5,1,9,358,0
TXN000870,2281,251.48,831,2,4,1,16,626,0
TXN000871,524,5222.72,782,4,4,1,19,691,0
TXN000872,2394,3690.89,699,0,2,1,3,357,0
TXN000873,2594,2499.69,420,4,7,0,1,190,0
TXN000874,1969,2853.21,786,1,9,0,0,228,0
TXN000875,1102,432.93,133,1,13,0,13,13,0
TXN000876,1754,171.14,14,1,6,2,21,276,0
TXN000877,1837,2148.76,793,0,7,0,16,777,0
TXN000878,2842,3185.2,44,3,4,0,14,614,0
TXN000879,2297,7543.61,377,0,4,0,7,146,0
TXN000880,2095,861.72,295,3,5,1,20,943,1
TXN000881,1145,723.35,396,1,2,1,8,633,0
TXN000882,2262,822.94,104,2,4,1,12,552,0
TXN000883,2287,2452.57,445,2,2,0,15,832,0
TXN000884,1080,781.72,62,0,6,0,23,665,0
TXN000885,2398,1030.0,565,1,8,0,22,271,0
TXN000886,107,2972.81,821,1,4,2,0,53,0
TXN000887,2879,517.49,412,1,3,0,4,423,0
TXN000888,48,5821.92,931,2,1,1,17,396,0
TXN000889,337,2344.22,630,1,6,0,4,630,0
TXN000890,1050,118.02,321,0,7,2,22,878,0
TXN000891,2852,590.86,131,3,7,2,11,885,0
TXN000892,1281,96.62,811,1,1,0,9,718,0
TXN000893,2056,866.09,818,2,5,2,17,967,0
TXN000894,625,603.07,199,3,5,0,14,472,0
TXN000895,1891,2986.41,905,0,3,1,12,114,0
TXN000896,1277,380.99,36,1,0,3,22,820,0
TXN000897,1716,1746.35,791,3,3,1,1,711,0
TXN000898,2767,2170.29,216,2,4,0,22,686,1
TXN000899,303,1493.14,586,1,9,0,23,167,0
TXN000900,639,4307.65,306,1,4,0,19,223,0
TXN000901,56,13120.7,567,2,2,1,22,427,0
TXN000902,726,1254.3,893,2,4,3,15,956,0
TXN000903,526,1783.29,12,5,7,1,7,229,0
TXN000904,474,381.33,83,2,10,1,8,673,0
TXN000905,28,322.65,32,6,5,0,15,454,0
TXN000906,2126,3791.8,408,0,8,1,11,801,0
TXN000907,365,3235.15,86,0,1,1,13,870,0
TXN000908,2714,318.77,963,0,4,1,7,187,0
TXN000909,526,228.18,744,2,7,1,5,755,0
TXN000910,2747,503.47,411,3,5,1,0,278,1
TXN000911,1336,925.51,957,1,7,0,13,850,0
TXN000912,883,671.19,787,2,3,0,22,139,0
TXN000913,1031,1329.58,713,2,3,0,6,946,0
TXN000914,1027,3296.03,563,1,4,1,14,398,0
TXN000915,1647,1909.36,832,2,6,0,0,602,0
TXN000916,919,2086.71,256,3,6,3,6,458,0
TXN000917,2798,57.87,241,1,6,0,20,614,0
TXN000918,2411,158.11,717,2,8,0,10,992,0
TXN000919,1775,421.68,898,1,5,0,17,908,0
TXN000920,1532,514.05,932,1,5,1,10,736,0
TXN000921,2854,3004.28,989,1,6,1,20,807,0
TXN000922,2787,381.96,896,3,5,0,18,740,0
TXN000923,1907,2441.37,907,2,5,0,12,353,0
TXN000924,1216,427.47,994,3,4,0,18,333,0
TXN000925,1655,259.55,708,1,5,0,11,628,0
TXN000926,485,274.42,452,3,7,1,1,300,0
TXN000927,2076,16480.28,756,1,3,1,5,181,0
TXN000928,714,416.2,832,2,7,0,6,287,0
TXN000929,1063,2512.88,1,1,8,0,13,719,0
TXN000930,1977,169.04,601,0,4,1,15,849,0
TXN000931,1297,6019.23,282,3,5,2,19,631,0
TXN000932,1255,1667.11,651,2,7,0,6,890,0
TXN000933,2134,1523.51,599,2,2,0,14,24,0
TXN000934,126,1801.89,514,0,5,1,23,621,0
TXN000935,2860,2056.58,979,3,3,0,20,526,0
TXN000936,537,2895.41,861,0,7,0,0,334,0
TXN000937,2193,534.37,680,1,4,0,19,473,0
TXN000938,2073,498.15,119,2,1,2,11,512,0
TXN000939,1604,1163.36,900,2,9,1,15,164,0
TXN000940,67,2493.18,505,1,6,0,5,426,0
TXN000941,233,1012.33,80,2,1,2,7,522,0
TXN000942,2157,2775.77,623,3,3,0,6,911,0
TXN000943,1170,2301.7,677,0,2,0,3,647,0
TXN000944,2159,845.24,894,3,3,1,4,529,0
TXN000945,2276,134.74,957,0,10,0,1,847,0
TXN000946,111,599.3,219,3,3,1,17,452,0
TXN000947,1494,8878.22,517,1,1,1,23,48,0
TXN000948,2082,1649.24,911,2,0,0,3,165,0
TXN000949,623,509.05,727,0,4,0,5,138,0
TXN000950,2796,1481.46,707,1,5,3,23,979,0
TXN000951,2643,2470.0,466,3,4,1,11,562,0
TXN000952,2473,509.34,794,2,2,0,16,552,0
TXN000953,2661,4829.32,518,3,4,0,18,979,0
TXN000954,1542,1987.91,891,4,4,0,21,586,0
TXN000955,2740,292.98,812,2,4,1,18,712,0
TXN000956,1306,3064.5,502,2,3,1,21,32,0
TXN000957,1762,670.8,58,4,4,1,23,982,0
TXN000958,1976,884.52,337,0,4,1,15,807,0
TXN000959,2363,324.03,510,0,9,0,20,457,0
TXN000960,877,2339.6,814,3,5,1,10,894,0
TXN000961,1990,917.23,614,1,5,1,3,120,0
TXN000962,1313,2461.46,426,3,4,1,18,967,0
TXN000963,1461,566.13,560,2,6,1,18,804,0
TXN000964,2710,493.5,370,1,3,1,3,717,0
TXN000965,2325,447.77,411,1,6,5,14,149,0
TXN000966,1734,1763.82,788,1,5,1,5,728,0
TXN000967,1606,484.72,966,1,3,1,20,462,0
TXN000968,1527,859.43,883,4,6,0,0,665,0
TXN000969,2672,588.68,675,1,9,0,3,620,0
TXN000970,2564,1859.57,844,7,3,1,15,141,0
TXN000971,2891,136.68,432,4,6,1,19,193,0
TXN000972,2398,1475.04,963,0,9,2,0,938,0
TXN000973,1631,8757.03,196,1,1,0,16,694,0
TXN000974,2871,4833.04,377,1,5,2,3,721,0
TXN000975,1161,523.23,948,1,9,1,3,835,0
TXN000976,759,1985.29,365,0,9,0,3,26,0
TXN000977,2947,1572.9,836,2,6,0,19,334,0
TXN000978,243,6394.99,644,4,5,1,17,900,0
TXN000979,2591,53.94,935,1,3,1,6,908,0
TXN000980,1064,4169.04,405,1,7,2,3,74,0
TXN000981,229,795.51,492,0,11,0,12,999,0
TXN000982,2596,449.5,66,2,5,0,12,489,0
TXN000983,920,434.34,912,2,5,1,18,267,0
TXN000984,1247,230.47,391,1,11,1,19,516,0
TXN000985,6,524.82,83,0,7,1,18,373,0
TXN000986,468,300.16,481,1,7,1,8,895,0
TXN000987,1756,1361.39,777,0,2,0,20,893,0
TXN000988,75,2225.92,229,4,4,1,15,180,0
TXN000989,4,806.02,785,1,9,2,5,207,0
TXN000990,1871,6632.04,731,2,2,2,1,492,0
TXN000991,646,567.87,225,2,5,1,19,836,0
TXN000992,118,757.0,113,1,7,0,22,185,0
TXN000993,2929,621.71,652,1,4,1,8,688,0
TXN000994,1630,2249.23,185,1,2,3,10,763,0
TXN000995,2552,2538.91,512,3,7,2,23,401,0
TXN000996,2022,1987.12,173,4,1,1,23,35,0
TXN000997,947,944.89,888,0,5,2,11,349,0
TXN000998,2622,219.48,523,0,5,0,2,678,0
TXN000999,1465,747.45,909,5,4,1,23,625,0
TXN001000,194,6462.48,671,0,5,0,8,707,0
TXN001001,847,3699.25,205,4,6,0,21,652,0
TXN001002,2763,1560.65,742,0,8,1,21,955,0
TXN001003,1416,691.36,538,3,4,2,23,934,1
TXN001004,1459,1078.86,319,0,6,1,23,395,0
TXN001005,2221,695.06,159,2,5,0,8,740,0
TXN001006,1669,4590.12,278,4,3,0,22,558,0
TXN001007,2374,400.71,902,1,4,0,22,322,0
TXN001008,1434,3322.27,148,1,6,0,19,559,0
TXN001009,1142,581.12,981,0,9,0,3,418,0
TXN001010,2884,5351.39,778,2,8,0,19,571,0
TXN001011,1811,1830.11,83,0,4,3,14,581,0
TXN001012,724,446.19,419,1,0,3,6,222,0
TXN001013,225,756.59,538,2,4,1,19,787,0
TXN001014,532,2575.94,583,1,7,1,8,877,0
TXN001015,113,602.46,549,1,2,2,15,20,0
TXN001016,2188,1126.15,392,1,4,1,10,770,0
TXN001017,559,592.57,133,3,4,0,1,828,0
TXN001018,2049,9053.81,940,1,1,0,23,287,0
TXN001019,2138,11128.74,996,0,3,0,1,562,0
TXN001020,654,6347.07,638,1,3,0,8,294,0
TXN001021,320,944.59,627,1,1,1,11,754,0
TXN001022,1574,676.34,604,0,2,0,21,913,0
TXN001023,1829,430.52,242,0,12,1,4,352,0
TXN001024,1918,6924.81,451,2,7,4,19,537,0
TXN001025,139,3350.51,999,1,6,0,15,961,0
TXN001026,2893,3549.33,200,1,6,0,6,400,0
TXN001027,2027,812.48,719,2,4,0,10,468,0
TXN001028,2307,133.02,117,3,7,0,7,3,0
TXN001029,902,175.29,219,1,4,0,18,113,0
TXN001030,690,1175.16,305,2,8,2,19,77,0
TXN001031,2040,585.69,243,0,5,1,13,303,0
TXN001032,10,510.18,292,0,7,0,16,436,0
TXN001033,261,1659.34,976,2,4,0,17,918,0
TXN001034,1943,3701.12,794,0,6,1,16,924,0
TXN001035,1674,472.73,301,1,4,0,11,761,0
TXN001036,2220,228.9,829,2,5,0,15,287,0
TXN001037,2946,486.4,684,0,1,1,1,135,0
TXN001038,2061,313.33,388,2,4,0,14,674,0
TXN001039,1192,2233.67,588,1,8,2,23,873,0
TXN001040,1620,1091.24,209,2,1,0,2,30,0
TXN001041,321,10473.33,314,1,4,0,5,665,0
TXN001042,1343,2648.16,617,0,7,0,7,579,0
TXN001043,1637,9668.49,26,2,8,2,10,995,0
TXN001044,2377,203.44,863,1,7,0,15,450,0
TXN001045,2833,22.12,79,1,8,3,15,859,0
TXN001046,2825,1467.9,994,1,6,0,19,963,0
TXN001047,1995,1271.39,128,1,3,0,15,604,0
TXN001048,2959,946.39,413,2,2,1,9,182,0
TXN001049,1944,1230.23,137,1,4,0,22,75,0
TXN001050,2039,284.62,334,2,5,1,0,57,0
TXN001051,1119,2155.58,548,0,1,0,19,197,0
TXN001052,1605,2652.96,388,5,4,0,18,785,0
TXN001053,2366,259.9,571,0,3,2,8,27,0
TXN001054,236,717.4,230,3,5,2,0,585,0
TXN001055,1970,772.6,421,3,6,1,16,953,0
TXN001056,334,490.3,124,2,1,0,3,609,0
TXN001057,1909,272.23,88,4,4,3,4,67,0
TXN001058,376,1113.21,849,4,4,2,7,540,0
TXN001059,1161,1499.62,141,2,5,1,19,148,0
TXN001060,2636,527.31,916,1,9,0,6,31,0
TXN001061,1571,296.21,785,4,2,1,6,431,0
TXN001062,2561,1794.84,51,0,4,1,6,621,0
TXN001063,1320,436.69,987,2,7,0,5,733,0
TXN001064,2966,756.69,567,1,6,0,10,291,0
TXN001065,1856,649.83,929,1,3,1,6,668,0
TXN001066,1373,4889.52,405,0,5,0,5,582,0
TXN001067,873,461.41,337,1,10,0,1,695,0
TXN001068,1253,8696.12,662,1,2,1,10,242,0
TXN001069,2318,2704.74,665,0,3,3,10,47,0
TXN001070,1852,9750.54,963,5,7,0,23,437,0
TXN001071,2846,2434.67,731,2,8,1,5,156,0
TXN001072,1315,841.13,731,3,4,1,13,676,0
TXN001073,725,364.73,366,4,8,0,18,484,0
TXN001074,2053,715.88,908,0,2,1,17,689,0
TXN001075,2899,6533.76,911,0,4,1,19,432,0
TXN001076,78,1035.33,998,1,3,0,23,181,0
TXN001077,2622,2423.83,980,0,3,0,1,235,0
TXN001078,132,1405.81,854,0,5,0,21,487,1
TXN001079,601,1479.7,258,1,3,2,7,971,0
TXN001080,1773,1549.66,388,0,4,1,14,280,0
TXN001081,1066,1987.06,45,1,9,0,22,43,0
TXN001082,2137,412.84,269,2,6,0,6,760,0
TXN001083,2450,788.49,311,1,4,1,0,103,1
TXN001084,2344,1589.5,672,3,4,0,1,793,0
TXN001085,1864,1334.33,278,0,6,0,10,372,0
TXN001086,1319,630.53,857,2,5,1,23,820,0
TXN001087,616,1807.9,475,2,2,2,22,247,0
TXN001088,2848,434.69,567,2,4,1,22,546,0
TXN001089,2470,252.75,145,0,1,2,19,233,0
TXN001090,1889,1562.41,966,1,6,0,21,261,0
TXN001091,1047,260.29,235,1,4,0,11,485,0
TXN001092,575,1534.79,691,4,7,2,22,301,0
TXN001093,2191,105.04,720,1,2,0,0,662,0
TXN001094,993,459.44,136,1,4,1,9,228,0
TXN001095,2713,740.19,445,4,2,0,20,1,0
TXN001096,2193,159.5,353,1,4,1,8,912,0
TXN001097,1249,701.2,394,3,4,0,8,549,0
TXN001098,503,4546.09,994,1,2,0,13,295,0
TXN001099,1998,238.8,275,1,5,0,8,478,0
TXN001100,821,724.55,384,3,6,2,11,116,0
TXN001101,2152,8460.59,910,1,5,0,12,459,0
TXN001102,1971,306.67,323,1,3,0,9,76,0
TXN001103,198,5864.47,183,2,3,1,14,479,0
TXN001104,1670,784.62,573,3,3,2,3,531,0
TXN001105,2627,1239.29,440,3,3,0,6,344,0
TXN001106,2439,5165.61,63,0,6,0,1,409,0
TXN001107,1203,612.7,873,2,11,0,7,432,0
TXN001108,2602,2338.42,727,2,9,0,23,976,0
TXN001109,1472,3170.09,872,6,1,0,3,98,0
TXN001110,1647,502.21,651,0,4,2,13,688,0
TXN001111,1693,439.78,943,1,6,1,9,210,0
TXN001112,1313,833.54,646,0,5,0,19,29,0
TXN001113,2036,865.43,34,4,4,0,4,518,0
TXN001114,478,300.44,705,0,3,0,23,272,0
TXN001115,1255,507.8,867,1,4,0,21,502,0
TXN001116,923,17.11,985,1,4,0,21,75,1
TXN001117,420,734.27,832,1,4,0,18,671,0
TXN001118,2205,3207.58,477,3,6,0,4,895,0
TXN001119,2598,148.41,87,4,4,0,13,267,0
TXN001120,1121,629.06,210,1,3,1,9,229,0
TXN001121,951,20553.76,462,0,3,1,15,945,0
TXN001122,2337,1067.34,81,1,3,1,2,714,0
TXN001123,1278,5586.75,322,5,7,4,0,630,0
TXN001124,2244,325.61,415,3,7,2,7,578,0
TXN001125,2646,1879.16,851,1,6,0,10,309,0
TXN001126,1858,265.43,992,3,6,1,7,601,0
TXN001127,517,1774.51,190,1,1,0,8,362,0
TXN001128,1659,3013.02,950,1,4,1,23,846,0
TXN001129,1866,2266.45,860,2,6,2,6,382,0
TXN001130,2913,724.93,233,3,5,1,8,235,0
TXN001131,1142,1525.26,392,0,5,1,4,898,0
TXN001132,2854,1542.86,938,0,4,3,3,245,0
TXN001133,1933,2438.62,169,0,3,0,15,754,0
TXN001134,815,945.28,443,3,2,0,4,221,0
TXN001135,2276,3352.18,763,2,2,0,1,764,0
TXN001136,1901,6133.53,168,0,9,0,4,79,0
TXN001137,2264,748.87,231,1,8,1,16,950,0
TXN001138,2996,1159.48,150,6,6,0,16,350,0
TXN001139,2063,370.27,664,1,5,0,22,745,0
TXN001140,2095,1649.63,550,2,4,0,20,610,0
TXN001141,2372,1662.31,386,0,5,0,11,268,0
TXN001142,2892,1175.66,381,3,6,0,9,221,1
TXN001143,130,1287.01,809,1,4,0,13,6,0
TXN001144,95,11005.95,275,2,6,0,12,346,0
TXN001145,2675,34.33,617,4,8,0,22,834,0
TXN001146,2803,604.26,898,0,3,0,9,68,0
TXN001147,1956,725.99,860,1,6,0,16,146,0
TXN001148,794,6299.94,864,1,3,1,3,127,0
TXN001149,1835,1939.81,62,1,8,0,12,276,0
TXN001150,2117,1997.44,467,0,6,1,18,575,0
TXN001151,1684,4973.24,528,1,5,1,14,588,0
TXN001152,11,883.64,862,1,5,1,5,9,0
TXN001153,1866,2398.96,150,1,3,3,0,240,0
TXN001154,2920,580.03,142,0,11,0,0,425,0
TXN001155,2598,309.83,116,0,5,2,2,925,0
TXN001156,712,9442.73,824,2,3,1,7,595,0
TXN001157,2071,1707.59,65,0,7,0,17,184,0
TXN001158,815,2377.0,429,2,13,2,10,289,0
TXN001159,346,300.0,310,1,6,1,10,774,0
TXN001160,2350,2023.17,706,0,7,1,19,41,0
TXN001161,363,9263.89,854,1,6,1,13,180,0
TXN001162,2444,786.08,430,3,4,0,15,888,0
TXN001163,2266,242.99,161,2,4,2,18,524,0
TXN001164,2189,1367.54,975,2,5,0,20,124,0
TXN001165,985,316.37,306,1,3,1,18,288,0
TXN001166,1640,169.13,361,1,5,1,15,447,0
TXN001167,828,454.08,278,1,5,0,15,683,0
TXN001168,2731,607.21,296,1,9,0,7,913,0
TXN001169,356,335.39,551,1,2,2,0,146,0
TXN001170,1348,5387.09,873,4,5,0,12,40,0
TXN001171,2936,10588.59,169,1,3,0,15,281,0
TXN001172,1864,2302.4,459,0,7,0,3,837,0
TXN001173,127,1738.95,580,0,11,0,6,102,0
TXN001174,604,924.77,7,0,5,1,21,483,0
TXN001175,1929,374.05,597,2,3,1,7,349,0
TXN001176,1014,7506.26,711,3,3,1,10,344,0
TXN001177,51,1016.96,132,0,3,1,6,228,0
TXN001178,2827,629.48,588,0,2,1,15,998,0
TXN001179,1431,3706.0,762,1,8,1,1,327,0
TXN001180,1793,1003.95,347,3,3,1,3,954,0
TXN001181,2862,3543.08,955,1,1,0,4,427,0
TXN001182,1637,670.69,721,2,2,1,12,678,0
TXN001183,1646,3718.83,596,1,5,0,5,987,0
TXN001184,2468,3553.61,735,0,4,0,16,518,0
TXN001185,1206,5376.51,253,2,5,1,18,438,0
TXN001186,2873,468.1,410,3,4,2,7,546,0
TXN001187,1855,992.62,543,1,2,0,8,670,0
TXN001188,567,11353.99,355,0,8,0,16,669,0
TXN001189,2419,815.91,713,2,8,1,1,409,0
TXN001190,936,2902.22,965,2,6,0,2,541,0
TXN001191,1935,17131.57,564,1,2,0,9,719,0
TXN001192,2709,119.24,368,4,8,0,1,567,0
TXN001193,1333,784.1,584,1,5,1,3,802,0
TXN001194,202,1099.1,511,0,4,1,2,177,0
TXN001195,2361,126.64,533,2,4,1,16,667,0
TXN001196,117,634.5,528,3,4,1,6,982,0
TXN001197,937,341.84,947,3,3,0,23,511,0
TXN001198,575,3069.35,528,2,3,0,17,514,0
TXN001199,2292,137.12,402,1,4,3,18,117,0
TXN001200,537,10584.94,175,2,7,0,6,282,0
TXN001201,1626,2509.6,824,1,4,1,22,779,0
TXN001202,2123,309.64,924,2,7,1,5,614,0
TXN001203,386,3758.23,850,1,5,1,4,696,0
TXN001204,475,2244.81,78,5,7,0,17,884,0
TXN001205,418,1046.79,440,2,5,2,21,302,0
TXN001206,2395,461.39,752,2,6,0,12,752,0
TXN001207,2688,2115.82,549,2,6,0,10,195,0
TXN001208,939,1270.93,232,1,4,1,20,800,0
TXN001209,955,479.58,400,1,2,4,14,43,0
TXN001210,876,218.79,213,3,3,0,5,404,0
TXN001211,763,395.16,193,0,11,0,11,298,0
TXN001212,1203,599.47,572,2,10,1,5,999,0
TXN001213,1206,4424.82,701,1,6,2,6,916,0
TXN001214,664,3080.7,267,2,6,0,10,200,0
TXN001215,25,639.01,126,1,4,3,7,435,0
TXN001216,1991,669.52,715,0,5,0,8,151,0
TXN001217,1204,3603.36,834,0,10,0,7,918,0
TXN001218,710,1511.44,382,2,8,0,19,606,0
TXN001219,1880,1486.38,544,2,4,1,22,369,0
TXN001220,1185,471.51,502,0,5,1,11,601,0
TXN001221,2225,945.67,403,0,6,1,4,149,0
TXN001222,285,1102.26,824,1,4,1,17,165,0
TXN001223,63,982.96,261,3,7,1,18,643,0
TXN001224,1003,2646.2,387,2,6,0,22,88,0
TXN001225,662,2747.44,412,1,5,0,1,534,0
TXN001226,2714,364.04,346,3,2,1,11,298,0
TXN001227,2204,601.69,983,0,7,0,8,404,0
TXN001228,1493,480.66,94,1,6,3,18,186,1
TXN001229,967,5803.58,328,2,8,0,11,450,0
TXN001230,849,16386.1,100,2,2,0,1,516,0
TXN001231,1108,628.7,797,1,6,0,18,785,0
TXN001232,689,897.39,461,2,7,0,2,497,0
TXN001233,148,3013.26,315,1,7,1,7,494,0
TXN001234,342,469.35,25,1,3,0,5,796,0
TXN001235,2524,3096.07,918,2,6,2,15,232,0
TXN001236,1087,1069.51,494,0,5,1,23,980,0
TXN001237,1725,135.3,353,0,2,1,19,766,0
TXN001238,1384,230.32,869,0,4,0,18,175,0
TXN001239,2609,731.12,117,0,2,0,23,185,0
TXN001240,327,4757.79,199,1,2,2,0,240,0
TXN001241,1793,375.76,279,1,2,3,22,831,0
TXN001242,1760,577.71,582,1,6,1,13,774,0
TXN001243,990,1412.83,847,1,3,0,0,986,0
TXN001244,2263,148.04,79,2,3,0,10,585,0
TXN001245,2483,1569.11,424,1,3,0,4,828,0
TXN001246,952,172.0,354,2,12,1,13,607,0
TXN001247,723,2165.96,526,1,6,0,20,543,0
TXN001248,2080,415.49,541,5,5,2,5,506,0
TXN001249,2718,354.09,656,2,5,0,8,369,0
TXN001250,2333,1521.35,477,0,9,1,18,708,0
TXN001251,429,2843.49,855,3,5,2,13,604,0
TXN001252,1501,1722.47,10,2,7,0,16,23,0
TXN001253,286,1406.94,559,1,3,0,6,131,0
TXN001254,2066,1431.05,503,1,5,0,17,475,0
TXN001255,769,1735.04,260,1,7,1,13,890,0
TXN001256,2638,1877.4,524,1,5,0,1,358,0
TXN001257,1395,683.25,810,3,5,0,5,746,0
TXN001258,194,2405.24,738,3,4,0,19,260,0
TXN001259,2550,420.81,772,0,6,0,1,554,0
TXN001260,988,4062.98,596,3,5,1,17,340,0
TXN001261,1137,2804.36,860,2,4,1,2,836,0
TXN001262,2162,15019.15,860,0,6,0,6,190,0
TXN001263,1702,2031.68,6,1,9,3,17,127,0
TXN001264,947,3264.69,910,0,5,1,20,634,0
TXN001265,831,168.57,759,1,6,0,22,169,0
TXN001266,1921,3394.92,35,0,7,1,8,466,0
TXN001267,2973,4499.62,175,1,5,0,2,690,0
TXN001268,55,6671.94,442,1,5,0,19,494,0
TXN001269,800,1267.19,577,0,7,0,11,468,0
TXN001270,778,727.58,147,4,2,1,22,978,0
TXN001271,1482,296.66,569,2,14,0,17,287,0
TXN001272,1902,331.08,193,2,3,0,16,525,0
TXN001273,2210,1063.45,13,1,3,0,0,242,0
TXN001274,2135,134.06,904,5,7,0,4,646,0
TXN001275,55,436.22,530,2,5,1,22,148,0
TXN001276,1824,1221.0,246,0,3,0,22,298,0
TXN001277,1202,1188.73,675,2,6,0,5,528,0
TXN001278,833,342.66,855,1,10,0,4,771,0
TXN001279,313,249.48,114,1,3,0,4,932,0
TXN001280,2807,298.44,794,1,5,0,13,663,0
TXN001281,1859,841.32,233,3,4,1,17,759,0
TXN001282,2008,14125.78,678,2,4,0,5,675,0
TXN001283,2007,3914.36,980,1,5,3,22,347,0
TXN001284,2491,1418.04,322,1,1,0,6,601,0
TXN001285,1791,2131.69,538,3,6,3,15,794,0
TXN001286,328,3710.93,126,0,2,0,13,370,0
TXN001287,2809,2466.96,313,1,4,1,23,370,0
TXN001288,2627,757.59,511,1,13,0,11,355,0
TXN001289,1288,397.54,484,4,9,0,23,925,0
TXN001290,2144,943.57,281,0,4,2,16,166,0
TXN001291,1112,3659.53,798,0,1,0,12,606,0
TXN001292,1312,792.77,978,1,6,0,15,461,0
TXN001293,2862,291.31,903,1,8,1,23,742,0
TXN001294,2539,138.64,283,6,7,2,4,7,0
TXN001295,452,948.39,651,1,5,0,17,781,0
TXN001296,1524,320.29,613,0,7,0,8,39,0
TXN001297,165,649.49,392,1,6,0,16,385,0
TXN001298,182,6294.8,523,2,6,0,10,928,0
TXN001299,2517,1028.01,382,0,6,1,22,343,0
TXN001300,910,445.61,216,1,6,3,11,529,0
TXN001301,2783,1588.43,542,0,4,0,3,179,0
TXN001302,823,10994.45,606,2,7,0,18,980,0
TXN001303,944,948.77,116,0,8,0,4,416,0
TXN001304,2002,64.93,509,4,4,0,6,822,0
TXN001305,2055,2392.49,500,0,3,1,22,459,0
TXN001306,330,1661.9,271,1,1,0,10,340,0
TXN001307,775,1221.88,440,1,6,1,17,877,0
TXN001308,2199,843.02,291,1,2,0,11,156,0
TXN001309,147,416.24,39,0,3,3,5,351,0
TXN001310,915,6754.53,24,4,4,0,0,196,0
TXN001311,1572,120.79,776,1,9,3,7,86,0
TXN001312,1309,756.91,43,0,4,0,16,644,0
TXN001313,2748,735.97,170,0,5,0,19,678,0
TXN001314,82,3053.76,340,1,4,0,20,90,0
TXN001315,514,4830.92,169,1,2,0,3,771,0
TXN001316,1921,835.41,815,0,8,1,16,488,0
TXN001317,2863,1382.38,538,1,9,0,4,246,0
TXN001318,2757,1530.86,692,2,9,1,21,825,0
TXN001319,1940,3881.56,472,3,7,1,8,610,0
TXN001320,746,3786.8,662,1,4,2,20,533,0
TXN001321,1410,574.73,645,0,4,1,15,783,0
TXN001322,707,1854.71,143,1,9,0,12,474,0
TXN001323,471,1736.98,676,2,4,2,0,751,0
TXN001324,396,954.23,101,1,11,2,3,283,0
TXN001325,1556,1717.35,575,5,8,0,4,825,0
TXN001326,2309,1123.52,605,1,4,1,23,886,0
TXN001327,805,1325.4,719,2,5,0,23,614,0
TXN001328,934,215.46,475,0,5,2,19,476,0
TXN001329,1280,364.47,945,1,6,2,3,623,0
TXN001330,1758,2925.75,311,0,2,0,8,734,0
TXN001331,905,256.54,584,1,7,1,14,215,0
TXN001332,1077,1927.79,60,0,6,1,0,559,0
TXN001333,2988,994.55,953,2,2,1,4,493,0
TXN001334,1891,3777.38,29,2,5,1,2,39,0
TXN001335,1524,2388.83,531,0,3,3,20,805,0
TXN001336,2902,636.55,991,0,2,1,9,808,0
TXN001337,1388,838.91,73,4,7,1,15,550,0
TXN001338,1304,101.23,394,0,3,1,20,900,0
TXN001339,593,937.79,869,3,3,0,20,545,0
TXN001340,2762,238.85,394,2,0,0,0,593,0
TXN001341,2680,843.49,758,3,7,1,3,240,0
TXN001342,2107,510.04,481,0,6,1,14,614,0
TXN001343,128,383.0,473,3,6,0,0,853,0
TXN001344,736,4560.87,313,0,4,1,20,275,0
TXN001345,2769,237.12,438,4,5,0,11,460,0
TXN001346,2574,345.27,952,1,3,2,20,182,0
TXN001347,521,474.45,324,0,10,1,15,352,0
TXN001348,2600,615.64,965,0,2,0,4,248,0
TXN001349,237,382.94,87,1,2,0,8,421,0
TXN001350,1305,712.67,359,3,3,1,19,580,0
TXN001351,1782,1575.91,695,5,10,1,7,264,0
TXN001352,1302,2449.97,197,2,5,2,13,644,0
TXN001353,2542,2311.31,756,2,6,0,14,488,0
TXN001354,2052,111.07,840,1,5,3,5,470,0
TXN001355,2714,1730.62,977,3,8,2,8,714,0
TXN001356,442,1863.62,385,4,7,1,9,213,0
TXN001357,2077,495.28,118,2,0,0,6,289,0
TXN001358,2658,8112.98,498,2,9,0,8,50,0
TXN001359,805,4044.85,908,1,5,2,16,215,0
TXN001360,75,880.4,931,4,6,1,9,114,0
TXN001361,2886,536.38,884,3,5,0,4,80,0
TXN001362,2176,7956.41,462,1,5,1,18,698,0
TXN001363,2090,1071.9,496,2,2,1,23,478,0
TXN001364,1380,1214.45,594,0,5,0,22,915,0
TXN001365,41,1196.25,970,0,4,3,11,199,0
TXN001366,2982,17391.3,247,2,2,0,20,509,0
TXN001367,2082,845.71,975,1,6,0,7,819,0
TXN001368,1701,1065.96,234,1,6,1,13,265,0
TXN001369,1402,404.53,417,3,5,1,3,745,0
TXN001370,588,687.18,467,0,3,2,8,541,0
TXN001371,1623,318.09,482,3,4,0,17,695,0
TXN001372,342,414.52,365,3,4,0,17,69,0
TXN001373,2075,124.97,153,0,4,1,9,978,0
TXN001374,646,3158.43,272,3,5,0,6,485,0
TXN001375,731,1323.58,392,4,5,1,5,805,0
TXN001376,168,1461.08,547,3,6,0,14,2,0
TXN001377,610,1029.75,725,2,3,0,23,105,0
TXN001378,2316,1195.26,723,4,7,1,22,741,1
TXN001379,1773,7653.87,430,2,4,1,9,987,0
TXN001380,2041,435.93,651,1,5,0,12,121,0
TXN001381,2869,1531.54,189,2,4,2,15,776,0
TXN001382,455,1521.71,812,1,4,1,22,25,0
TXN001383,2954,4317.31,907,2,3,0,8,534,0
TXN001384,1709,1856.38,252,1,1,2,5,472,0
TXN001385,2970,1971.8,395,0,2,2,13,748,0
TXN001386,702,242.28,662,2,4,0,16,931,0
TXN001387,2682,415.43,853,1,3,3,23,45,0
TXN001388,1600,270.35,219,0,3,1,10,494,0
TXN001389,130,56.2,594,3,3,2,6,259,0
TXN001390,1846,1766.29,190,4,4,0,0,778,0
TXN001391,1387,801.15,234,3,4,0,1,112,0
TXN001392,2867,1770.27,688,3,7,1,19,958,0
TXN001393,693,1144.34,232,2,3,0,18,957,0
TXN001394,1395,1463.41,358,1,5,0,11,719,0
TXN001395,794,5462.92,478,0,2,0,23,377,0
TXN001396,29,1106.28,575,3,3,0,11,49,0
TXN001397,149,2447.41,947,0,6,2,16,789,0
TXN001398,1320,763.04,429,2,6,0,9,595,0
TXN001399,2059,2950.55,237,3,5,0,0,61,0
TXN001400,2724,247.75,33,0,2,0,17,469,0
TXN001401,1137,120.9,213,2,7,1,2,165,0
TXN001402,187,13738.98,572,2,8,0,16,822,0
TXN001403,2855,9932.48,379,0,4,0,1,8,0
TXN001404,2792,106.21,2,2,11,0,1,17,0
TXN001405,1251,1050.12,909,4,7,0,4,284,0
TXN001406,1334,1312.78,450,0,1,3,17,440,0
TXN001407,98,2611.2,569,1,6,1,23,443,0
TXN001408,55,8840.08,427,1,9,1,15,85,0
TXN001409,2671,306.83,813,0,2,1,4,44,0
TXN001410,2712,327.27,799,1,6,0,20,107,0
TXN001411,758,1095.09,650,1,7,0,12,776,0
TXN001412,406,345.06,279,2,7,0,0,139,0
TXN001413,2117,42.23,214,4,4,1,15,845,0
TXN001414,1313,834.9,751,1,5,0,7,763,0
TXN001415,1786,3068.83,285,2,6,1,5,271,0
TXN001416,751,1070.03,993,0,6,0,10,796,0
TXN001417,1763,2318.91,543,0,7,1,11,450,0
TXN001418,365,1953.17,718,3,6,5,12,981,0
TXN001419,2027,319.77,970,1,9,1,8,725,0
TXN001420,482,1189.9,274,1,2,1,6,987,0
TXN001421,2249,175.88,11,5,9,0,17,240,0
TXN001422,154,593.3,871,2,5,3,1,626,0
TXN001423,1525,1165.08,47,2,5,1,19,655,0
TXN001424,2121,1095.12,515,0,3,1,8,119,0
TXN001425,2761,232.96,642,0,5,1,1,668,0
TXN001426,2344,296.84,438,2,5,0,11,865,0
TXN001427,1041,1554.88,584,0,6,1,13,775,0
TXN001428,1665,2959.79,671,1,6,4,4,506,0
TXN001429,1241,855.46,904,2,1,1,22,187,0
TXN001430,61,805.58,427,3,5,1,7,480,0
TXN001431,939,3352.73,432,3,1,0,11,44,0
TXN001432,1640,434.21,130,4,6,1,2,67,0
TXN001433,2090,8711.82,22,1,4,0,20,509,0
TXN001434,25,218.26,892,3,5,1,17,131,0
TXN001435,1063,3859.12,389,0,3,0,19,720,0
TXN001436,131,2094.36,135,0,2,0,6,853,0
TXN001437,1253,19774.42,532,1,5,1,14,329,0
TXN001438,108,285.6,220,4,4,0,16,259,0
TXN001439,172,66.63,333,1,8,0,6,350,0
TXN001440,1459,4911.5,130,1,1,1,1,564,0
TXN001441,102,187.62,32,6,9,1,20,379,0
TXN001442,2914,2296.02,602,0,7,3,13,392,0
TXN001443,2572,4530.47,771,0,6,1,3,624,0
TXN001444,2323,1729.72,425,2,3,0,10,925,0
TXN001445,1637,1448.98,298,2,2,1,5,614,0
TXN001446,2865,1774.24,504,2,6,1,12,310,0
TXN001447,1041,2995.62,845,0,3,2,10,590,0
TXN001448,330,2218.27,761,0,3,1,11,759,0
TXN001449,1521,254.7,981,0,4,1,0,407,0
TXN001450,12,9798.65,685,1,6,1,0,486,0
TXN001451,1342,1165.99,357,1,2,0,8,924,0
TXN001452,216,2042.66,983,0,4,0,8,313,0
TXN001453,339,2573.92,455,3,5,0,9,348,0
TXN001454,1800,4390.13,401,0,2,1,4,371,0
TXN001455,2709,3875.88,988,1,7,0,3,364,0
TXN001456,1751,1284.45,896,0,5,0,12,541,0
TXN001457,1509,1189.11,559,2,6,0,17,592,0
TXN001458,2422,1790.65,990,1,6,1,15,122,0
TXN001459,710,4105.46,709,2,7,0,23,22,0
TXN001460,1224,288.55,920,2,4,2,14,834,0
TXN001461,2514,2375.38,455,3,3,0,13,745,0
TXN001462,1113,378.57,891,1,2,2,17,393,0
TXN001463,1292,10111.78,34,2,2,2,4,388,0
TXN001464,489,1704.07,766,2,3,0,7,953,0
TXN001465,1562,665.65,248,3,5,0,23,727,0
TXN001466,47,1834.38,946,3,3,1,5,24,0
TXN001467,778,1108.81,42,2,10,0,10,963,0
TXN001468,1040,904.86,801,2,3,0,17,780,0
TXN001469,711,125.08,123,0,4,0,10,861,0
TXN001470,401,320.85,27,0,7,0,16,749,0
TXN001471,1818,926.54,462,3,8,1,18,181,0
TXN001472,250,144.6,571,0,3,0,8,692,0
TXN001473,391,542.07,147,1,6,0,8,726,0
TXN001474,335,601.94,496,6,4,1,0,595,0
TXN001475,629,430.38,627,3,6,0,21,912,0
TXN001476,137,2770.62,486,3,8,0,14,556,0
TXN001477,2931,381.38,460,1,2,1,0,667,0
TXN001478,2736,1219.37,899,2,4,5,9,590,0
TXN001479,1522,717.81,711,2,1,1,4,572,0
TXN001480,827,950.93,128,1,10,0,15,29,0
TXN001481,727,7537.76,376,0,3,0,8,259,0
TXN001482,1501,1360.52,995,0,8,0,22,734,0
TXN001483,2642,1715.81,665,4,8,0,16,748,0
TXN001484,990,437.69,881,2,7,0,8,161,0
TXN001485,2420,2324.78,783,2,6,2,14,602,0
TXN001486,935,2210.04,851,0,6,1,5,387,0
TXN001487,402,1968.7,956,2,3,1,21,798,0
TXN001488,1467,256.98,83,2,3,0,2,80,1
TXN001489,615,543.32,535,1,7,0,17,133,0
TXN001490,1297,6125.99,523,3,2,1,21,943,0
TXN001491,1183,480.44,699,0,4,0,14,95,0
TXN001492,2668,7215.49,981,1,8,0,3,676,0
TXN001493,2236,569.25,628,0,2,0,23,831,0
TXN001494,1122,1310.1,674,4,3,1,4,116,0
TXN001495,131,876.03,103,1,5,2,15,43,0
TXN001496,2853,397.91,755,1,1,0,0,730,0
TXN001497,1195,404.85,519,1,4,1,23,426,0
TXN001498,2984,471.02,362,1,4,2,15,823,0
TXN001499,183,1309.86,684,2,3,0,20,303,0
TXN001500,364,3192.31,256,1,4,1,5,158,0
TXN001501,39,1211.71,247,2,4,0,22,381,0
TXN001502,2545,1053.58,987,2,6,1,22,439,0
TXN001503,1373,4686.56,192,1,5,0,14,411,0
TXN001504,921,1152.4,626,1,7,1,0,845,0
TXN001505,2770,571.67,535,0,1,0,21,139,0
TXN001506,16,331.2,870,2,3,0,14,218,0
TXN001507,493,5036.85,314,0,11,0,16,437,0
TXN001508,1450,738.58,276,1,7,1,8,699,0
TXN001509,1132,547.69,923,1,4,1,13,237,0
TXN001510,2942,493.71,373,1,4,2,15,934,0
TXN001511,311,4708.05,444,4,5,0,12,481,0
TXN001512,739,551.38,648,0,4,0,16,989,0
TXN001513,546,3599.52,869,1,7,1,19,534,0
TXN001514,2462,831.73,195,3,3,0,5,155,0
TXN001515,251,257.22,258,4,1,0,4,353,0
TXN001516,759,735.84,790,0,5,1,9,298,0
TXN001517,1805,1054.32,582,0,4,2,6,656,0
TXN001518,1298,955.08,871,0,4,3,3,182,0
TXN001519,1632,927.06,360,4,5,0,2,976,0
TXN001520,1915,745.21,548,1,6,0,1,648,0
TXN001521,814,427.51,108,1,6,2,4,114,0
TXN001522,29,1110.85,24,1,5,2,7,886,0
TXN001523,958,2098.84,652,2,5,0,20,808,0
TXN001524,2033,189.59,465,1,4,1,6,388,0
TXN001525,477,5212.81,22,2,5,1,13,805,0
TXN001526,318,12.99,502,1,6,1,16,876,0
TXN001527,245,1200.27,851,1,7,0,14,522,0
TXN001528,748,1918.51,841,0,3,1,6,160,0
TXN001529,697,531.65,716,0,8,0,8,370,0
TXN001530,272,85.54,892,0,1,0,4,391,0
TXN001531,1772,976.46,736,1,9,0,20,42,0
TXN001532,1263,1344.31,501,3,5,0,1,821,0
TXN001533,2425,276.31,735,2,4,1,15,273,0
TXN001534,266,404.98,593,1,4,1,4,784,0
TXN001535,2974,3481.63,407,2,2,1,22,163,0
TXN001536,921,1262.97,330,1,6,3,3,779,0
TXN001537,340,179.39,703,2,4,1,19,522,0
TXN001538,389,1881.45,286,2,6,1,19,668,0
TXN001539,2625,359.02,147,1,5,1,13,374,0
TXN001540,2051,432.8,794,2,6,1,6,748,0
TXN001541,1166,1390.18,986,1,1,1,10,145,0
TXN001542,376,1243.13,384,2,6,0,1,808,0
TXN001543,2034,676.46,11,1,6,0,4,750,0
TXN001544,2372,598.81,276,1,7,0,15,102,0
TXN001545,146,811.63,886,1,6,0,0,656,0
TXN001546,1982,429.79,568,1,7,0,5,597,0
TXN001547,293,4051.39,685,1,5,0,10,358,0
TXN001548,432,166.83,964,0,4,1,9,53,0
TXN001549,705,821.35,303,0,5,0,15,236,0
TXN001550,2997,190.32,204,4,5,1,0,466,0
TXN001551,1999,3371.8,345,1,3,1,15,376,0
TXN001552,2633,819.94,760,1,7,0,19,431,0
TXN001553,399,308.59,826,0,3,2,7,882,0
TXN001554,2865,2495.03,266,2,5,1,10,260,0
TXN001555,964,70.08,22,1,1,1,21,380,0
TXN001556,2235,1536.19,839,2,4,0,1,751,0
TXN001557,2042,4365.76,536,1,9,1,3,423,0
TXN001558,1829,1360.29,706,0,6,0,1,517,0
TXN001559,2109,597.16,96,2,4,0,5,796,0
TXN001560,939,247.0,981,4,11,0,21,103,0
TXN001561,710,4019.92,445,1,10,2,21,805,0
TXN001562,807,3337.26,263,1,2,0,11,596,0
TXN001563,1464,505.51,584,2,2,0,20,74,0
TXN001564,1326,521.98,755,2,2,2,21,185,0
TXN001565,11,4555.64,383,3,2,0,4,446,0
TXN001566,1086,2075.46,550,1,2,1,4,320,0
TXN001567,1869,128.52,917,1,6,0,13,505,0
TXN001568,2274,867.1,392,0,2,0,14,138,0
TXN001569,2612,829.59,889,7,8,1,4,695,0
TXN001570,772,1476.1,601,0,10,0,20,122,0
TXN001571,1595,1104.62,540,0,5,1,14,658,0
TXN001572,1608,592.73,92,2,5,1,2,65,0
TXN001573,1334,1358.36,566,1,5,1,11,37,0
TXN001574,885,640.77,159,0,5,1,0,944,0
TXN001575,1390,65974.56,884,1,6,2,18,947,0
TXN001576,226,1270.64,228,0,7,0,7,479,0
TXN001577,825,1077.46,473,1,5,0,6,768,0
TXN001578,2266,10010.29,372,0,4,0,11,237,0
TXN001579,937,213.32,376,2,5,0,13,551,0
TXN001580,2801,961.06,553,2,5,0,10,914,0
TXN001581,2554,350.89,37,3,5,2,14,697,0
TXN001582,2307,2349.63,637,1,1,1,4,343,0
TXN001583,1912,605.94,934,2,7,2,21,592,0
TXN001584,1797,2199.78,691,1,9,1,2,474,0
TXN001585,54,2017.59,844,2,5,1,4,355,0
TXN001586,727,2797.4,37,3,8,3,0,79,0
TXN001587,2737,2057.86,101,0,2,3,13,355,0
TXN001588,1545,838.11,543,1,1,0,10,718,0
TXN001589,1044,204.96,190,2,2,1,19,544,0
TXN001590,1914,3680.86,512,1,5,0,10,183,0
TXN001591,1777,5948.13,658,1,4,0,15,400,0
TXN001592,1597,355.87,90,0,5,0,8,69,0
TXN001593,1915,2651.96,6,0,3,1,18,990,0
TXN001594,2467,269.23,905,2,6,0,4,720,0
TXN001595,2738,1399.85,139,1,4,0,17,242,0
TXN001596,850,1792.39,95,3,6,1,19,548,0
TXN001597,2110,657.56,631,3,2,1,18,387,0
TXN001598,2264,1229.16,878,1,6,0,12,96,0
TXN001599,3,3034.63,632,1,4,1,17,385,0
TXN001600,160,961.7,386,1,8,0,17,724,0
TXN001601,781,487.77,123,2,3,2,12,481,0
TXN001602,893,252.51,285,2,6,0,10,881,0
TXN001603,2031,686.14,366,0,9,0,4,799,0
TXN001604,2377,267.83,889,1,6,0,3,724,0
TXN001605,580,697.25,691,2,3,0,11,903,0
TXN001606,1934,627.48,490,4,4,0,18,917,0
TXN001607,1381,2878.22,325,0,8,1,20,360,0
TXN001608,1291,1197.71,407,0,5,0,4,647,0
TXN001609,1641,23311.72,996,2,5,0,0,295,0
TXN001610,952,97.88,519,4,5,1,9,413,0
TXN001611,2683,1597.26,896,1,7,0,0,146,0
TXN001612,988,637.87,824,4,0,0,10,847,0
TXN001613,1219,348.19,639,5,3,0,9,628,0
TXN001614,921,1058.15,77,4,1,2,2,919,0
TXN001615,2786,967.25,234,0,3,0,4,915,0
TXN001616,1356,3997.3,830,0,8,1,10,179,0
TXN001617,170,1223.55,586,1,4,0,21,559,0
TXN001618,521,477.54,484,1,2,2,5,335,0
TXN001619,1487,1637.71,464,1,10,1,7,978,0
TXN001620,40,832.49,271,1,4,1,0,320,0
TXN001621,1561,284.13,821,1,7,1,13,583,0
TXN001622,1419,813.83,939,0,4,0,12,494,0
TXN001623,955,1446.83,467,1,6,0,22,483,0
TXN001624,984,1196.0,469,4,2,1,18,402,0
TXN001625,975,1630.07,632,1,6,0,21,822,0
TXN001626,38,583.02,547,0,2,0,2,189,0
TXN001627,2376,1605.41,719,2,5,2,6,486,0
TXN001628,1275,1266.66,270,2,5,2,5,51,0
TXN001629,1200,1279.05,605,0,7,0,9,446,0
TXN001630,1626,1140.05,965,2,5,1,9,446,0
TXN001631,914,14932.75,378,3,5,0,7,784,1
TXN001632,454,4155.35,177,1,3,1,5,567,0
TXN001633,37,1563.17,274,0,6,1,6,729,0
TXN001634,1712,419.79,691,3,6,1,5,427,0
TXN001635,796,772.17,641,1,1,0,18,603,0
TXN001636,973,7623.16,637,2,8,0,1,23,0
TXN001637,593,558.06,27,2,1,0,18,18,0
TXN001638,1138,898.86,576,2,5,1,16,653,0
TXN001639,1325,840.77,60,0,6,0,13,323,0
TXN001640,2272,1705.25,731,2,4,1,21,669,0
TXN001641,318,649.38,217,4,3,1,6,203,0
TXN001642,2397,1355.91,681,0,7,0,3,734,0
TXN001643,2163,667.02,661,3,7,1,19,578,0
TXN001644,2746,5310.35,270,2,4,2,0,814,0
TXN001645,1347,481.29,116,1,2,0,11,984,0
TXN001646,1592,3544.58,245,4,7,1,8,38,0
TXN001647,1890,543.4,660,0,4,2,8,133,0
TXN001648,2088,393.67,604,3,2,0,22,410,0
TXN001649,1997,472.98,85,2,6,0,20,333,0
TXN001650,1773,140.65,599,0,4,0,7,274,0
TXN001651,1313,1856.26,907,4,8,0,10,827,0
TXN001652,1286,271.3,632,1,2,0,10,656,0
TXN001653,216,713.72,450,1,7,0,21,988,0
TXN001654,2384,2735.16,852,2,3,1,17,654,0
TXN001655,2140,2631.27,536,0,8,1,12,834,0
TXN001656,2401,196.76,887,2,4,1,10,43,0
TXN001657,2619,1591.85,89,1,4,0,15,454,0
TXN001658,2864,4309.57,549,1,7,1,10,837,0
TXN001659,1705,510.7,854,2,8,1,9,847,0
TXN001660,2829,2031.01,895,2,12,0,5,466,0
TXN001661,363,278.12,507,1,1,1,15,33,0
TXN001662,2605,1742.0,408,4,2,2,0,60,0
TXN001663,1717,1283.73,271,2,6,1,18,35,0
TXN001664,1194,2424.49,524,2,6,0,20,985,0
TXN001665,356,2250.65,494,2,9,0,2,552,0
TXN001666,191,216.12,607,2,3,1,17,794,0
TXN001667,2470,1291.89,448,3,5,2,19,406,0
TXN001668,700,6269.78,543,1,3,0,15,868,0
TXN001669,2055,79.65,949,2,2,1,10,523,0
TXN001670,2181,3499.28,350,2,5,2,5,267,0
TXN001671,557,7495.41,745,1,9,2,6,504,0
TXN001672,826,184.65,852,2,6,2,17,878,0
TXN001673,2809,490.37,328,2,5,1,5,306,0
TXN001674,1055,2041.2,812,1,5,0,18,487,0
TXN001675,2583,378.66,286,0,3,0,16,318,0
TXN001676,426,5639.19,35,1,0,1,19,469,0
TXN001677,2720,3907.59,533,2,3,2,2,173,0
TXN001678,2411,208.11,623,1,4,2,10,985,0
TXN001679,1575,449.59,488,0,11,0,8,688,0
TXN001680,2130,2762.26,831,3,5,0,21,372,0
TXN001681,2404,2635.4,860,1,9,0,1,179,0
TXN001682,589,15711.18,487,4,4,1,1,922,0
TXN001683,2013,381.51,145,1,9,0,18,732,0
TXN001684,1548,6317.39,524,1,7,1,5,121,0
TXN001685,295,366.25,756,2,6,1,21,123,0
TXN001686,1986,1998.97,146,1,2,0,23,633,0
TXN001687,1248,3199.7,751,0,6,0,3,653,0
TXN001688,1549,30.18,503,0,5,0,2,791,0
TXN001689,1691,3272.95,604,0,2,0,1,978,0
TXN001690,1137,5776.1,828,0,3,1,19,352,0
TXN001691,1257,4084.92,835,2,6,1,15,217,0
TXN001692,2065,12887.42,627,4,6,1,18,671,0
TXN001693,360,3491.94,527,2,5,0,20,460,0
TXN001694,2914,575.57,272,1,7,0,21,325,0
TXN001695,700,4850.38,534,1,10,2,5,182,0
TXN001696,448,537.67,630,2,4,0,8,333,0
TXN001697,2904,1210.64,881,0,1,3,5,380,0
TXN001698,2413,2975.42,95,3,3,0,4,793,0
TXN001699,675,1877.5,447,1,4,0,17,743,0
TXN001700,1008,5548.92,415,1,4,2,18,201,0
TXN001701,1350,21729.14,257,0,4,1,5,883,0
TXN001702,2515,280.1,843,2,7,0,19,60,0
TXN001703,2462,739.52,262,2,4,2,2,233,0
TXN001704,586,1603.04,87,3,2,1,6,487,0
TXN001705,1257,629.02,905,1,9,1,11,806,0
TXN001706,1248,1001.4,436,2,14,1,6,119,0
TXN001707,994,2782.16,976,3,6,1,21,388,0
TXN001708,1436,2372.0,830,3,9,0,19,794,0
TXN001709,572,1475.57,570,2,4,1,19,336,0
TXN001710,2383,1309.34,742,0,7,1,15,731,0
TXN001711,1246,838.28,108,1,10,0,13,168,0
TXN001712,2085,5916.07,19,1,5,1,6,120,0
TXN001713,989,8071.27,365,2,3,1,6,960,0
TXN001714,278,3724.09,653,1,7,1,23,708,0
TXN001715,1220,276.1,379,0,3,0,7,477,0
TXN001716,2964,800.59,160,0,2,0,10,904,0
TXN001717,1888,1393.54,100,6,4,0,9,786,0
TXN001718,484,354.66,265,2,5,1,21,832,0
TXN001719,1266,1205.8,750,0,5,1,18,993,0
TXN001720,731,1126.27,750,0,3,1,2,811,0
TXN001721,2240,4027.76,49,3,11,1,5,287,0
TXN001722,1041,603.08,677,1,2,1,1,633,0
TXN001723,2572,4429.15,799,3,8,1,0,232,0
TXN001724,918,347.64,415,0,5,0,17,856,0
TXN001725,2449,411.0,59,1,4,1,14,167,0
TXN001726,886,695.59,183,1,7,3,17,756,0
TXN001727,2753,1161.48,659,2,6,0,7,509,0
TXN001728,22,60.35,447,2,4,2,11,119,0
TXN001729,474,1902.94,898,1,4,0,22,102,0
TXN001730,2258,8528.86,301,1,6,0,1,36,0
TXN001731,2354,2395.92,608,2,3,0,23,324,0
TXN001732,704,851.67,555,0,9,2,11,763,0
TXN001733,687,298.42,354,1,6,1,15,32,0
TXN001734,285,124.51,769,2,7,1,17,245,0
TXN001735,716,152.68,213,0,2,1,7,352,0
TXN001736,763,937.29,189,0,7,0,18,245,0
TXN001737,1251,13743.1,643,3,7,1,6,826,0
TXN001738,948,42.08,347,1,3,0,10,281,0
TXN001739,2429,2540.87,812,1,5,4,5,810,0
TXN001740,2508,486.26,903,1,8,1,7,176,0
TXN001741,1031,733.19,801,3,2,0,22,437,0
TXN001742,29,355.94,137,1,3,2,8,84,0
TXN001743,907,212.53,30,0,3,0,6,792,0
TXN001744,2927,1275.08,146,3,4,0,9,490,0
TXN001745,2127,1503.22,824,5,4,0,9,943,0
TXN001746,2995,2445.51,986,2,4,0,3,569,0
TXN001747,2507,145.14,468,1,7,1,18,748,0
TXN001748,570,3129.93,998,0,3,0,17,661,0
TXN001749,2007,3197.64,617,1,6,0,18,464,0
TXN001750,1454,1825.1,503,1,7,1,23,925,0
TXN001751,738,661.72,799,1,4,1,13,459,0
TXN001752,516,1587.82,968,2,4,1,7,502,0
TXN001753,2001,904.57,191,1,4,1,11,329,0
TXN001754,2445,3505.96,471,0,4,1,2,593,0
TXN001755,39,706.38,690,1,5,1,13,550,0
TXN001756,887,1248.41,345,3,6,0,11,840,0
TXN001757,2845,136.18,751,0,6,1,16,370,0
TXN001758,2205,1581.86,1,3,7,4,23,897,0
TXN001759,1099,446.1,110,2,5,0,15,748,0
TXN001760,2932,2028.31,850,1,5,1,8,900,0
TXN001761,1824,2824.57,787,2,0,1,11,496,0
TXN001762,1711,527.44,883,1,2,2,5,595,0
TXN001763,974,1138.45,894,3,6,3,18,972,0
TXN001764,1563,1352.07,746,2,6,1,5,802,0
TXN001765,2897,1705.61,64,0,8,2,7,456,0
TXN001766,2796,2829.43,756,2,7,0,6,176,0
TXN001767,989,2418.28,53,2,4,1,17,982,0
TXN001768,21,695.15,262,1,4,1,3,856,0
TXN001769,2351,7465.04,529,1,4,0,12,186,0
TXN001770,869,2703.72,302,3,3,2,1,393,0
TXN001771,84,5920.48,968,2,7,1,19,509,0
TXN001772,1683,1662.45,886,3,2,2,21,52,0
TXN001773,1977,1784.63,234,2,1,0,6,602,0
TXN001774,1411,952.77,73,2,5,0,21,972,0
TXN001775,1531,643.85,357,1,4,1,6,918,0
TXN001776,570,3534.78,951,2,7,1,13,846,0
TXN001777,934,1506.45,603,0,4,0,17,72,0
TXN001778,1981,936.48,484,2,7,0,20,476,0
TXN001779,1856,321.45,6,1,8,2,7,969,0
TXN001780,793,7087.86,710,1,5,0,17,551,0
TXN001781,792,1255.33,877,2,3,1,4,487,0
TXN001782,1810,251.62,708,2,5,2,13,449,0
TXN001783,1295,1209.19,982,0,4,1,16,640,0
TXN001784,2540,861.69,808,2,5,0,1,162,0
TXN001785,2256,820.3,859,2,8,0,6,154,0
TXN001786,1608,2189.68,997,3,6,1,23,773,0
TXN001787,1084,863.12,834,3,2,1,12,215,0
TXN001788,2478,760.06,137,2,11,2,21,105,0
TXN001789,985,5624.49,779,0,4,0,10,266,0
TXN001790,1681,135.98,404,1,6,0,8,619,0
TXN001791,520,1031.06,628,5,2,1,18,327,0
TXN001792,591,3342.99,555,1,8,0,11,825,0
TXN001793,1051,2326.96,743,2,9,0,3,97,0
TXN001794,1710,3729.61,570,1,2,1,18,842,0
TXN001795,2036,12405.39,206,2,8,0,20,266,0
TXN001796,2247,8423.17,410,3,5,2,10,252,0
TXN001797,2435,274.06,806,2,5,1,9,262,0
TXN001798,349,158.72,606,1,4,1,16,480,0
TXN001799,960,1623.31,36,1,3,0,3,824,0
TXN001800,1964,215.95,230,2,4,0,15,642,0
TXN001801,693,108.66,227,1,3,2,22,366,0
TXN001802,1560,1602.77,695,1,7,0,22,142,0
TXN001803,378,2165.6,262,2,7,0,6,457,0
TXN001804,2947,8547.28,131,1,6,0,15,18,0
TXN001805,2964,2757.6,577,1,5,1,13,971,0
TXN001806,527,10976.06,892,3,7,2,15,209,0
TXN001807,2782,1680.19,448,0,7,2,19,27,0
TXN001808,2254,280.47,186,2,5,0,16,758,0
TXN001809,2503,2941.35,629,2,3,0,5,645,0
TXN001810,1260,5438.05,186,2,5,0,15,612,0
TXN001811,1876,1753.38,274,3,5,1,12,994,0
TXN001812,1764,6252.02,663,2,5,0,21,438,0
TXN001813,521,945.86,352,1,7,0,21,219,0
TXN001814,1702,2111.34,413,2,7,1,21,210,0
TXN001815,1017,889.63,151,0,6,0,4,821,0
TXN001816,2774,19050.57,384,1,7,1,22,617,0
TXN001817,1014,3009.45,36,1,6,1,18,897,1
TXN001818,2549,287.14,326,0,6,1,19,336,0
TXN001819,117,10128.59,465,2,4,2,5,877,0
TXN001820,2434,454.95,466,0,2,1,20,124,0
TXN001821,1368,1114.81,95,1,5,0,23,39,0
TXN001822,584,1923.61,134,4,4,0,11,818,0
TXN001823,395,2121.74,162,1,9,0,10,275,0
TXN001824,1088,1959.54,556,3,8,0,13,556,0
TXN001825,2769,281.56,300,1,9,1,11,33,0
TXN001826,72,1967.35,795,2,4,0,7,191,0
TXN001827,274,4108.34,356,1,7,1,10,30,0
TXN001828,2014,3968.87,240,1,3,0,9,219,0
TXN001829,1344,229.94,564,1,4,1,14,608,0
TXN001830,338,499.3,938,3,4,1,12,541,0
TXN001831,1390,313.12,793,1,5,1,1,776,0
TXN001832,607,1648.75,586,2,7,1,0,172,0
TXN001833,166,170.38,807,0,5,0,6,490,0
TXN001834,1568,285.06,750,0,7,0,5,995,0
TXN001835,2059,493.66,167,1,6,1,12,163,0
TXN001836,1325,126.96,140,1,3,0,19,313,0
TXN001837,729,1060.65,139,3,5,1,1,654,0
TXN001838,2849,87.55,881,0,4,1,13,677,0
TXN001839,2044,1963.36,235,0,7,2,15,102,0
TXN001840,102,681.01,3,1,7,0,12,488,0
TXN001841,1416,518.65,256,2,4,1,6,40,0
TXN001842,779,630.87,371,0,7,2,17,998,0
TXN001843,214,1019.98,278,2,2,1,13,311,0
TXN001844,1112,2233.76,516,1,11,1,20,544,0
TXN001845,1577,5326.86,904,1,5,2,3,369,0
TXN001846,2449,3702.22,782,6,3,0,13,256,0
TXN001847,2636,15962.95,212,1,2,1,23,266,0
TXN001848,2937,2466.01,216,1,4,3,9,884,0
TXN001849,1696,1297.74,270,2,3,0,3,93,0
TXN001850,592,633.69,476,1,10,0,2,607,0
TXN001851,1334,659.47,528,1,4,2,23,566,0
TXN001852,1110,2094.03,928,0,6,0,4,364,0
TXN001853,2140,330.52,64,2,3,1,21,392,0
TXN001854,2721,1443.42,751,3,5,1,13,535,0
TXN001855,714,1072.09,460,0,3,1,1,954,0
TXN001856,936,457.73,16,1,3,0,21,251,0
TXN001857,1952,310.62,564,3,10,1,23,838,0
TXN001858,242,22689.58,19,0,2,0,17,943,0
TXN001859,2044,205.23,325,4,3,0,17,789,0
TXN001860,2,1010.99,908,1,7,0,20,645,0
TXN001861,2273,4755.71,93,0,5,0,3,549,0
TXN001862,2849,2069.1,773,3,6,2,19,837,0
TXN001863,1769,621.26,810,3,5,2,4,710,0
TXN001864,1950,262.28,17,2,2,0,22,133,0
TXN001865,2637,1281.45,623,2,3,0,1,565,0
TXN001866,2164,46.18,840,3,4,0,18,513,0
TXN001867,918,1344.58,872,1,10,0,3,755,0
TXN001868,2242,1143.43,488,1,6,1,5,817,1
TXN001869,2919,3960.58,94,1,9,1,12,987,0
TXN001870,90,278.1,10,1,3,1,14,958,0
TXN001871,1710,743.85,724,2,10,1,19,972,0
TXN001872,2170,1852.48,749,3,6,0,20,432,0
TXN001873,143,1403.44,766,1,5,2,23,451,0
TXN001874,106,218.95,528,0,4,0,0,817,0
TXN001875,887,504.21,489,0,5,0,2,694,0
TXN001876,428,5883.42,144,2,1,0,10,390,0
TXN001877,1329,1496.96,554,1,3,1,7,758,0
TXN001878,1896,148.87,515,2,5,0,4,951,0
TXN001879,1995,3164.91,919,3,5,2,8,442,0
TXN001880,317,160.92,470,0,4,0,14,385,0
TXN001881,1987,758.68,377,3,8,1,22,138,0
TXN001882,635,2155.83,668,0,6,0,9,842,0
TXN001883,1926,4705.31,494,1,6,1,16,776,0
TXN001884,2057,66.32,685,1,10,0,6,972,0
TXN001885,2822,2575.78,484,1,5,2,7,820,0
TXN001886,2271,3084.27,452,4,5,1,16,665,0
TXN001887,1440,562.04,998,0,4,0,16,114,0
TXN001888,553,1223.04,536,2,1,1,12,674,0
TXN001889,716,28.15,787,1,6,0,23,216,0
TXN001890,1288,40.55,75,1,7,0,5,897,1
TXN001891,1714,4147.41,40,1,5,0,15,196,0
TXN001892,1884,574.4,302,4,9,0,14,333,0
TXN001893,1108,723.82,552,3,14,0,12,23,0
TXN001894,1342,1453.33,62,1,6,0,14,876,0
TXN001895,111,706.89,750,1,3,1,6,395,0
TXN001896,251,632.43,503,3,5,1,12,996,0
TXN001897,2431,1760.56,999,1,6,1,19,105,0
TXN001898,2055,182.25,245,3,10,0,9,531,0
TXN001899,459,4411.2,18,1,2,1,4,325,0
TXN001900,1108,831.89,652,1,5,0,13,147,0
TXN001901,208,328.06,398,2,7,0,15,131,0
TXN001902,900,279.15,594,0,5,1,20,687,0
TXN001903,22,1154.22,189,0,4,2,12,950,0
TXN001904,410,759.28,620,3,4,0,8,304,0
TXN001905,895,170.95,746,0,5,1,15,134,0
TXN001906,515,532.61,780,3,6,1,14,242,0
TXN001907,809,415.28,104,3,7,2,10,901,0
TXN001908,874,4985.2,923,3,3,0,2,375,0
TXN001909,14,1282.47,646,5,8,0,10,701,0
TXN001910,971,7209.88,344,1,13,1,12,817,0
TXN001911,2135,467.8,371,1,7,2,0,435,0
TXN001912,2957,773.28,33,4,3,0,17,571,0
TXN001913,1561,1743.87,749,0,5,1,13,439,0
TXN001914,1325,2264.16,374,3,3,0,17,613,0
TXN001915,1267,2605.0,848,0,4,2,21,94,0
TXN001916,2170,377.9,178,1,8,1,23,494,0
TXN001917,750,390.87,12,3,7,1,12,737,0
TXN001918,685,715.87,863,1,5,0,6,486,0
TXN001919,1928,6483.97,953,2,4,1,12,970,0
TXN001920,2357,330.03,741,2,5,0,0,731,0
TXN001921,695,582.71,821,2,9,1,7,958,0
TXN001922,2336,2632.87,781,1,0,0,22,423,0
TXN001923,307,2469.14,890,1,6,0,1,774,0
TXN001924,1990,2135.6,456,2,5,1,9,406,0
TXN001925,2962,1208.35,870,1,4,0,21,87,0
TXN001926,662,305.47,643,2,6,1,10,655,0
TXN001927,549,478.7,249,1,6,0,6,135,0
TXN001928,312,4237.75,448,1,6,1,21,772,0
TXN001929,2921,2774.89,980,1,3,2,13,705,0
TXN001930,1083,220.97,570,1,2,0,12,813,0
TXN001931,2972,3113.02,4,2,6,1,0,788,0
TXN001932,1738,5273.95,236,0,4,0,8,258,0
TXN001933,755,1169.81,173,1,2,1,2,3,0
TXN001934,35,1829.02,322,2,4,0,4,312,0
TXN001935,445,3691.48,371,1,5,1,7,304,0
TXN001936,2141,475.87,548,2,7,0,13,997,0
TXN001937,1983,17953.09,791,2,4,0,17,592,0
TXN001938,1231,4758.53,749,0,6,1,19,947,0
TXN001939,353,2056.65,787,2,4,1,4,268,0
TXN001940,903,1052.15,296,0,2,0,8,410,0
TXN001941,1356,1985.71,840,1,3,1,17,177,0
TXN001942,2910,168.62,400,2,2,1,21,547,0
TXN001943,1749,13339.77,58,2,4,2,22,998,0
TXN001944,159,4249.98,875,3,4,0,11,114,0
TXN001945,1978,6353.85,530,0,5,2,1,570,0
TXN001946,957,1137.86,548,0,5,0,3,239,0
TXN001947,2072,711.7,408,2,4,1,3,150,0
TXN001948,404,488.25,641,1,4,0,15,862,0
TXN001949,2853,2911.11,513,2,5,1,21,30,0
TXN001950,516,592.85,64,0,4,1,17,465,0
TXN001951,2780,875.83,574,1,3,0,4,390,0
TXN001952,1388,2112.61,878,1,2,0,4,573,0
TXN001953,2580,497.11,420,1,1,1,11,798,0
TXN001954,956,3838.11,843,3,2,0,6,652,0
TXN001955,2200,1073.53,146,2,6,1,21,690,0
TXN001956,1713,179.51,272,0,3,0,10,595,0
TXN001957,2995,490.78,17,1,4,0,9,407,0
TXN001958,608,5270.19,792,0,5,0,3,456,0
TXN001959,2468,356.24,98,0,7,1,5,39,0
TXN001960,1274,3206.36,452,1,4,0,17,177,0
TXN001961,2914,1269.03,739,3,6,1,19,648,0
TXN001962,1536,892.44,975,2,4,2,10,502,0
TXN001963,2626,22361.88,898,2,4,1,11,87,0
TXN001964,2383,234.85,243,0,8,0,22,294,0
TXN001965,1442,451.17,479,1,5,1,10,634,0
TXN001966,2980,1066.23,201,1,6,0,15,802,0
TXN001967,1798,19908.44,906,2,4,1,22,538,0
TXN001968,295,1069.21,949,2,5,1,2,521,0
TXN001969,755,1524.01,473,2,3,0,1,835,0
TXN001970,1395,732.89,179,4,7,2,13,133,0
TXN001971,186,1686.4,508,2,4,0,10,86,0
TXN001972,1270,789.52,453,2,3,1,5,120,0
TXN001973,637,2525.99,270,4,5,1,2,991,0
TXN001974,1292,2776.72,234,1,5,0,11,400,0
TXN001975,530,828.05,624,1,5,1,14,747,0
TXN001976,2069,284.13,486,1,2,0,5,611,0
TXN001977,2959,1226.95,578,0,2,0,22,88,0
TXN001978,2915,5899.05,338,1,9,2,14,594,0
TXN001979,794,406.67,861,1,5,0,3,909,0
TXN001980,2148,1637.13,949,1,6,0,20,243,0
TXN001981,2800,258.04,757,2,9,0,16,372,1
TXN001982,478,314.89,757,1,2,1,16,986,0
TXN001983,1623,5220.97,980,0,3,1,7,370,0
TXN001984,940,2514.53,448,2,7,0,5,622,0
TXN001985,526,1666.96,584,6,4,0,16,674,0
TXN001986,2382,67.62,357,1,7,1,10,602,0
TXN001987,2,564.83,49,2,5,1,4,177,0
TXN001988,375,2271.46,496,2,5,0,13,559,0
TXN001989,2341,192.7,346,3,6,0,20,881,0
TXN001990,2885,717.19,702,1,6,1,7,812,0
TXN001991,553,2751.73,293,1,6,0,16,649,0
TXN001992,2366,178.87,689,2,5,0,0,99,0
TXN001993,1526,146.18,964,2,4,1,0,929,0
TXN001994,1852,182.62,673,2,7,1,6,336,0
TXN001995,381,1638.25,150,2,7,4,19,586,0
TXN001996,1647,562.06,582,3,5,5,10,392,0
TXN001997,14,3145.28,545,2,11,4,22,265,0
TXN001998,504,1268.03,796,2,6,1,11,748,0
TXN001999,2279,10473.9,856,2,5,0,20,860,0
TXN002000,2009,248.4,260,7,4,1,11,946,0
TXN002001,130,1632.92,322,1,5,0,22,875,0
TXN002002,838,422.31,77,3,3,0,4,772,0
TXN002003,2939,2253.53,110,2,3,0,12,121,0
TXN002004,2041,1266.39,817,2,2,0,19,860,0
TXN002005,28,333.04,896,1,8,0,22,211,0
TXN002006,2114,908.16,651,0,5,1,5,240,0
TXN002007,1253,1197.17,547,2,6,0,14,635,0
TXN002008,261,534.23,423,4,2,0,3,411,0
TXN002009,2047,2624.38,394,0,5,0,16,686,0
TXN002010,1473,318.2,235,0,6,0,14,572,0
TXN002011,1448,13483.34,330,1,6,1,22,64,0
TXN002012,460,3444.14,712,1,6,1,23,302,0
TXN002013,301,1666.51,325,0,7,1,14,935,0
TXN002014,2967,33335.47,151,0,8,1,4,119,0
TXN002015,2335,756.61,546,2,7,0,9,197,0
TXN002016,630,2283.93,636,3,3,1,8,981,0
TXN002017,270,1432.56,879,0,4,0,23,438,0
TXN002018,2640,2855.38,32,4,5,0,1,113,0
TXN002019,1994,6603.4,272,2,7,0,6,524,0
TXN002020,1629,2119.08,836,2,6,1,7,205,0
TXN002021,1802,3828.21,822,1,8,0,3,745,0
TXN002022,2892,566.53,636,2,4,0,0,146,0
TXN002023,862,856.3,924,1,4,0,0,394,0
TXN002024,1281,7831.78,368,2,3,0,11,788,0
TXN002025,2181,2244.48,492,1,5,0,20,100,0
TXN002026,1800,1477.33,316,1,6,0,23,738,0
TXN002027,1707,444.13,590,1,9,0,19,881,0
TXN002028,2561,3497.89,588,0,7,0,15,802,0
TXN002029,2361,429.34,572,2,2,2,16,516,0
TXN002030,576,301.45,597,0,3,0,13,500,0
TXN002031,2934,1258.8,368,1,0,0,18,40,0
TXN002032,2004,61.38,80,0,5,0,10,303,0
TXN002033,1308,2283.11,886,3,5,1,2,961,0
TXN002034,1957,1723.88,172,2,6,0,3,721,0
TXN002035,2735,718.12,258,1,2,1,19,411,1
TXN002036,2021,800.68,279,4,8,1,3,868,0
TXN002037,2213,950.34,504,1,6,1,12,222,0
TXN002038,2353,425.41,733,0,4,0,4,563,0
TXN002039,1656,1368.52,558,2,4,1,6,711,0
TXN002040,1580,813.0,491,1,1,0,3,211,0
TXN002041,1848,1255.06,585,1,4,0,22,315,0
TXN002042,2204,909.71,566,1,6,0,12,652,0
TXN002043,1391,718.36,839,0,6,2,20,60,0
TXN002044,1743,1531.79,733,3,3,0,3,668,0
TXN002045,1926,2799.85,893,3,6,0,7,344,0
TXN002046,620,584.22,337,0,1,1,14,271,0
TXN002047,1275,1762.64,521,3,8,2,23,945,0
TXN002048,957,2045.33,326,3,2,1,8,771,0
TXN002049,1940,234.95,172,0,4,2,15,92,0
TXN002050,2382,3539.9,84,1,6,0,11,531,0
TXN002051,969,12935.64,842,1,3,0,13,793,0
TXN002052,2559,986.62,841,1,6,1,3,648,0
TXN002053,1317,892.98,524,3,3,0,3,352,0
TXN002054,1044,849.28,481,3,6,1,22,871,0
TXN002055,282,2309.36,544,0,6,2,5,904,0
TXN002056,2845,2024.21,418,3,4,0,19,103,0
TXN002057,2167,162.59,339,0,6,0,17,245,0
TXN002058,1059,387.86,801,1,5,0,1,417,0
TXN002059,198,2015.81,320,3,6,0,15,238,0
TXN002060,2533,921.47,304,3,2,0,10,759,0
TXN002061,1083,270.6,272,2,5,0,19,198,0
TXN002062,2885,6636.32,690,1,7,1,12,447,0
TXN002063,1185,420.04,114,2,8,2,5,676,0
TXN002064,1009,1144.74,407,2,3,0,5,598,0
TXN002065,2739,892.63,26,1,6,2,21,842,0
TXN002066,1230,300.54,237,2,4,1,16,296,0
TXN002067,1036,1369.15,310,2,6,1,14,68,0
TXN002068,490,1755.53,684,5,5,0,4,696,0
TXN002069,276,625.65,233,6,4,1,13,872,0
TXN002070,2741,732.58,549,1,4,2,4,669,0
TXN002071,2290,2254.28,265,0,4,0,13,665,0
TXN002072,1240,102.5,990,1,4,0,6,404,0
TXN002073,1275,397.82,13,2,5,0,23,19,0
TXN002074,126,1416.75,496,0,4,2,7,652,0
TXN002075,217,582.84,316,2,4,4,8,162,0
TXN002076,1209,572.93,618,1,3,0,15,981,0
TXN002077,1247,3235.8,638,1,2,1,22,65,0
TXN002078,2543,512.86,848,3,6,0,23,920,0
TXN002079,2475,11790.08,384,1,3,2,15,732,0
TXN002080,919,133.56,642,3,8,0,7,8,0
TXN002081,1318,77.14,991,2,8,1,19,439,0
TXN002082,2199,3148.63,316,0,3,0,11,443,0
TXN002083,2432,336.72,256,1,2,1,19,150,0
TXN002084,1662,343.61,441,0,6,0,22,756,0
TXN002085,308,3574.86,115,0,4,1,11,532,0
TXN002086,1360,603.82,299,1,6,0,1,404,0
TXN002087,1970,3269.64,915,3,6,1,22,670,0
TXN002088,2794,527.16,124,0,5,0,8,803,0
TXN002089,892,1694.32,256,3,6,0,5,706,0
TXN002090,375,593.65,651,3,2,0,16,483,0
TXN002091,2034,363.66,718,1,7,1,14,102,0
TXN002092,1365,8749.24,47,1,5,2,12,51,0
TXN002093,129,4187.06,729,0,5,0,22,932,0
TXN002094,1015,458.53,831,1,6,0,17,48,0
TXN002095,1800,885.3,903,1,7,0,6,717,0
TXN002096,2717,6447.66,463,2,3,1,8,182,0
TXN002097,1382,335.0,350,0,2,0,18,696,0
TXN002098,517,357.48,123,1,8,2,4,61,0
TXN002099,1519,1927.68,31,0,8,1,7,36,0
TXN002100,86,16723.89,984,1,9,0,10,187,0
TXN002101,1199,1169.81,55,4,2,0,17,562,0
TXN002102,2359,3865.22,153,4,4,0,8,848,0
TXN002103,1143,323.46,456,3,2,0,12,12,0
TXN002104,2475,1691.32,286,1,8,0,8,623,0
TXN002105,1994,712.27,36,1,5,1,13,141,0
TXN002106,2162,10300.52,818,3,8,0,21,785,0
TXN002107,303,7468.35,910,1,6,0,10,507,0
TXN002108,2792,16903.91,797,1,7,2,18,344,0
TXN002109,588,476.0,923,2,2,0,23,348,0
TXN002110,987,1144.36,885,1,5,1,21,424,0
TXN002111,1864,1720.21,256,0,5,1,19,17,0
TXN002112,345,498.82,178,2,2,1,16,155,0
TXN002113,814,1283.4,548,4,10,0,7,830,0
TXN002114,1988,3264.21,254,2,6,1,12,278,0
TXN002115,2849,566.55,508,0,9,1,12,831,0
TXN002116,1311,471.53,674,0,10,1,9,993,0
TXN002117,2000,435.46,21,1,5,0,13,12,0
TXN002118,1678,218.67,806,1,3,0,14,327,0
TXN002119,1328,3055.78,75,0,4,2,23,570,0
TXN002120,1093,470.22,993,2,6,1,15,627,0
TXN002121,2409,414.33,719,0,4,1,10,924,0
TXN002122,1010,2069.13,460,0,1,1,10,973,0
TXN002123,704,1082.75,984,2,8,0,17,831,0
TXN002124,575,583.69,178,1,2,0,18,412,0
TXN002125,1609,2900.84,382,1,8,1,19,813,0
TXN002126,1113,556.39,37,2,6,1,1,44,0
TXN002127,688,80.45,971,1,6,1,1,778,0
TXN002128,2829,5431.07,120,1,7,0,7,282,0
TXN002129,2633,405.92,915,0,4,2,10,328,0
TXN002130,2637,462.78,630,3,5,1,14,669,0
TXN002131,489,465.24,1,2,9,1,3,744,0
TXN002132,1348,1177.94,721,0,4,1,12,946,0
TXN002133,494,789.11,936,2,7,0,4,346,0
TXN002134,1668,3589.2,311,1,8,1,2,925,0
TXN002135,1638,7896.2,208,2,2,0,16,347,0
TXN002136,19,485.39,154,2,6,3,10,503,0
TXN002137,2445,355.81,762,1,8,0,20,972,0
TXN002138,1001,586.23,683,4,5,1,7,794,0
TXN002139,851,1857.28,315,0,10,0,6,321,0
TXN002140,1389,953.72,307,3,5,1,11,763,0
TXN002141,1355,601.55,504,3,5,0,16,530,0
TXN002142,1368,231.27,619,3,10,0,14,689,0
TXN002143,822,77.43,655,4,4,1,18,388,0
TXN002144,455,328.43,520,3,3,1,6,783,0
TXN002145,1625,5000.53,606,0,4,1,0,640,0
TXN002146,2773,1850.46,910,1,5,0,9,304,0
TXN002147,711,871.45,97,3,9,0,16,490,0
TXN002148,2191,2632.64,490,2,4,0,12,630,0
TXN002149,917,233.82,7,1,7,0,22,993,0
TXN002150,2876,1173.92,786,0,2,1,23,990,0
TXN002151,2653,128.56,12,0,4,0,4,33,0
TXN002152,1497,1661.08,514,4,9,2,8,730,0
TXN002153,1441,1497.3,946,0,2,2,23,276,0
TXN002154,305,1540.67,349,1,5,0,10,570,0
TXN002155,736,4452.15,917,2,7,0,10,374,0
TXN002156,2339,2782.75,7,0,4,0,7,884,0
TXN002157,1964,257.06,500,3,10,1,4,443,0
TXN002158,2150,4533.56,475,1,6,2,13,333,0
TXN002159,2010,852.91,524,1,6,0,18,64,0
TXN002160,2915,103.11,852,1,0,1,9,834,0
TXN002161,2890,962.46,57,0,6,2,23,184,0
TXN002162,962,2384.05,590,1,8,0,23,967,0
TXN002163,2990,324.85,586,0,2,2,17,579,0
TXN002164,1027,5428.56,233,2,5,0,14,369,0
TXN002165,2133,362.14,791,0,3,1,17,695,0
TXN002166,2376,615.66,30,5,4,0,22,309,0
TXN002167,2864,493.89,367,3,4,1,12,231,0
TXN002168,1474,141.07,826,2,4,0,6,563,0
TXN002169,2502,333.03,607,3,3,0,16,465,0
TXN002170,1948,466.74,820,0,5,0,8,164,0
TXN002171,2677,938.12,56,4,9,0,3,351,0
TXN002172,1178,29.91,10,0,9,1,21,716,0
TXN002173,665,2591.17,915,0,7,1,10,404,0
TXN002174,12,2560.63,147,0,4,1,14,169,0
TXN002175,1157,4526.72,364,2,3,1,21,161,0
TXN002176,304,183.1,599,2,5,0,9,60,0
TXN002177,1764,771.7,253,1,3,2,7,575,0
TXN002178,2831,3393.86,699,3,5,0,23,83,0
TXN002179,43,3763.09,940,1,3,0,4,505,1
TXN002180,944,6468.61,745,1,4,1,23,584,0
TXN002181,2391,1240.49,253,0,4,1,21,768,0
TXN002182,1350,1025.39,443,4,3,0,0,514,0
TXN002183,2546,169.1,736,6,5,1,12,191,0
TXN002184,2412,3935.73,340,5,5,1,4,841,0
TXN002185,891,631.2,516,0,4,0,6,929,0
TXN002186,2475,1142.22,353,0,3,1,19,796,0
TXN002187,1005,1054.27,624,0,6,2,9,4,0
TXN002188,21,61.96,705,2,5,1,23,607,0
TXN002189,407,414.16,653,2,4,0,23,111,0
TXN002190,2667,1890.62,323,1,4,1,23,946,0
TXN002191,1015,1034.52,140,3,5,1,7,20,0
TXN002192,336,1908.72,861,0,7,2,23,602,0
TXN002193,1839,2809.09,951,1,6,1,7,78,0
TXN002194,1148,408.34,445,1,5,0,18,554,0
TXN002195,2447,591.0,95,3,7,0,16,507,0
TXN002196,2841,925.72,553,0,9,0,0,503,0
TXN002197,1828,2774.42,420,2,3,1,23,706,0
TXN002198,715,828.06,514,7,3,1,2,953,0
TXN002199,51,129.37,790,1,1,1,6,132,0
TXN002200,324,864.53,150,1,4,0,9,17,0
TXN002201,789,2643.67,553,1,4,1,14,452,0
TXN002202,141,5588.26,351,1,6,0,19,743,0
TXN002203,470,1535.62,116,0,4,1,10,691,0
TXN002204,787,184.34,632,6,8,0,10,132,0
TXN002205,1826,673.41,237,2,9,1,15,266,0
TXN002206,1358,1939.27,270,0,4,0,5,540,0
TXN002207,1917,3100.93,861,1,1,0,11,842,0
TXN002208,964,2015.22,291,1,4,1,6,35,0
TXN002209,373,810.84,434,2,3,1,16,857,0
TXN002210,2542,3072.41,9,1,4,0,0,966,0
TXN002211,1693,508.43,751,2,5,1,7,566,0
TXN002212,2799,1368.65,630,0,5,1,6,239,0
TXN002213,1180,2696.59,864,1,5,0,18,14,0
TXN002214,2339,2190.67,827,1,4,1,9,216,0
TXN002215,1672,2250.51,824,2,11,0,23,734,0
TXN002216,106,2183.53,475,1,8,0,2,772,0
TXN002217,1444,311.55,522,2,5,0,1,345,0
TXN002218,2718,1119.98,537,0,9,0,1,803,0
TXN002219,1682,368.3,685,0,5,1,22,39,0
TXN002220,2,774.82,737,1,5,2,2,733,0
TXN002221,2637,269.72,11,0,2,1,14,712,0
TXN002222,2692,1658.98,613,3,5,0,0,721,0
TXN002223,2138,103.73,777,2,8,1,21,631,0
TXN002224,350,2300.17,903,4,10,1,8,498,0
TXN002225,1287,1117.02,327,2,4,1,19,99,0
TXN002226,1063,10749.25,930,2,5,1,8,797,0
TXN002227,2957,857.89,595,0,4,1,15,50,0
TXN002228,2207,857.59,276,2,10,0,16,139,0
TXN002229,2360,2487.51,370,1,9,0,18,200,0
TXN002230,445,919.85,490,2,1,1,23,348,0
TXN002231,2346,1525.08,345,1,4,1,10,629,0
TXN002232,952,3616.57,773,1,5,1,7,293,0
TXN002233,36,795.51,368,1,5,0,21,106,0
TXN002234,1108,4602.3,733,2,3,0,13,99,0
TXN002235,1476,146.21,311,0,2,0,21,410,0
TXN002236,1799,7511.39,731,1,1,0,5,500,0
TXN002237,1846,128.28,601,2,8,0,21,54,0
TXN002238,1409,5555.95,485,3,1,0,11,283,0
TXN002239,1196,116.77,15,0,2,0,2,873,0
TXN002240,1400,11809.99,758,1,3,0,1,335,0
TXN002241,1709,1330.16,688,0,10,2,20,20,0
TXN002242,1386,352.88,4,1,4,2,5,74,0
TXN002243,2607,10281.93,846,2,7,1,2,901,0
TXN002244,2939,296.89,376,2,2,1,23,923,0
TXN002245,2189,834.79,369,4,4,1,22,282,0
TXN002246,2935,24975.6,465,2,6,0,11,768,0
TXN002247,1301,1762.78,533,1,1,2,3,143,0
TXN002248,2774,96.43,720,3,9,0,11,793,0
TXN002249,1244,790.01,986,1,4,0,13,236,0
TXN002250,521,710.44,137,2,0,1,16,18,0
TXN002251,1807,1375.02,834,1,4,1,23,663,0
TXN002252,10,1039.68,363,3,2,0,13,883,0
TXN002253,984,2111.22,975,2,6,3,0,741,0
TXN002254,2426,175.27,931,1,3,0,4,761,0
TXN002255,1657,568.22,216,0,1,0,20,558,0
TXN002256,1661,1594.34,368,1,6,0,12,374,0
TXN002257,2730,439.41,117,2,3,0,10,31,0
TXN002258,2632,4085.23,179,2,3,0,6,951,0
TXN002259,2200,450.08,246,1,0,2,15,577,0
TXN002260,720,1302.44,128,0,10,1,17,27,0
TXN002261,1073,966.86,358,1,3,1,20,655,0
TXN002262,859,324.53,78,0,4,0,13,379,0
TXN002263,1317,1179.2,741,1,3,0,7,321,0
TXN002264,1604,227.17,293,2,4,1,20,910,0
TXN002265,50,643.98,774,3,3,1,4,832,0
TXN002266,2712,1137.21,82,1,6,3,20,870,0
TXN002267,2579,197.79,342,2,9,1,9,737,0
TXN002268,2905,2317.4,338,0,9,3,23,174,0
TXN002269,146,1498.84,819,2,7,2,6,770,0
TXN002270,915,2076.42,578,0,8,1,3,497,0
TXN002271,1463,1099.89,96,2,1,0,23,762,0
TXN002272,2290,275.66,145,2,6,0,2,36,0
TXN002273,581,1096.54,577,0,6,1,10,41,0
TXN002274,2735,2316.28,521,2,9,1,5,916,0
TXN002275,1585,262.86,397,1,4,1,3,512,0
TXN002276,483,289.17,996,2,7,1,17,123,0
TXN002277,1250,816.23,357,3,1,1,0,403,0
TXN002278,673,702.33,186,3,2,0,14,432,0
TXN002279,631,1075.57,670,3,8,1,14,11,0
TXN002280,2709,772.76,543,1,7,1,12,574,0
TXN002281,662,1328.76,151,2,10,1,8,118,0
TXN002282,2853,4751.34,319,2,5,0,3,702,0
TXN002283,2467,2092.4,754,0,2,0,11,881,0
TXN002284,988,1173.07,668,2,5,1,8,321,0
TXN002285,1547,290.6,59,2,8,1,6,655,0
TXN002286,650,461.1,10,2,4,0,12,514,0
TXN002287,969,3011.16,857,2,3,0,16,66,0
TXN002288,2638,625.04,124,2,4,0,9,710,0
TXN002289,1101,343.33,356,1,5,2,4,59,0
TXN002290,2557,13597.48,346,0,4,1,5,544,0
TXN002291,441,6831.85,794,0,2,0,7,777,0
TXN002292,921,944.5,237,0,5,0,5,146,0
TXN002293,770,299.11,333,1,7,2,7,197,0
TXN002294,1344,2612.42,17,4,6,0,0,766,0
TXN002295,1827,609.06,424,2,5,2,2,247,0
TXN002296,263,3185.1,324,2,3,1,0,598,0
TXN002297,1578,609.8,23,1,6,1,13,904,0
TXN002298,2685,7898.87,931,1,4,0,20,815,0
TXN002299,2507,588.46,459,2,7,0,18,974,0
TXN002300,999,18726.22,460,0,7,2,17,315,0
TXN002301,700,1385.85,521,1,6,1,22,67,0
TXN002302,2350,5774.27,719,9,3,0,13,501,0
TXN002303,1604,573.57,557,0,8,0,17,921,0
TXN002304,1242,227.32,421,2,5,1,11,433,1
TXN002305,1126,68.89,965,3,7,0,2,503,0
TXN002306,2602,5074.2,403,1,7,0,5,89,0
TXN002307,2336,1189.89,331,1,1,1,3,118,0
TXN002308,1191,245.4,457,0,7,0,7,815,0
TXN002309,2669,5333.93,483,0,1,0,6,389,0
TXN002310,1006,4390.48,498,2,5,0,14,925,0
TXN002311,36,5760.98,27,2,10,1,6,791,0
TXN002312,744,219.7,397,3,5,0,2,225,0
TXN002313,1765,4893.65,953,2,7,1,7,909,0
TXN002314,353,1738.63,188,4,5,0,7,356,0
TXN002315,1923,6082.36,140,1,2,0,7,459,0
TXN002316,73,2103.33,521,5,4,2,10,432,0
TXN002317,2696,1349.67,746,2,6,0,10,593,0
TXN002318,1377,4974.01,92,3,3,0,3,161,0
TXN002319,1915,3048.12,77,1,2,2,2,363,0
TXN002320,1094,4016.31,852,3,8,0,18,685,0
TXN002321,2473,610.54,244,3,1,2,18,475,0
TXN002322,708,891.68,845,0,2,0,20,761,0
TXN002323,1805,136.92,667,0,5,0,4,325,0
TXN002324,2609,559.95,730,2,5,2,11,738,0
TXN002325,2876,2831.25,959,3,9,2,16,5,0
TXN002326,956,2158.19,989,0,7,0,16,829,0
TXN002327,2565,338.51,797,3,6,0,20,848,0
TXN002328,2476,5109.28,662,0,5,0,1,519,0
TXN002329,160,38858.82,841,2,3,2,11,49,0
TXN002330,2197,371.2,88,2,3,0,11,769,0
TXN002331,2824,856.57,618,2,7,0,21,922,0
TXN002332,1736,520.13,915,1,6,1,2,526,0
TXN002333,1586,978.61,294,3,6,2,12,169,0
TXN002334,67,1523.38,95,2,4,2,3,101,0
TXN002335,2429,474.95,253,2,4,2,19,114,0
TXN002336,58,786.58,551,4,8,0,21,936,0
TXN002337,342,1217.67,399,1,5,1,20,581,0
TXN002338,1154,1931.25,767,5,6,1,14,559,0
TXN002339,2775,6372.78,54,1,7,1,11,37,0
TXN002340,1196,1077.74,928,1,2,2,14,661,0
TXN002341,2818,558.8,243,1,1,1,14,546,0
TXN002342,2662,2529.07,110,2,1,0,1,609,0
TXN002343,1233,1772.61,766,0,7,0,3,440,0
TXN002344,2402,870.1,624,1,8,0,15,727,0
TXN002345,1495,1962.59,686,3,8,0,4,499,0
TXN002346,1822,692.44,701,2,9,1,4,902,0
TXN002347,116,580.3,221,1,9,0,9,858,0
TXN002348,662,112.26,761,2,3,1,17,161,0
TXN002349,1466,739.88,564,0,8,0,16,397,0
TXN002350,2501,132.29,162,3,10,1,6,427,0
TXN002351,1869,509.14,969,2,7,0,2,471,0
TXN002352,2335,2198.16,35,0,3,1,4,227,0
TXN002353,1017,180.15,966,2,6,1,8,234,0
TXN002354,311,873.22,37,4,2,2,1,375,0
TXN002355,208,1186.27,846,3,4,0,23,802,0
TXN002356,2666,823.6,829,1,4,1,20,789,0
TXN002357,2494,615.48,623,1,5,2,6,955,0
TXN002358,2718,1620.46,370,2,4,1,22,196,0
TXN002359,633,1913.94,177,1,5,1,3,342,0
TXN002360,2103,1098.64,521,1,2,1,22,440,0
TXN002361,2960,657.92,275,1,5,0,21,468,0
TXN002362,657,3095.43,983,0,4,0,10,338,0
TXN002363,1424,227.49,633,2,3,3,10,181,0
TXN002364,1932,2502.02,105,2,4,1,9,251,0
TXN002365,2563,1814.62,156,2,7,0,3,7,0
TXN002366,1680,1392.47,336,1,5,1,5,82,0
TXN002367,237,1083.69,26,1,9,0,3,735,0
TXN002368,348,113.53,934,2,8,0,8,68,0
TXN002369,2675,5795.42,296,0,3,0,10,841,0
TXN002370,630,3000.11,537,1,5,1,15,439,1
TXN002371,1541,345.96,355,3,6,1,9,309,0
TXN002372,2004,2725.95,886,3,6,3,16,367,0
TXN002373,1272,1375.55,69,3,7,0,17,992,0
TXN002374,364,544.79,327,4,10,1,14,507,0
TXN002375,2369,4583.2,151,3,4,0,12,455,0
TXN002376,286,653.93,857,0,3,1,23,492,0
TXN002377,149,5582.28,577,0,5,1,20,872,0
TXN002378,1108,2082.11,662,4,5,1,5,319,0
TXN002379,2454,3456.01,320,3,8,1,11,210,0
TXN002380,456,2197.12,757,1,1,0,21,288,0
TXN002381,1767,2078.24,452,1,2,0,16,974,0
TXN002382,800,1419.81,570,1,5,0,22,666,0
TXN002383,1185,458.43,668,3,7,0,17,564,0
TXN002384,1013,1182.08,112,3,5,0,6,557,0
TXN002385,2832,3293.38,635,3,3,0,13,625,0
TXN002386,2508,2599.6,462,2,5,0,10,770,0
TXN002387,1524,2001.2,865,1,4,0,9,162,0
TXN002388,2786,88.69,964,4,2,0,20,106,0
TXN002389,2557,849.06,362,0,2,0,19,595,0
TXN002390,481,748.49,203,1,6,1,8,362,0
TXN002391,1687,291.81,487,2,5,1,8,34,0
TXN002392,2162,3243.83,480,0,5,0,5,372,0
TXN002393,2797,96.51,4,1,8,1,0,614,0
TXN002394,1602,2992.79,129,1,6,0,0,870,0
TXN002395,2409,5405.03,26,1,3,0,9,608,0
TXN002396,341,852.51,801,0,6,2,17,280,0
TXN002397,2818,1003.04,977,1,7,1,17,281,0
TXN002398,2011,3501.94,27,0,3,0,9,369,0
TXN002399,2809,438.61,42,2,8,0,15,345,0
TXN002400,2497,2423.41,965,0,7,1,7,551,0
TXN002401,1867,364.54,583,0,4,2,10,733,0
TXN002402,835,254.44,64,2,9,1,11,33,0
TXN002403,1204,1564.29,25,1,7,4,18,470,0
TXN002404,1726,1062.07,72,1,4,1,0,27,0
TXN002405,1690,139.04,482,2,5,3,5,370,0
TXN002406,311,5993.15,873,1,1,0,23,795,0
TXN002407,262,666.7,900,0,4,1,14,738,0
TXN002408,1443,2023.97,268,3,9,2,10,477,1
TXN002409,406,7526.76,826,2,5,2,12,116,0
TXN002410,2191,1476.05,95,1,5,1,5,244,0
TXN002411,342,5054.08,395,3,4,3,3,571,0
TXN002412,1340,389.29,869,4,8,1,9,297,0
TXN002413,244,6034.1,364,3,5,1,7,978,0
TXN002414,490,407.06,315,2,3,0,13,10,0
TXN002415,12,552.6,117,2,5,2,16,101,0
TXN002416,561,191.41,164,4,3,1,5,951,0
TXN002417,42,1513.39,877,3,2,0,23,192,0
TXN002418,2726,2338.14,790,2,9,0,3,494,0
TXN002419,594,2752.24,577,4,1,0,8,561,0
TXN002420,1453,196.78,306,1,8,1,14,933,0
TXN002421,1827,1719.81,772,2,2,0,17,630,0
TXN002422,1694,1797.91,740,0,3,1,18,197,0
TXN002423,134,2293.25,200,1,5,0,22,336,0
TXN002424,948,433.86,985,0,8,1,9,372,0
TXN002425,73,54.25,732,1,5,0,13,442,0
TXN002426,399,2560.03,180,3,2,0,6,677,0
TXN002427,1429,920.58,358,3,8,1,1,861,0
TXN002428,2626,1535.01,740,2,9,0,6,288,0
TXN002429,2907,978.94,996,0,6,2,3,621,0
TXN002430,130,1453.02,252,2,10,0,7,924,0
TXN002431,2979,2655.91,299,1,8,0,7,802,0
TXN002432,1812,118.1,873,0,10,0,22,859,0
TXN002433,2002,4312.29,430,2,8,2,1,242,0
TXN002434,266,881.33,4,2,5,0,22,190,0
TXN002435,1561,7727.1,653,1,3,0,3,993,0
TXN002436,1986,631.85,678,1,5,0,23,452,0
TXN002437,793,484.0,254,2,7,0,7,116,0
TXN002438,2301,917.81,941,1,8,0,0,275,0
TXN002439,2870,1998.16,665,0,3,0,15,48,0
TXN002440,1313,789.01,579,4,4,2,23,241,0
TXN002441,164,2179.86,567,4,4,1,11,690,0
TXN002442,95,689.14,96,2,6,0,11,306,0
TXN002443,1806,1143.52,167,1,0,1,19,918,0
TXN002444,2881,16056.41,833,1,2,1,12,663,0
TXN002445,1134,1683.65,331,0,5,0,17,984,0
TXN002446,2384,1853.8,898,1,2,0,23,956,0
TXN002447,822,187.34,965,2,4,0,14,573,0
TXN002448,238,5569.97,888,5,7,0,3,740,0
TXN002449,2429,3943.24,854,1,4,0,5,67,0
TXN002450,2947,465.29,62,0,5,0,21,5,0
TXN002451,2531,3850.93,174,3,6,0,9,926,0
TXN002452,1961,1629.06,253,1,8,0,23,905,0
TXN002453,2950,1159.45,461,2,5,0,20,334,0
TXN002454,1049,5162.35,624,3,5,2,6,449,0
TXN002455,1677,593.03,215,1,3,1,12,481,0
TXN002456,2530,460.9,239,2,7,1,5,395,0
TXN002457,2965,1406.8,415,2,6,0,14,319,1
TXN002458,964,2067.04,739,1,3,1,13,375,0
TXN002459,537,3496.71,742,0,8,0,21,852,0
TXN002460,1604,914.94,745,1,4,0,0,783,0
TXN002461,1980,395.55,675,2,9,1,20,954,0
TXN002462,128,22794.65,126,1,3,1,20,418,0
TXN002463,92,297.7,941,1,4,2,17,283,0
TXN002464,543,1171.62,253,1,7,1,8,467,0
TXN002465,846,2795.17,845,1,8,2,23,675,0
TXN002466,1682,4364.89,950,2,4,1,19,788,0
TXN002467,1852,555.24,711,1,6,1,17,91,0
TXN002468,2495,115.6,197,1,5,0,15,392,0
TXN002469,390,540.06,634,2,11,0,20,174,0
TXN002470,2720,3082.78,413,1,6,0,9,936,0
TXN002471,1885,2356.65,456,3,4,2,6,753,0
TXN002472,43,2450.74,776,2,8,0,22,746,0
TXN002473,254,2576.01,54,1,6,2,22,998,0
TXN002474,1084,5475.84,647,2,6,0,5,392,0
TXN002475,2711,432.22,339,0,4,1,14,95,0
TXN002476,2515,260.48,359,1,9,1,2,124,0
TXN002477,2335,1710.56,151,1,2,1,6,77,0
TXN002478,1541,311.62,100,2,5,0,17,568,0
TXN002479,1954,241.51,234,2,8,2,8,662,0
TXN002480,2826,4763.57,544,0,9,2,4,344,0
TXN002481,2393,1480.94,62,1,2,0,14,352,0
TXN002482,642,1134.78,941,2,8,1,14,808,0
TXN002483,2430,1163.43,196,0,0,1,15,519,0
TXN002484,690,965.49,542,1,4,0,5,308,0
TXN002485,1277,4725.31,755,1,3,0,23,910,0
TXN002486,1951,178.12,106,1,4,0,4,53,0
TXN002487,1080,169.49,295,2,6,0,13,786,0
TXN002488,1487,356.5,645,0,7,2,16,271,0
TXN002489,457,1551.53,451,2,7,2,9,795,0
TXN002490,983,9570.23,534,0,4,1,11,357,0
TXN002491,2131,3111.63,156,3,4,0,20,435,0
TXN002492,1123,2232.62,406,1,6,1,21,961,0
TXN002493,149,996.41,896,3,5,0,12,253,0
TXN002494,1353,221.62,726,1,5,2,20,975,0
TXN002495,1180,2034.46,738,1,5,0,0,571,0
TXN002496,190,12470.99,797,0,3,1,0,570,0
TXN002497,883,822.16,683,1,6,0,3,406,0
TXN002498,2311,559.58,554,0,5,0,15,202,0
TXN002499,400,826.92,572,5,1,1,15,26,0
TXN002500,2812,2252.29,375,0,6,0,15,472,0
TXN002501,609,1253.98,589,1,8,0,10,445,0
TXN002502,1796,3268.27,455,1,4,0,22,591,0
TXN002503,1639,1053.48,202,1,5,1,3,941,0
TXN002504,1576,821.22,732,1,5,1,20,829,0
TXN002505,2833,1443.47,452,0,7,0,14,591,0
TXN002506,2149,573.88,187,3,6,1,4,206,0
TXN002507,1383,8856.6,608,2,3,1,4,202,0
TXN002508,1404,2944.63,854,4,5,1,11,225,0
TXN002509,820,293.06,724,0,5,0,13,45,0
TXN002510,820,448.13,368,1,7,1,11,890,0
TXN002511,420,2161.17,340,0,6,3,3,410,0
TXN002512,124,1366.46,262,0,8,0,22,209,0
TXN002513,422,1576.58,841,1,7,1,0,784,0
TXN002514,1509,870.83,924,2,5,1,19,465,0
TXN002515,1598,1893.55,589,1,1,2,4,523,0
TXN002516,768,895.76,543,0,6,1,22,249,0
TXN002517,2045,2156.1,551,3,2,0,10,176,0
TXN002518,2531,2772.86,306,4,4,0,18,350,0
TXN002519,2567,7540.84,846,3,4,1,17,140,0
TXN002520,2203,591.32,726,0,8,2,19,184,0
TXN002521,2140,1082.1,638,0,5,2,6,974,0
TXN002522,1550,253.97,165,2,4,0,14,848,0
TXN002523,2503,9813.49,758,3,6,1,17,55,0
TXN002524,1765,102.45,621,0,8,1,6,464,0
TXN002525,2045,8262.18,88,1,6,0,7,907,0
TXN002526,2646,1226.8,200,1,9,1,5,226,0
TXN002527,510,1811.87,271,0,6,1,8,899,0
TXN002528,1207,898.92,51,3,8,1,11,101,0
TXN002529,386,1138.33,489,1,4,0,16,432,0
TXN002530,1598,2220.97,198,4,3,0,17,416,0
TXN002531,2453,153.86,23,1,6,0,19,343,0
TXN002532,2294,501.42,665,2,4,0,23,124,0
TXN002533,742,397.79,223,1,5,1,2,401,0
TXN002534,2709,1875.98,942,0,3,1,23,112,0
TXN002535,2698,1102.39,221,1,2,0,19,298,0
TXN002536,1912,2302.42,663,2,3,0,10,268,0
TXN002537,1447,1336.39,266,2,3,1,20,503,0
TXN002538,901,3906.15,73,1,3,0,18,803,0
TXN002539,2113,451.09,881,1,10,1,11,883,0
TXN002540,2261,1175.9,77,1,3,1,21,542,0
TXN002541,2010,4151.55,544,1,5,0,15,736,0
TXN002542,242,3265.58,881,0,5,1,18,130,0
TXN002543,2541,185.75,435,2,7,1,8,866,0
TXN002544,2386,322.04,937,0,6,0,21,468,0
TXN002545,2021,994.11,65,0,9,1,16,905,0
TXN002546,173,827.32,961,2,3,3,9,937,0
TXN002547,672,1013.83,357,3,6,1,2,291,0
TXN002548,164,2851.01,936,1,7,1,15,854,0
TXN002549,465,1551.94,18,1,4,0,7,414,0
TXN002550,497,1664.42,676,2,7,1,17,412,0
TXN002551,700,2452.19,799,1,4,0,10,767,0
TXN002552,2443,3979.89,566,3,7,0,23,900,0
TXN002553,703,28.02,575,1,6,3,9,557,0
TXN002554,1941,689.56,769,0,5,0,21,106,0
TXN002555,2356,380.1,751,4,5,2,3,305,0
TXN002556,1792,1939.88,436,1,11,1,12,732,0
TXN002557,183,629.85,996,1,5,2,17,694,0
TXN002558,629,1201.15,441,0,4,0,2,610,0
TXN002559,2558,3049.01,9,1,2,0,1,960,0
TXN002560,1732,531.88,470,1,2,1,9,19,0
TXN002561,546,1694.9,632,2,4,0,12,865,0
TXN002562,1588,7076.92,348,1,6,0,19,164,0
TXN002563,624,2974.82,602,2,5,1,20,19,0
TXN002564,594,163.54,372,2,6,0,11,918,0
TXN002565,744,772.71,970,2,5,0,4,805,0
TXN002566,1769,1680.72,824,1,7,0,16,174,0
TXN002567,1460,2128.86,175,3,7,0,16,511,0
TXN002568,1949,810.12,515,3,2,1,4,32,0
TXN002569,2602,508.9,130,1,10,1,17,815,0
TXN002570,2069,1189.53,566,3,6,0,19,791,0
TXN002571,2602,297.6,293,3,6,0,4,477,0
TXN002572,2445,4103.85,696,0,5,1,5,181,0
TXN002573,2673,10325.97,927,2,5,1,8,926,0
TXN002574,105,1760.99,353,2,10,2,18,398,0
TXN002575,2240,829.71,224,1,3,0,14,859,0
TXN002576,17,3391.68,524,0,7,2,8,919,0
TXN002577,393,2769.2,954,1,5,1,18,577,0
TXN002578,425,787.88,707,0,5,1,17,803,0
TXN002579,2177,1035.45,759,1,4,2,21,763,0
TXN002580,572,527.72,509,2,3,0,4,687,0
TXN002581,2077,1336.25,368,1,6,1,22,32,0
TXN002582,1121,1569.78,666,3,8,0,15,804,0
TXN002583,242,430.02,590,2,5,2,2,653,0
TXN002584,2280,301.99,652,1,5,0,16,633,0
TXN002585,789,223.36,500,1,6,0,2,948,0
TXN002586,715,1807.76,90,3,2,2,12,689,0
TXN002587,759,1081.63,656,0,4,0,11,413,0
TXN002588,2850,991.99,949,3,7,0,13,528,0
TXN002589,776,1914.92,72,0,7,0,4,20,0
TXN002590,2774,371.98,433,1,7,2,15,506,0
TXN002591,2248,303.6,689,3,3,0,10,361,0
TXN002592,2993,1464.54,348,2,7,0,18,369,0
TXN002593,79,137.77,263,2,7,1,18,103,0
TXN002594,856,803.69,271,3,3,1,8,168,0
TXN002595,2515,21157.2,509,1,1,0,9,296,0
TXN002596,2629,217.4,508,4,3,2,21,933,0
TXN002597,1440,654.79,617,1,4,1,12,633,0
TXN002598,2988,85.84,420,0,6,0,22,539,0
TXN002599,2497,828.43,72,5,4,0,11,480,0
TXN002600,2135,11612.57,74,0,6,1,8,459,0
TXN002601,2149,1920.42,655,1,6,1,21,340,0
TXN002602,1032,525.03,503,0,4,3,5,343,0
TXN002603,845,15028.34,574,0,4,2,0,610,0
TXN002604,87,135.53,146,3,6,2,16,788,0
TXN002605,2091,1890.76,46,3,8,0,13,647,0
TXN002606,408,1185.47,741,3,7,0,18,135,0
TXN002607,2712,815.31,105,3,10,1,7,210,0
TXN002608,1669,2888.55,109,1,3,0,9,616,0
TXN002609,148,265.5,317,2,4,0,18,272,0
TXN002610,2325,1595.83,121,2,2,0,19,155,1
TXN002611,232,1370.31,499,1,6,1,13,203,0
TXN002612,1951,385.59,43,1,2,1,22,93,0
TXN002613,366,11384.35,940,3,4,1,18,232,0
TXN002614,1675,881.65,99,2,1,0,20,643,0
TXN002615,436,928.55,706,1,4,1,15,107,0
TXN002616,399,319.51,311,2,4,0,16,454,0
TXN002617,1235,901.44,214,2,6,3,12,369,0
TXN002618,1415,18064.53,463,0,6,0,8,277,0
TXN002619,2547,809.77,741,3,7,0,20,314,0
TXN002620,2588,2043.55,423,1,4,0,19,33,0
TXN002621,563,3431.17,996,2,4,0,6,670,0
TXN002622,2490,882.11,389,2,10,1,6,81,0
TXN002623,1285,670.81,697,0,2,1,13,744,0
TXN002624,773,1932.78,112,0,5,0,3,892,0
TXN002625,2398,820.97,911,3,4,1,8,997,0
TXN002626,2038,736.41,859,0,4,0,18,788,0
TXN002627,2568,3387.57,272,1,6,1,11,379,0
TXN002628,1344,1008.98,825,1,7,2,3,120,0
TXN002629,2186,4702.68,996,3,5,1,1,659,0
TXN002630,1574,982.09,102,0,2,1,5,870,0
TXN002631,992,225.74,210,3,5,3,21,590,0
TXN002632,2416,17.98,739,1,10,2,20,695,0
TXN002633,1247,120.81,793,0,5,2,6,642,0
TXN002634,360,148.54,22,3,6,0,5,455,0
TXN002635,921,1509.97,760,3,0,1,6,942,0
TXN002636,2377,341.86,159,2,3,0,4,203,0
TXN002637,2511,102.62,891,1,10,0,11,65,0
TXN002638,2994,937.22,741,2,4,0,13,7,0
TXN002639,963,299.41,930,2,4,1,7,220,0
TXN002640,1828,1911.64,343,1,8,0,13,255,0
TXN002641,2884,1855.52,400,1,6,1,14,289,0
TXN002642,1614,2106.75,454,1,3,0,16,463,0
TXN002643,1641,50.91,699,1,5,1,17,777,0
TXN002644,2217,1158.05,143,2,8,0,15,989,0
TXN002645,217,947.96,850,4,8,3,15,590,0
TXN002646,378,253.16,870,0,4,0,5,90,0
TXN002647,119,84.36,397,2,4,1,5,702,0
TXN002648,190,962.54,536,3,7,0,4,917,0
TXN002649,2815,3932.14,141,0,3,0,4,568,0
TXN002650,370,49.5,961,0,5,1,17,926,0
TXN002651,1802,403.82,240,1,4,1,22,615,0
TXN002652,2197,1284.14,292,1,3,0,7,885,0
TXN002653,652,4229.77,817,0,2,2,14,275,0
TXN002654,1883,753.82,82,0,2,1,9,163,0
TXN002655,1512,11127.82,560,3,6,2,2,29,0
TXN002656,770,127.18,865,1,6,0,17,34,0
TXN002657,2422,97.48,870,2,4,0,0,925,0
TXN002658,781,3719.18,171,1,1,0,16,326,0
TXN002659,1717,65.4,774,1,6,0,9,329,0
TXN002660,2208,1908.05,977,1,8,0,14,186,0
TXN002661,2399,770.13,580,1,3,2,5,712,0
TXN002662,1312,371.96,526,0,6,0,12,784,0
TXN002663,2940,657.21,542,1,4,1,2,226,0
TXN002664,1250,233.48,110,1,2,0,11,774,0
TXN002665,523,748.45,212,0,2,0,16,874,1
TXN002666,522,1119.8,776,0,4,0,4,971,0
TXN002667,783,665.5,438,2,10,0,16,936,0
TXN002668,2321,543.53,322,2,4,0,12,309,0
TXN002669,936,1487.67,997,3,3,1,15,881,0
TXN002670,2231,8034.39,900,3,4,1,19,626,0
TXN002671,1689,796.76,714,2,6,0,16,769,0
TXN002672,488,2933.61,84,1,1,0,9,959,0
TXN002673,1851,343.98,956,1,4,0,4,952,0
TXN002674,846,221.21,376,6,5,2,5,625,0
TXN002675,2172,1889.33,53,1,7,0,8,753,0
TXN002676,2838,828.62,867,0,7,1,22,774,0
TXN002677,2462,4253.07,496,1,5,1,16,54,0
TXN002678,2004,5380.35,256,2,1,1,14,675,0
TXN002679,1749,3001.6,586,0,6,2,5,984,0
TXN002680,686,2924.36,220,3,7,2,5,273,0
TXN002681,2161,17.99,655,2,5,1,6,788,0
TXN002682,2936,1869.5,100,0,6,0,0,89,0
TXN002683,2170,3088.55,129,2,2,0,11,122,0
TXN002684,1568,238.38,918,2,8,1,4,443,0
TXN002685,1246,1108.24,219,1,8,1,11,983,0
TXN002686,39,313.79,477,2,6,2,4,659,0
TXN002687,2545,3763.15,783,2,4,0,2,653,0
TXN002688,780,348.21,458,3,8,0,6,654,0
TXN002689,1257,423.51,980,2,6,0,2,969,0
TXN002690,2991,628.38,22,3,1,0,3,542,0
TXN002691,2197,16306.06,690,1,3,3,4,587,0
TXN002692,2709,3661.42,560,0,3,1,9,902,0
TXN002693,1928,7594.08,629,3,4,1,22,171,0
TXN002694,302,124.49,329,3,8,2,3,388,0
TXN002695,2286,239.09,888,3,2,0,7,597,0
TXN002696,647,5465.96,691,3,5,3,8,146,0
TXN002697,663,132.66,480,2,4,0,11,914,0
TXN002698,2284,489.79,785,2,9,0,15,77,0
TXN002699,1760,12918.42,874,2,7,0,19,774,0
TXN002700,2251,345.1,339,0,4,0,9,149,0
TXN002701,256,123.32,872,0,7,0,17,450,0
TXN002702,598,1160.92,859,1,2,0,15,277,0
TXN002703,662,129.58,179,2,4,0,9,140,0
TXN002704,235,4840.15,421,0,4,1,16,252,0
TXN002705,1369,374.72,482,0,7,0,4,424,0
TXN002706,2582,294.63,49,1,12,2,5,786,0
TXN002707,2908,1135.99,827,2,5,1,9,705,0
TXN002708,770,674.97,906,1,3,2,17,79,0
TXN002709,2589,1484.48,767,2,5,1,16,343,0
TXN002710,213,2050.43,30,3,1,0,14,665,0
TXN002711,463,844.93,85,0,5,0,20,532,0
TXN002712,2484,272.13,789,2,3,0,15,591,0
TXN002713,283,2634.92,502,1,6,0,11,622,0
TXN002714,1487,477.19,546,5,3,2,13,3,0
TXN002715,1431,386.49,329,2,3,0,1,555,0
TXN002716,88,1301.4,610,2,6,1,21,383,0
TXN002717,1068,108.38,434,2,3,0,0,703,0
TXN002718,461,1752.94,588,0,6,1,22,186,0
TXN002719,2326,1387.02,687,1,7,0,3,817,0
TXN002720,2469,4214.07,853,1,6,0,0,242,0
TXN002721,1725,601.56,249,3,2,1,5,252,0
TXN002722,1377,5376.53,852,1,6,1,19,967,0
TXN002723,2744,2070.55,134,1,5,0,19,811,0
TXN002724,515,1061.94,690,2,3,1,5,385,0
TXN002725,703,9701.49,365,0,7,1,21,717,0
TXN002726,1654,1229.37,740,0,4,0,10,269,0
TXN002727,2067,588.73,575,3,7,1,23,887,0
TXN002728,23,1272.33,780,1,7,4,23,144,0
TXN002729,2461,574.35,425,1,6,0,12,484,0
TXN002730,1054,1717.07,415,0,2,1,8,446,0
TXN002731,1831,5349.86,770,3,5,1,19,306,0
TXN002732,2156,1086.15,656,3,5,0,22,230,0
TXN002733,1305,1221.91,512,4,6,3,4,570,0
TXN002734,1135,2856.63,385,1,6,0,16,731,0
TXN002735,2184,4558.22,388,2,9,3,18,854,0
TXN002736,362,637.04,815,2,4,0,22,61,0
TXN002737,2177,1348.57,449,2,1,1,2,776,0
TXN002738,1900,2871.86,564,1,4,1,19,784,0
TXN002739,1285,1629.36,303,1,6,0,1,864,0
TXN002740,515,117.39,99,0,8,0,12,445,0
TXN002741,449,3566.26,973,3,5,1,11,400,0
TXN002742,1924,2053.82,306,3,5,0,14,549,0
TXN002743,1507,2236.66,557,1,9,0,21,821,0
TXN002744,1248,262.28,42,3,3,0,13,966,0
TXN002745,1856,1316.68,991,4,7,0,22,601,0
TXN002746,874,3016.99,468,1,7,0,10,58,0
TXN002747,2521,381.19,440,0,2,0,16,746,0
TXN002748,1429,520.79,327,0,5,2,15,855,0
TXN002749,2350,3079.66,569,1,6,1,21,339,0
TXN002750,2279,492.49,33,0,3,0,20,921,0
TXN002751,1755,853.88,412,2,6,0,1,769,0
TXN002752,923,316.86,626,0,7,1,15,457,0
TXN002753,2985,9739.32,812,1,5,2,21,288,0
TXN002754,2160,2048.26,114,3,4,2,16,301,0
TXN002755,1037,807.16,508,2,3,2,8,374,0
TXN002756,1417,644.94,56,0,3,1,21,562,0
TXN002757,2548,251.13,556,4,2,0,2,81,0
TXN002758,2980,960.91,724,0,3,0,1,653,0
TXN002759,2646,2435.9,352,2,3,0,11,408,0
TXN002760,2282,414.98,329,1,4,1,21,116,0
TXN002761,2650,1244.7,546,1,4,0,0,542,1
TXN002762,314,705.67,270,1,8,1,17,811,0
TXN002763,2614,5745.31,196,0,4,1,17,574,1
TXN002764,2257,510.79,413,3,7,0,16,823,0
TXN002765,1998,2786.63,637,1,5,0,23,21,0
TXN002766,1038,5841.99,79,2,3,0,13,428,0
TXN002767,1657,697.46,767,1,4,0,23,228,0
TXN002768,2635,541.16,657,1,9,0,10,974,0
TXN002769,1779,3318.42,83,3,5,1,7,23,0
TXN002770,1015,129.35,742,2,10,0,22,976,0
TXN002771,1094,1838.52,137,0,6,1,4,344,0
TXN002772,1125,165.61,539,3,7,2,1,398,0
TXN002773,698,4754.72,689,0,2,1,11,184,0
TXN002774,2180,810.36,719,1,4,1,2,503,0
TXN002775,1405,983.45,933,4,2,0,10,801,0
TXN002776,1156,459.85,924,1,4,0,22,625,0
TXN002777,1044,164.15,306,0,4,2,2,81,0
TXN002778,1930,5009.21,311,0,3,2,21,366,0
TXN002779,2584,893.13,388,2,0,0,15,699,0
TXN002780,1014,51561.08,725,1,2,0,5,995,0
TXN002781,227,414.79,866,0,10,1,1,259,0
TXN002782,1829,504.7,915,1,4,1,16,993,0
TXN002783,1493,373.65,549,2,4,1,20,476,0
TXN002784,822,887.68,506,0,5,0,13,92,0
TXN002785,2024,7260.92,388,1,9,1,17,965,0
TXN002786,871,3685.51,293,4,4,2,8,136,0
TXN002787,2453,180.28,179,0,3,0,0,109,0
TXN002788,2250,4651.5,672,0,10,0,19,50,0
TXN002789,2086,2488.29,429,2,10,0,21,583,0
TXN002790,2990,1954.06,880,2,3,0,20,315,0
TXN002791,1796,482.47,524,2,7,0,17,35,0
TXN002792,188,527.48,681,2,4,3,22,394,1
TXN002793,1081,1292.69,312,0,2,0,19,914,0
TXN002794,941,564.65,80,0,4,1,11,6,0
TXN002795,2321,5298.39,14,3,11,1,16,122,0
TXN002796,2631,536.39,54,2,4,1,23,638,0
TXN002797,2564,106.05,447,0,5,1,9,357,0
TXN002798,526,230.04,766,4,3,0,22,58,0
TXN002799,336,248.25,65,0,5,1,3,509,0
TXN002800,2746,799.5,372,0,7,0,15,568,0
TXN002801,1079,1421.23,503,0,0,1,10,976,0
TXN002802,2548,1169.77,570,2,5,0,0,695,0
TXN002803,2948,1906.63,96,1,9,2,22,551,0
TXN002804,2814,810.19,533,1,3,1,2,159,0
TXN002805,2584,845.32,260,0,2,1,14,945,0
TXN002806,162,8975.3,585,0,6,0,12,934,0
TXN002807,594,4658.41,248,1,5,2,23,302,0
TXN002808,1939,1789.98,127,1,4,0,9,54,0
TXN002809,2207,3294.48,499,4,4,2,5,741,0
TXN002810,60,108.69,46,1,4,1,22,597,0
TXN002811,2963,408.69,982,1,4,0,4,205,0
TXN002812,1902,652.86,268,0,5,2,23,866,0
TXN002813,2259,414.5,640,0,6,1,12,374,0
TXN002814,406,171.59,542,1,3,1,13,457,0
TXN002815,664,1816.47,94,2,5,0,18,482,0
TXN002816,1133,5784.27,736,2,2,1,1,545,0
TXN002817,1100,1079.9,316,2,7,2,13,179,0
TXN002818,542,2387.06,612,2,6,0,16,202,0
TXN002819,1338,1042.06,71,1,2,1,10,478,0
TXN002820,998,645.51,593,0,6,1,19,591,0
TXN002821,1141,3304.48,449,2,3,0,20,391,0
TXN002822,2975,197.59,910,1,4,1,7,745,0
TXN002823,868,117.2,367,2,11,0,18,327,0
TXN002824,2067,194.27,812,4,4,0,10,316,0
TXN002825,432,3054.3,620,3,6,0,21,700,0
TXN002826,740,1217.62,614,2,3,0,23,399,0
TXN002827,1374,1723.04,410,2,2,0,13,538,0
TXN002828,183,8203.43,91,2,6,0,13,874,0
TXN002829,2161,271.51,509,2,10,1,8,186,0
TXN002830,1207,4651.78,877,0,3,0,5,659,0
TXN002831,2529,681.58,528,1,4,0,11,437,0
TXN002832,1170,567.91,110,3,4,0,6,109,0
TXN002833,831,1208.9,775,0,0,2,15,723,0
TXN002834,1652,1458.67,672,4,4,0,6,422,0
TXN002835,1137,851.8,765,0,10,0,18,54,0
TXN002836,2811,2281.02,89,0,7,0,2,120,0
TXN002837,476,1214.75,607,1,6,0,5,615,0
TXN002838,2811,863.33,272,2,6,0,7,274,0
TXN002839,1327,665.45,247,2,8,0,9,513,0
TXN002840,971,1459.74,361,2,6,0,13,966,0
TXN002841,1020,215.3,378,2,3,0,9,746,0
TXN002842,1142,302.07,206,1,3,1,16,660,0
TXN002843,1837,705.61,345,1,2,1,22,761,0
TXN002844,161,2108.75,830,3,3,1,5,159,0
TXN002845,2449,14348.78,798,1,5,1,19,621,0
TXN002846,198,905.79,760,3,7,1,4,786,0
TXN002847,1284,130.44,455,6,7,0,13,118,0
TXN002848,660,424.84,908,1,4,1,1,145,0
TXN002849,1776,2417.94,67,0,0,1,23,288,0
TXN002850,1071,342.29,987,3,3,1,23,703,0
TXN002851,2011,228.86,558,3,7,0,14,250,0
TXN002852,399,2402.83,979,2,7,0,1,824,0
TXN002853,1734,1915.73,43,0,4,0,4,753,0
TXN002854,1583,187.34,229,1,6,0,6,857,0
TXN002855,2126,374.66,951,1,5,0,9,682,0
TXN002856,2172,4883.44,813,1,1,0,18,78,0
TXN002857,75,3051.57,444,0,5,0,3,325,0
TXN002858,2185,260.64,234,2,5,2,18,831,0
TXN002859,602,100.82,199,1,4,0,12,699,0
TXN002860,837,1513.56,497,4,10,0,3,967,0
TXN002861,1529,768.71,848,0,4,3,22,400,0
TXN002862,500,1363.88,32,2,2,0,15,135,0
TXN002863,1597,2348.65,264,1,8,0,23,569,0
TXN002864,138,348.1,113,0,4,0,21,276,0
TXN002865,2098,652.9,973,2,5,3,8,58,0
TXN002866,1795,372.83,830,0,3,0,20,505,0
TXN002867,973,389.21,459,2,9,0,17,760,0
TXN002868,1643,2159.67,276,3,5,0,0,776,0
TXN002869,1886,1303.6,146,1,7,0,13,635,0
TXN002870,2302,168.09,357,0,5,1,14,337,0
TXN002871,2029,2617.89,6,1,4,1,6,383,0
TXN002872,2758,720.48,340,2,6,3,13,760,0
TXN002873,1901,2766.67,992,2,7,0,0,585,0
TXN002874,2611,324.51,494,1,3,1,17,817,0
TXN002875,2805,361.11,108,0,3,0,5,687,0
TXN002876,1450,1483.34,925,1,6,0,23,113,0
TXN002877,547,294.2,772,1,8,0,7,443,0
TXN002878,922,788.51,71,0,9,5,7,618,0
TXN002879,581,256.7,939,1,7,0,6,126,0
TXN002880,1373,685.64,340,2,7,0,1,399,0
TXN002881,1957,1055.51,674,0,1,0,18,523,0
TXN002882,2004,1116.9,100,1,2,0,20,205,0
TXN002883,2097,707.9,327,0,7,1,11,740,0
TXN002884,2965,1636.02,33,1,8,1,14,24,0
TXN002885,704,1309.45,143,1,11,0,19,965,0
TXN002886,2309,985.12,244,1,3,0,1,156,0
TXN002887,2404,517.48,736,0,3,0,11,375,0
TXN002888,1626,3951.67,726,2,2,0,11,23,0
TXN002889,638,1743.32,632,1,0,2,5,642,0
TXN002890,2791,316.29,680,1,2,0,8,993,0
TXN002891,1010,2389.07,861,1,4,0,2,973,0
TXN002892,2979,3135.65,217,1,4,0,6,654,0
TXN002893,641,994.38,901,1,5,0,20,471,0
TXN002894,2840,1076.96,974,2,3,1,4,664,0
TXN002895,2660,92.7,434,1,3,0,23,136,0
TXN002896,1862,398.57,867,1,6,3,11,637,0
TXN002897,2857,3018.25,834,1,5,0,7,495,0
TXN002898,1206,428.74,729,0,3,1,18,949,0
TXN002899,686,905.23,54,1,2,1,14,571,0
TXN002900,1852,391.37,720,0,7,2,13,1,0
TXN002901,188,1446.61,942,4,6,0,15,964,0
TXN002902,1620,1758.98,592,0,5,0,1,407,0
TXN002903,1688,1816.32,907,3,4,0,7,590,0
TXN002904,985,279.43,892,2,10,2,21,986,0
TXN002905,548,1246.43,945,1,1,0,13,620,0
TXN002906,2773,7272.71,995,2,4,0,15,20,0
TXN002907,2974,2692.4,151,2,5,0,17,529,0
TXN002908,1432,1226.6,55,0,6,0,1,478,0
TXN002909,876,108.08,517,2,3,0,16,807,0
TXN002910,618,813.03,448,3,5,0,16,847,0
TXN002911,2462,7908.07,35,3,1,0,20,797,0
TXN002912,1366,5336.52,861,2,5,1,8,435,0
TXN002913,1244,1907.79,119,0,6,3,11,115,0
TXN002914,903,462.57,197,3,7,1,21,70,0
TXN002915,163,1167.63,566,4,5,0,14,443,0
TXN002916,1975,2774.36,771,1,8,0,21,872,0
TXN002917,270,3390.21,774,1,2,0,7,245,0
TXN002918,632,1595.82,855,3,4,0,2,146,0
TXN002919,906,3059.62,878,0,7,0,2,447,0
TXN002920,2015,1022.05,824,1,7,1,23,316,0
TXN002921,1642,969.24,514,1,5,1,7,175,0
TXN002922,205,632.26,594,2,4,2,2,480,0
TXN002923,582,1825.2,862,0,8,0,9,724,0
TXN002924,1580,3642.44,422,2,4,2,21,761,0
TXN002925,841,2566.07,952,0,5,1,0,897,0
TXN002926,1837,254.26,517,1,3,1,21,236,0
TXN002927,1252,271.14,686,1,4,0,16,733,0
TXN002928,1720,4123.13,139,1,7,0,8,453,0
TXN002929,1643,1355.45,705,1,7,1,19,484,0
TXN002930,2644,1420.52,650,2,3,1,3,4,0
TXN002931,2298,1382.62,809,3,3,1,19,558,0
TXN002932,875,8972.93,628,5,4,0,17,805,0
TXN002933,1465,641.92,44,1,10,1,21,479,0
TXN002934,2244,4187.93,858,4,4,0,18,486,0
TXN002935,690,1451.46,801,1,3,0,4,598,0
TXN002936,2011,160.68,219,0,5,0,22,248,0
TXN002937,2687,407.56,568,3,6,0,15,703,0
TXN002938,1423,529.3,754,1,7,1,11,642,0
TXN002939,2002,4071.35,908,1,1,3,9,35,0
TXN002940,672,4782.68,258,1,7,1,1,531,0
TXN002941,1172,1676.77,513,2,2,1,8,633,0
TXN002942,1496,585.62,961,1,6,0,4,331,0
TXN002943,944,367.54,377,0,4,1,2,281,0
TXN002944,2247,4294.53,893,2,4,1,11,170,0
TXN002945,1450,234.75,289,1,6,2,0,426,0
TXN002946,2540,968.1,470,2,3,1,1,961,0
TXN002947,896,18720.33,972,0,6,3,12,736,0
TXN002948,2190,587.72,103,4,2,0,2,903,0
TXN002949,1337,238.4,804,2,8,1,7,716,0
TXN002950,165,131.82,149,1,6,0,18,35,0
TXN002951,2362,19629.82,84,1,6,1,23,500,0
TXN002952,2069,1666.29,932,2,5,0,2,322,0
TXN002953,1106,386.49,26,1,3,2,23,113,0
TXN002954,1754,873.96,175,2,3,2,4,354,0
TXN002955,2353,494.95,735,2,6,1,23,722,0
TXN002956,1939,117.18,641,3,8,2,22,808,0
TXN002957,371,2823.52,422,4,5,1,21,623,0
TXN002958,1881,1142.04,654,1,5,1,1,521,0
TXN002959,853,2555.44,346,1,4,0,12,259,0
TXN002960,384,1105.29,302,0,4,1,8,819,0
TXN002961,1932,1283.69,298,3,4,0,22,603,0
TXN002962,2493,75.05,135,3,3,1,21,797,0
TXN002963,425,3259.79,55,2,3,1,8,526,0
TXN002964,2209,297.09,56,2,5,1,14,200,0
TXN002965,629,404.03,374,2,5,0,1,41,0
TXN002966,895,582.05,588,1,3,1,19,992,0
TXN002967,2538,92.72,831,1,4,1,19,952,0
TXN002968,2375,545.08,920,3,3,0,8,832,0
TXN002969,598,501.39,339,2,6,0,16,664,0
TXN002970,2337,696.87,457,3,7,1,7,922,0
TXN002971,593,142.39,355,3,5,2,8,11,0
TXN002972,1688,3338.41,132,3,9,2,14,261,0
TXN002973,573,1768.11,493,1,7,0,13,930,0
TXN002974,2076,388.83,554,1,4,2,8,568,0
TXN002975,2091,545.74,864,2,7,1,5,253,1
TXN002976,1705,2998.23,110,1,3,2,21,39,0
TXN002977,2471,805.15,582,2,2,0,0,136,0
TXN002978,177,247.49,796,2,6,1,5,429,0
TXN002979,529,991.97,126,1,3,1,14,399,0
TXN002980,1634,297.25,860,1,3,0,0,627,0
TXN002981,966,468.98,296,1,6,2,11,373,0
TXN002982,1518,1032.0,179,0,8,0,17,463,0
TXN002983,198,3890.35,925,1,2,0,4,502,0
TXN002984,2658,12431.51,810,1,5,1,22,932,0
TXN002985,2890,5625.91,886,1,7,0,17,153,0
TXN002986,853,1006.04,197,4,6,1,11,112,0
TXN002987,1538,16462.16,773,1,1,1,0,767,0
TXN002988,2070,2142.92,101,1,2,0,11,576,0
TXN002989,1081,338.45,937,0,5,2,8,169,0
TXN002990,2890,1228.39,573,2,4,0,14,933,0
TXN002991,98,498.55,183,2,3,1,23,42,0
TXN002992,1904,245.31,924,1,4,0,3,442,0
TXN002993,435,267.99,809,2,4,2,13,213,0
TXN002994,637,919.03,879,3,6,2,19,582,0
TXN002995,588,2710.93,9,0,4,0,6,993,0
TXN002996,344,3951.47,413,2,10,1,2,146,0
TXN002997,1318,246.25,718,1,4,1,9,310,0
TXN002998,1980,762.11,934,1,8,1,20,583,0
TXN002999,571,1966.3,830,0,6,0,22,987,0
TXN003000,611,1315.84,566,2,2,1,3,472,0
TXN003001,1728,2523.64,692,2,9,0,12,868,0
TXN003002,2291,650.91,104,0,1,0,22,168,0
TXN003003,1855,5051.79,126,0,3,1,15,256,0
TXN003004,2609,1091.07,546,2,7,1,11,658,0
TXN003005,960,2722.4,677,2,8,0,18,983,0
TXN003006,2080,694.42,945,2,8,0,7,514,0
TXN003007,2439,1176.23,810,3,4,1,9,391,0
TXN003008,2325,161.54,270,1,4,0,1,37,0
TXN003009,532,401.78,466,1,5,0,5,212,0
TXN003010,1178,854.95,801,1,5,0,3,38,0
TXN003011,2431,1236.54,118,1,5,1,20,650,0
TXN003012,1092,27376.54,866,1,4,1,13,833,0
TXN003013,1902,693.48,92,2,4,1,3,585,1
TXN003014,884,210.19,612,2,6,2,9,574,0
TXN003015,2262,8458.96,485,1,4,1,17,35,0
TXN003016,1679,4002.22,87,1,3,2,1,256,0
TXN003017,2424,273.74,234,1,5,0,3,577,0
TXN003018,2792,1916.61,913,1,5,1,3,993,0
TXN003019,2261,2987.67,124,2,2,1,0,36,0
TXN003020,2127,1334.87,203,1,9,0,21,297,0
TXN003021,1750,1621.3,32,5,3,1,7,674,0
TXN003022,2676,513.52,357,1,7,1,13,488,1
TXN003023,2652,2007.3,463,2,1,2,8,199,1
TXN003024,782,608.12,964,5,6,2,0,535,0
TXN003025,2728,45.86,551,1,8,2,6,402,0
TXN003026,2106,1387.86,94,0,10,1,16,705,0
TXN003027,881,146.77,522,1,3,0,1,523,0
TXN003028,447,3700.39,727,1,3,2,1,84,0
TXN003029,2114,282.31,408,1,6,1,2,754,0
TXN003030,1784,57.77,100,3,3,1,18,276,0
TXN003031,1278,131.22,244,1,4,1,3,288,0
TXN003032,1992,1043.39,58,2,4,0,5,956,0
TXN003033,1068,1371.7,965,1,4,1,19,96,0
TXN003034,1578,201.31,357,0,7,0,22,947,0
TXN003035,1012,302.82,491,2,4,0,3,212,0
TXN003036,2275,1086.07,320,1,6,0,14,539,0
TXN003037,774,3521.61,19,3,4,2,10,68,0
TXN003038,2727,256.7,357,3,4,0,8,993,0
TXN003039,1815,1728.5,117,2,5,0,1,753,0
TXN003040,2649,136.12,136,0,8,1,0,85,0
TXN003041,2427,1602.09,839,3,3,1,12,576,0
TXN003042,1202,2716.1,296,1,7,0,6,791,0
TXN003043,1451,2057.09,525,1,7,0,6,739,0
TXN003044,2757,3616.56,101,1,4,0,17,379,0
TXN003045,307,3338.55,380,1,6,0,7,831,0
TXN003046,779,10059.96,155,2,6,3,20,901,0
TXN003047,2552,1249.3,594,1,5,0,16,838,0
TXN003048,2316,10095.75,600,0,3,0,18,160,0
TXN003049,8,353.22,105,2,4,0,5,955,0
TXN003050,2556,857.13,642,1,6,0,2,710,0
TXN003051,476,955.27,784,2,3,1,12,42,0
TXN003052,1321,313.77,526,2,3,2,3,602,0
TXN003053,2212,64.54,128,2,4,1,15,315,1
TXN003054,485,3112.43,401,4,6,0,17,393,0
TXN003055,2615,359.27,572,4,5,0,7,448,0
TXN003056,905,677.9,966,0,5,2,23,577,0
TXN003057,559,7343.0,739,1,4,0,19,533,0
TXN003058,1968,2178.74,529,2,3,1,7,22,0
TXN003059,2286,8850.72,557,1,5,1,6,472,1
TXN003060,1128,1267.29,550,1,3,1,21,613,0
TXN003061,1234,2135.79,124,2,3,0,2,763,0
TXN003062,2602,821.55,360,0,6,0,7,597,0
TXN003063,2876,396.06,64,0,8,0,1,207,0
TXN003064,468,2126.33,889,1,8,0,13,10,0
TXN003065,2434,649.97,765,2,5,1,19,986,0
TXN003066,2823,2376.6,774,2,7,0,20,120,0
TXN003067,848,553.04,956,1,5,1,4,842,0
TXN003068,2435,888.5,624,1,3,0,2,683,0
TXN003069,2925,978.15,102,1,5,0,8,218,0
TXN003070,259,3993.24,561,2,4,1,18,775,0
TXN003071,283,659.04,277,2,4,1,18,9,0
TXN003072,1650,4556.86,227,1,6,1,16,824,0
TXN003073,1899,370.25,23,0,6,1,2,845,0
TXN003074,40,1516.0,844,0,6,1,23,96,0
TXN003075,2534,480.52,697,0,2,2,23,372,0
TXN003076,2977,4183.46,64,0,6,0,11,996,0
TXN003077,2268,410.59,157,0,3,1,15,408,0
TXN003078,1015,464.02,795,1,6,1,12,465,0
TXN003079,613,242.85,390,1,5,1,6,615,0
TXN003080,2976,1240.97,149,2,6,1,12,706,0
TXN003081,1916,2228.89,839,2,8,0,15,928,0
TXN003082,688,1958.15,363,2,3,1,3,896,0
TXN003083,613,922.34,681,1,3,0,15,178,0
TXN003084,2308,496.38,464,2,4,0,19,198,0
TXN003085,2414,784.92,645,2,4,1,5,687,0
TXN003086,1782,821.69,399,3,6,1,4,748,0
TXN003087,1811,1484.94,405,2,5,2,20,377,0
TXN003088,2592,1367.34,826,1,3,1,9,922,0
TXN003089,2697,8845.49,132,2,2,2,19,338,0
TXN003090,1548,1150.05,197,2,8,1,19,720,0
TXN003091,1931,1690.81,647,2,4,0,22,645,0
TXN003092,2862,1194.82,35,1,3,0,7,437,0
TXN003093,1153,740.94,420,2,3,1,7,163,0
TXN003094,575,1677.21,377,3,1,3,22,892,0
TXN003095,1911,661.96,399,4,6,0,3,289,0
TXN003096,1013,1022.64,220,1,8,1,9,212,0
TXN003097,670,4407.76,898,3,3,1,0,452,0
TXN003098,269,612.51,888,1,6,0,2,437,0
TXN003099,1284,1745.53,697,2,4,0,20,256,0
TXN003100,924,55.83,517,1,11,1,7,866,0
TXN003101,1126,877.95,583,3,4,1,10,866,0
TXN003102,1530,607.56,342,1,3,1,1,954,0
TXN003103,1759,1266.88,753,1,9,3,4,903,0
TXN003104,1595,825.93,863,2,7,0,5,115,0
TXN003105,247,1299.61,416,2,6,0,19,226,0
TXN003106,1561,696.17,456,2,4,0,19,800,0
TXN003107,2179,1743.42,297,2,4,3,5,282,0
TXN003108,2401,140.11,938,2,8,2,7,925,0
TXN003109,2244,1253.5,331,2,2,0,15,274,0
TXN003110,1940,356.2,705,1,5,1,1,678,0
TXN003111,930,4453.47,680,2,7,2,6,345,0
TXN003112,2693,349.37,339,1,8,0,14,235,0
TXN003113,227,3620.13,748,1,7,0,15,156,0
TXN003114,2749,1081.56,806,1,6,1,14,321,0
TXN003115,265,122.18,298,1,10,1,1,708,0
TXN003116,1396,383.17,760,2,3,1,3,272,0
TXN003117,1458,3033.16,677,0,7,0,16,391,0
TXN003118,646,2833.34,312,2,5,2,22,718,0
TXN003119,2259,230.62,583,2,5,0,20,380,0
TXN003120,1419,7154.0,743,0,3,1,2,692,0
TXN003121,1474,1064.78,55,1,8,0,8,642,0
TXN003122,2991,3171.04,985,2,5,0,17,403,0
TXN003123,1388,256.16,694,1,2,2,10,13,0
TXN003124,1900,634.52,534,2,3,0,20,494,0
TXN003125,2505,1806.39,795,0,5,0,19,125,0
TXN003126,2773,753.1,105,0,6,1,19,75,0
TXN003127,1250,32.95,175,3,4,0,14,449,0
TXN003128,982,872.24,294,3,6,0,17,675,0
TXN003129,1155,103.79,880,0,5,0,7,84,0
TXN003130,588,303.44,551,2,4,2,6,797,0
TXN003131,476,203.68,911,3,3,2,22,680,0
TXN003132,1822,4268.71,375,2,7,2,16,992,0
TXN003133,986,6220.63,450,0,5,2,7,866,0
TXN003134,2204,1652.22,445,1,8,1,8,333,0
TXN003135,1242,832.07,60,3,3,1,4,743,0
TXN003136,190,1134.57,392,0,4,0,7,463,0
TXN003137,1441,4265.12,812,2,5,3,12,957,0
TXN003138,981,101.48,811,1,5,2,22,172,0
TXN003139,1699,301.83,390,1,1,1,14,92,0
TXN003140,1716,3658.66,212,0,7,2,23,653,0
TXN003141,2594,4697.22,667,3,7,1,20,581,0
TXN003142,41,2225.34,685,0,3,1,6,217,0
TXN003143,2355,312.95,535,1,6,0,18,116,0
TXN003144,943,3595.57,240,0,4,1,9,254,0
TXN003145,338,5617.93,488,0,3,0,20,857,0
TXN003146,1338,2596.45,721,0,5,0,8,553,0
TXN003147,1099,54.99,122,2,6,1,17,567,0
TXN003148,2327,1273.49,253,1,4,1,14,314,0
TXN003149,896,2213.41,141,1,5,0,15,873,0
TXN003150,2321,590.67,452,1,11,0,14,484,0
TXN003151,2885,1371.98,852,2,5,0,21,158,0
TXN003152,2668,592.2,874,2,5,0,15,812,0
TXN003153,1675,389.98,832,2,8,0,14,303,0
TXN003154,2910,6719.1,153,6,6,0,3,485,0
TXN003155,931,1419.53,893,0,7,1,3,265,0
TXN003156,289,290.85,726,3,6,0,5,695,0
TXN003157,724,210.2,308,2,5,0,21,2,0
TXN003158,2941,390.26,560,2,4,1,3,584,0
TXN003159,2320,392.8,317,4,7,2,22,731,0
TXN003160,1954,1307.45,529,2,5,0,10,838,0
TXN003161,1090,1963.86,296,2,6,0,20,877,0
TXN003162,483,1961.34,843,0,4,1,13,839,0
TXN003163,936,445.8,345,3,6,1,17,991,0
TXN003164,2296,3310.18,581,1,5,0,9,389,0
TXN003165,156,4785.82,597,0,3,1,19,322,0
TXN003166,1071,802.75,282,2,4,1,7,292,0
TXN003167,1959,317.83,208,4,8,0,3,296,0
TXN003168,2502,1236.87,952,0,4,4,12,55,0
TXN003169,2249,14648.47,552,3,10,0,6,106,0
TXN003170,1684,307.98,981,1,1,0,12,278,0
TXN003171,124,583.24,96,1,10,0,16,26,0
TXN003172,2049,1174.88,452,0,7,1,5,735,0
TXN003173,968,2100.64,998,4,4,0,0,486,0
TXN003174,855,101.22,762,3,3,0,15,612,0
TXN003175,640,5255.68,373,2,4,1,13,408,0
TXN003176,2239,5170.63,648,0,6,0,2,309,0
TXN003177,1603,658.69,73,2,4,1,10,796,0
TXN003178,2564,28224.39,813,1,5,1,0,523,0
TXN003179,442,4785.02,785,2,3,0,6,190,0
TXN003180,1945,4488.8,681,3,5,0,17,32,0
TXN003181,1839,4559.94,333,2,7,2,11,800,0
TXN003182,1830,4404.84,393,1,6,1,7,465,0
TXN003183,2191,1068.18,710,0,6,1,14,855,0
TXN003184,533,948.47,859,1,7,1,7,340,0
TXN003185,2275,353.44,106,3,1,0,0,243,0
TXN003186,1337,548.48,101,2,4,1,9,82,0
TXN003187,949,755.15,359,0,4,2,13,563,0
TXN003188,2020,1186.25,747,0,7,1,15,177,0
TXN003189,460,7464.81,792,1,3,0,23,637,0
TXN003190,551,87.97,329,2,7,0,11,690,0
TXN003191,393,5507.8,889,2,5,0,22,571,0
TXN003192,1788,325.63,618,1,7,0,13,781,0
TXN003193,845,967.37,395,3,6,0,7,891,0
TXN003194,2258,459.77,35,2,3,0,7,229,0
TXN003195,1139,10149.02,157,3,7,0,1,827,1
TXN003196,646,601.88,904,3,6,0,11,75,0
TXN003197,2267,2050.29,273,1,6,1,8,682,0
TXN003198,2455,2181.83,967,0,5,0,8,586,0
TXN003199,1467,272.6,396,1,6,1,19,607,0
TXN003200,1378,976.4,752,2,5,2,5,976,1
TXN003201,2936,4652.65,207,2,2,0,22,746,0
TXN003202,2606,384.57,757,2,3,0,20,147,0
TXN003203,2598,2965.37,605,0,9,2,13,210,0
TXN003204,142,737.09,621,3,5,0,5,683,0
TXN003205,2660,4431.02,306,3,5,0,14,112,0
TXN003206,501,8928.43,626,0,4,1,19,233,0
TXN003207,840,98.55,536,3,5,1,17,119,0
TXN003208,2750,220.13,805,1,5,0,1,699,0
TXN003209,1683,647.93,462,2,4,0,13,800,0
TXN003210,1566,6364.62,252,2,4,1,1,219,0
TXN003211,2047,2077.58,267,1,7,1,2,931,0
TXN003212,1531,246.24,867,0,8,2,4,7,0
TXN003213,596,2476.75,209,2,3,1,15,534,0
TXN003214,1905,366.32,955,1,2,1,12,597,0
TXN003215,281,3117.04,567,0,1,1,23,218,0
TXN003216,424,2093.85,539,2,10,1,6,640,0
TXN003217,2904,364.4,835,3,2,1,11,495,0
TXN003218,270,1013.19,503,0,5,1,12,175,0
TXN003219,154,4767.71,956,3,1,2,9,511,0
TXN003220,2662,113.25,514,2,7,2,5,363,0
TXN003221,1751,1573.93,580,3,5,0,19,628,0
TXN003222,662,290.53,914,1,6,0,10,358,0
TXN003223,1968,1075.54,148,0,4,1,17,970,0
TXN003224,83,1899.44,981,1,5,2,12,282,1
TXN003225,2995,12280.93,831,0,3,1,12,210,0
TXN003226,2947,1062.57,974,2,4,1,3,58,0
TXN003227,1450,6365.39,840,2,6,0,10,968,0
TXN003228,1299,399.98,642,2,3,1,1,814,0
TXN003229,2332,605.45,986,0,4,2,14,752,0
TXN003230,980,2218.24,83,1,4,0,0,645,0
TXN003231,2221,1397.04,42,0,3,0,21,760,0
TXN003232,2811,739.44,156,1,6,0,13,612,0
TXN003233,1660,715.79,669,2,4,0,22,166,0
TXN003234,1399,5431.41,453,3,5,0,22,103,0
TXN003235,633,775.78,619,1,6,4,4,924,0
TXN003236,1532,322.14,284,1,4,1,11,635,0
TXN003237,787,393.13,188,1,4,2,6,679,0
TXN003238,2991,2450.09,617,1,8,1,20,644,0
TXN003239,398,16445.83,624,1,2,2,15,254,0
TXN003240,1144,584.77,474,3,6,1,22,572,0
TXN003241,934,14448.57,507,2,5,0,20,566,0
TXN003242,1461,1082.46,133,0,5,2,7,773,0
TXN003243,1853,783.86,271,0,7,1,16,391,0
TXN003244,2724,367.85,622,1,6,1,1,376,0
TXN003245,2984,864.7,73,2,4,2,12,599,0
TXN003246,2513,442.58,928,1,6,0,22,816,0
TXN003247,286,401.96,436,2,8,2,16,169,0
TXN003248,265,151.04,858,0,3,0,6,855,0
TXN003249,2368,9130.17,293,1,3,0,8,532,0
TXN003250,2721,3933.41,655,2,9,0,18,940,0
TXN003251,2868,1519.17,937,2,6,0,14,347,0
TXN003252,2137,922.59,772,2,6,1,20,808,0
TXN003253,1678,1089.31,757,1,3,2,5,193,0
TXN003254,1227,431.69,437,1,6,1,7,845,0
TXN003255,821,281.29,996,0,7,1,0,651,0
TXN003256,1763,2593.85,852,1,1,0,20,1,0
TXN003257,2382,800.58,667,1,1,2,20,333,0
TXN003258,2270,1621.14,661,1,1,0,9,54,0
TXN003259,41,149.17,60,1,5,0,7,896,0
TXN003260,1732,751.06,598,3,3,0,3,178,0
TXN003261,68,274.78,704,1,1,0,8,108,0
TXN003262,988,1960.33,327,2,5,1,20,72,0
TXN003263,1800,3620.38,943,1,11,0,22,189,0
TXN003264,2562,6321.04,182,1,5,1,23,354,0
TXN003265,1622,515.54,799,0,9,0,9,319,0
TXN003266,1656,283.3,785,1,6,0,5,547,0
TXN003267,1279,663.61,767,2,6,0,18,792,0
TXN003268,695,473.82,434,1,3,1,9,3,0
TXN003269,2525,1839.92,519,0,2,0,0,168,0
TXN003270,1086,203.7,638,0,6,0,20,522,0
TXN003271,2929,133.58,83,4,5,0,19,35,0
TXN003272,2480,723.62,28,2,5,1,15,178,0
TXN003273,1694,2622.3,266,3,7,0,1,681,0
TXN003274,2316,319.59,283,1,6,0,14,932,0
TXN003275,1059,3037.94,397,1,6,1,3,492,0
TXN003276,779,1700.04,962,2,4,0,4,941,0
TXN003277,494,7017.45,982,0,5,1,10,554,0
TXN003278,1586,418.76,763,3,3,1,16,270,0
TXN003279,1493,159.53,980,1,3,0,6,228,0
TXN003280,1791,2249.02,700,3,9,0,19,895,0
TXN003281,661,1534.33,383,2,6,1,8,758,0
TXN003282,1349,1398.28,811,0,7,2,6,536,0
TXN003283,1328,311.88,581,1,6,0,20,873,0
TXN003284,1300,2779.93,319,2,6,0,21,743,0
TXN003285,1987,512.8,838,3,6,0,10,817,0
TXN003286,2045,1397.55,611,0,4,0,17,632,0
TXN003287,1929,631.77,193,0,5,0,8,265,0
TXN003288,1348,1677.83,227,3,7,0,0,941,0
TXN003289,1059,261.35,451,1,4,3,7,711,0
TXN003290,977,1997.42,182,1,6,1,7,320,0
TXN003291,482,2414.16,932,3,8,1,0,426,0
TXN003292,728,1260.39,327,1,4,1,2,683,0
TXN003293,2528,7884.67,605,0,3,1,20,615,0
TXN003294,1032,1406.12,655,4,5,0,4,245,0
TXN003295,343,3302.73,203,2,7,2,11,931,0
TXN003296,1448,1225.25,402,0,2,1,5,717,0
TXN003297,2380,2966.92,644,0,3,0,13,744,0
TXN003298,2486,174.17,472,2,4,0,17,874,0
TXN003299,2222,1140.86,779,1,10,1,23,950,0
TXN003300,2607,283.63,646,3,7,0,15,944,0
TXN003301,527,1297.91,890,0,6,2,17,986,0
TXN003302,1897,1738.94,179,0,1,2,12,178,0
TXN003303,659,2889.96,698,0,7,0,20,695,0
TXN003304,2074,1974.15,956,1,4,1,23,901,0
TXN003305,820,732.0,18,2,3,1,8,498,0
TXN003306,2653,443.94,463,2,2,0,16,849,0
TXN003307,406,65.95,835,0,5,1,15,384,0
TXN003308,2280,1191.09,913,1,2,0,10,301,0
TXN003309,2581,4295.98,609,0,6,0,11,523,0
TXN003310,1574,1248.97,546,2,3,0,12,126,0
TXN003311,1812,990.59,926,0,10,1,7,406,0
TXN003312,505,1302.02,403,1,4,0,14,172,0
TXN003313,179,688.66,393,1,4,0,9,556,0
TXN003314,132,1385.7,936,1,3,0,12,561,0
TXN003315,1847,674.55,300,4,3,1,11,951,0
TXN003316,1479,372.91,351,3,5,1,20,879,0
TXN003317,2396,1001.89,187,3,2,1,5,657,0
TXN003318,2588,976.01,347,2,5,1,14,875,0
TXN003319,772,10406.69,623,5,5,0,0,565,0
TXN003320,1430,417.04,409,3,5,1,23,705,0
TXN003321,2124,905.67,759,4,1,0,15,480,0
TXN003322,579,805.93,71,2,11,2,22,495,0
TXN003323,2902,640.84,821,3,6,3,16,15,0
TXN003324,1516,2029.87,944,2,5,1,18,144,0
TXN003325,194,16083.6,327,2,4,1,2,246,0
TXN003326,2008,746.21,212,1,2,1,16,764,0
TXN003327,1186,2036.67,309,3,8,1,15,269,0
TXN003328,2395,110.52,108,1,7,2,1,216,0
TXN003329,2999,683.87,177,2,2,1,10,35,0
TXN003330,1385,7088.93,427,2,4,2,15,190,0
TXN003331,1793,1026.62,740,0,10,1,6,521,0
TXN003332,1111,2003.81,531,2,6,0,11,462,0
TXN003333,2262,519.41,834,3,6,2,15,324,0
TXN003334,1937,1493.79,418,1,4,1,7,616,0
TXN003335,2621,7780.15,248,2,10,1,15,162,0
TXN003336,780,272.57,209,3,5,1,9,689,0
TXN003337,262,15121.17,216,2,4,0,21,438,0
TXN003338,730,171.55,713,1,2,0,0,770,0
TXN003339,283,612.41,438,1,2,0,11,565,0
TXN003340,1491,402.18,769,4,7,1,20,664,0
TXN003341,362,790.8,618,3,5,0,7,701,0
TXN003342,441,395.96,988,1,4,0,5,803,0
TXN003343,2141,361.53,311,0,4,2,16,206,0
TXN003344,1645,263.99,783,1,2,3,14,536,0
TXN003345,2801,2375.27,383,2,1,1,5,449,0
TXN003346,867,824.23,981,1,3,2,0,976,0
TXN003347,1448,602.2,271,4,6,0,18,501,0
TXN003348,142,1538.72,121,0,6,1,17,193,0
TXN003349,1315,182.44,407,0,5,0,1,156,0
TXN003350,1456,1583.9,245,1,6,1,23,644,0
TXN003351,2797,979.93,66,2,7,0,22,494,0
TXN003352,1876,1016.74,942,0,6,0,3,664,0
TXN003353,1848,2044.69,228,1,8,1,10,783,0
TXN003354,1713,7881.15,882,0,7,0,20,792,0
TXN003355,2701,1615.77,137,1,10,0,8,308,0
TXN003356,701,862.77,194,1,9,1,14,449,0
TXN003357,998,265.29,706,2,3,0,11,571,0
TXN003358,2097,62.24,658,1,3,0,5,487,0
TXN003359,1326,1278.52,657,2,4,1,0,799,0
TXN003360,881,241.88,489,2,3,1,20,327,0
TXN003361,1214,52.02,584,5,4,1,23,651,0
TXN003362,1160,719.79,354,3,5,1,11,389,0
TXN003363,555,1461.73,930,0,6,0,22,158,0
TXN003364,404,2678.91,965,5,3,0,8,48,0
TXN003365,892,3918.64,704,1,4,2,5,364,0
TXN003366,2913,3136.47,556,4,4,1,18,440,0
TXN003367,602,3239.23,157,2,4,2,18,682,0
TXN003368,1831,188.35,958,1,7,0,6,613,0
TXN003369,341,916.43,476,1,2,0,21,395,0
TXN003370,1969,2199.1,16,2,3,0,9,505,0
TXN003371,704,1159.39,78,3,2,0,15,802,0
TXN003372,318,910.34,52,4,7,0,20,688,0
TXN003373,2666,1134.23,514,0,6,1,19,416,0
TXN003374,1387,1472.39,504,0,8,1,23,23,0
TXN003375,2430,999.97,744,2,8,0,21,298,0
TXN003376,2281,397.21,61,3,2,0,23,317,0
TXN003377,1801,142.11,132,1,8,1,9,2,0
TXN003378,1368,858.48,382,1,4,0,23,173,0
TXN003379,1573,1174.95,564,2,5,0,13,434,0
TXN003380,817,1159.68,809,1,4,1,7,905,0
TXN003381,553,3440.96,692,0,2,0,14,164,0
TXN003382,856,4258.74,543,3,9,2,21,146,0
TXN003383,1813,967.94,410,1,4,0,15,753,0
TXN003384,2867,976.29,155,2,3,1,7,716,0
TXN003385,183,2181.47,633,0,2,1,11,448,0
TXN003386,1575,1829.61,51,1,6,0,8,577,0
TXN003387,397,644.79,994,2,3,2,4,828,0
TXN003388,1728,2418.29,95,2,5,0,17,802,0
TXN003389,2827,919.98,688,2,6,0,7,196,0
TXN003390,1518,943.76,523,1,7,0,2,454,0
TXN003391,907,1845.19,904,1,6,1,20,152,0
TXN003392,1357,764.02,524,4,3,0,19,800,0
TXN003393,2175,1228.57,355,3,7,0,11,367,0
TXN003394,1,1567.21,45,4,6,0,8,101,0
TXN003395,19,2923.73,802,1,7,0,13,284,0
TXN003396,584,2691.27,205,0,7,1,23,714,0
TXN003397,456,1510.89,731,0,5,1,11,701,0
TXN003398,2037,47.92,840,3,2,3,4,462,0
TXN003399,1133,1468.54,431,1,3,0,11,509,0
TXN003400,2493,1767.75,256,1,4,1,6,535,0
TXN003401,1953,2255.47,248,1,3,0,22,679,0
TXN003402,2650,348.2,533,1,9,0,2,614,0
TXN003403,2151,85.93,41,1,6,2,17,860,0
TXN003404,988,2885.36,459,1,5,1,7,297,0
TXN003405,520,252.29,790,1,3,2,20,489,0
TXN003406,859,4753.34,277,6,3,1,9,495,0
TXN003407,174,547.64,924,2,5,1,6,749,0
TXN003408,1367,319.7,195,1,7,0,22,129,0
TXN003409,2479,1668.28,71,2,2,0,0,676,0
TXN003410,727,2297.12,270,2,7,0,16,670,0
TXN003411,1711,2138.57,335,3,2,1,14,604,0
TXN003412,1876,2002.06,585,2,6,0,16,655,0
TXN003413,2898,469.02,308,0,1,1,11,240,0
TXN003414,1682,175.51,427,2,2,0,7,93,0
TXN003415,1348,687.05,199,1,3,1,18,551,0
TXN003416,990,277.31,76,2,11,1,12,359,0
TXN003417,2687,1842.83,787,0,2,0,5,917,0
TXN003418,420,3130.97,795,1,9,0,2,161,0
TXN003419,594,1349.16,658,0,2,0,23,81,0
TXN003420,2533,1095.39,525,0,5,0,21,234,0
TXN003421,1775,755.58,875,2,5,2,2,379,0
TXN003422,2460,3556.1,641,4,4,1,12,539,0
TXN003423,936,121.93,230,1,3,1,10,25,0
TXN003424,1108,257.91,85,1,3,2,11,816,0
TXN003425,1137,9819.05,162,1,6,0,7,45,0
TXN003426,332,243.24,397,1,3,2,17,544,0
TXN003427,2703,2074.02,877,0,5,0,18,106,0
TXN003428,2089,2654.86,371,0,4,1,21,697,0
TXN003429,1794,108.69,563,1,8,0,13,847,0
TXN003430,959,136.84,215,1,3,0,15,623,0
TXN003431,105,5002.32,1,0,5,0,22,386,0
TXN003432,202,341.2,983,0,4,1,13,907,0
TXN003433,2498,352.57,377,1,3,2,16,579,0
TXN003434,1843,586.96,412,2,5,1,15,593,0
TXN003435,1867,342.21,635,2,4,0,1,665,0
TXN003436,1997,2062.18,800,1,7,0,10,824,0
TXN003437,1290,265.48,200,0,7,0,17,426,0
TXN003438,910,103.66,183,3,6,0,2,537,0
TXN003439,210,4392.39,410,2,6,0,20,164,0
TXN003440,563,281.61,398,3,6,0,13,207,0
TXN003441,2761,444.78,216,1,3,2,3,489,0
TXN003442,1564,2968.55,752,0,10,1,7,312,0
TXN003443,771,1193.08,349,1,4,0,2,627,0
TXN003444,2502,4166.41,580,0,8,2,1,499,1
TXN003445,2715,3023.5,831,2,4,1,5,479,0
TXN003446,629,636.44,594,0,6,0,22,682,0
TXN003447,1629,3737.99,654,1,6,1,9,599,0
TXN003448,1702,1341.21,923,3,3,0,21,89,0
TXN003449,387,534.82,41,2,5,2,7,275,0
TXN003450,1936,1553.84,751,1,4,0,23,868,0
TXN003451,2344,227.84,3,0,6,1,5,685,0
TXN003452,2306,2982.8,94,2,5,0,8,833,0
TXN003453,1105,2552.79,59,0,1,2,18,208,0
TXN003454,268,1267.03,740,3,2,0,5,776,0
TXN003455,2467,109.74,407,1,4,1,11,156,0
TXN003456,2283,4382.11,18,3,3,0,0,536,0
TXN003457,1857,1852.91,494,1,8,0,0,196,0
TXN003458,1999,1066.83,751,1,11,0,11,64,0
TXN003459,1381,882.89,872,0,5,1,15,471,0
TXN003460,1237,575.9,508,0,4,1,17,402,0
TXN003461,574,725.34,586,0,4,0,14,271,0
TXN003462,49,2760.2,888,0,7,0,18,118,0
TXN003463,1151,589.89,332,0,4,0,4,750,0
TXN003464,223,789.06,169,1,5,0,15,210,0
TXN003465,2969,940.95,776,1,4,1,15,226,0
TXN003466,1432,972.4,672,2,11,0,20,693,0
TXN003467,1529,522.5,849,0,7,0,13,555,0
TXN003468,1820,894.05,681,0,8,0,23,176,0
TXN003469,2325,1655.7,941,2,8,0,13,874,0
TXN003470,1462,370.27,206,1,2,0,2,264,0
TXN003471,1131,899.03,869,2,3,2,11,588,0
TXN003472,1682,11127.57,521,0,5,0,10,461,0
TXN003473,2468,1016.61,505,0,2,1,14,88,0
TXN003474,2659,359.06,346,1,5,0,3,193,0
TXN003475,375,312.03,304,0,4,0,14,459,0
TXN003476,2121,240.27,115,1,9,2,14,396,0
TXN003477,2022,7727.49,664,1,9,2,13,272,0
TXN003478,1054,3676.17,87,2,6,0,5,930,0
TXN003479,1890,233.33,95,3,5,0,20,877,0
TXN003480,1824,1417.21,743,2,6,0,0,144,0
TXN003481,1475,4768.58,428,1,7,0,21,950,0
TXN003482,2243,1044.65,698,1,11,0,8,405,0
TXN003483,1180,607.93,450,1,5,1,18,704,0
TXN003484,2895,16140.38,626,3,8,0,17,806,0
TXN003485,1065,111.45,786,7,3,2,3,313,0
TXN003486,2071,25824.96,976,3,2,0,12,347,0
TXN003487,360,1178.5,541,1,4,1,22,207,0
TXN003488,2608,5159.09,715,1,5,0,21,912,0
TXN003489,2720,259.63,2,2,4,1,20,561,0
TXN003490,2042,459.11,78,1,4,2,21,855,0
TXN003491,1142,300.08,324,3,2,1,13,35,0
TXN003492,1636,971.42,743,1,5,2,16,409,0
TXN003493,1404,1586.48,98,2,11,0,13,255,0
TXN003494,1944,3944.83,629,2,7,0,5,220,0
TXN003495,679,140.65,110,2,2,2,1,812,0
TXN003496,2488,1323.8,679,0,7,0,16,408,0
TXN003497,2981,3209.56,457,1,6,0,11,388,0
TXN003498,7,4018.34,488,3,6,0,15,362,0
TXN003499,2469,646.37,809,2,11,1,11,710,0
TXN003500,1592,656.1,967,1,4,0,3,398,0
TXN003501,833,981.98,371,1,3,1,4,451,0
TXN003502,2607,1370.96,337,1,4,0,0,341,0
TXN003503,1811,5234.98,890,1,1,1,2,674,0
TXN003504,914,256.69,599,2,6,1,11,998,0
TXN003505,2012,426.88,971,1,4,1,15,642,0
TXN003506,1443,221.92,22,3,3,0,8,492,0
TXN003507,1451,1832.26,722,3,7,1,1,263,0
TXN003508,1503,4111.91,305,3,5,0,13,419,0
TXN003509,126,199.31,924,0,4,0,13,535,0
TXN003510,2443,1219.8,272,2,3,1,9,852,0
TXN003511,817,3769.9,490,3,0,0,23,225,0
TXN003512,2929,2811.45,836,1,4,0,8,537,0
TXN003513,1830,2771.95,446,0,4,2,22,127,0
TXN003514,576,263.0,932,0,2,1,15,741,0
TXN003515,2373,2760.93,278,2,5,0,12,123,0
TXN003516,1416,877.34,651,0,4,0,21,364,0
TXN003517,930,3960.77,853,1,6,0,7,836,0
TXN003518,1464,1879.95,377,0,4,1,22,100,0
TXN003519,833,412.15,232,1,4,0,5,903,0
TXN003520,1055,1532.38,745,2,2,1,23,530,0
TXN003521,1649,2928.42,592,2,2,1,18,697,1
TXN003522,1901,597.27,426,2,5,0,4,566,0
TXN003523,1458,1279.93,55,5,2,1,13,950,0
TXN003524,2885,220.54,969,1,6,0,5,272,0
TXN003525,2974,2119.29,803,1,1,2,0,139,0
TXN003526,1400,1025.04,441,1,1,0,19,205,0
TXN003527,443,3284.28,34,0,2,0,0,766,0
TXN003528,2123,2048.86,329,0,5,0,20,258,0
TXN003529,557,672.76,845,1,5,1,10,813,0
TXN003530,1179,397.17,454,1,9,0,13,692,0
TXN003531,2038,301.36,388,3,2,2,0,894,0
TXN003532,363,596.51,764,0,3,0,10,600,0
TXN003533,2496,3179.62,430,2,3,1,17,680,0
TXN003534,1258,133.28,476,1,8,0,13,868,0
TXN003535,1842,316.44,125,2,6,0,18,582,0
TXN003536,2310,3074.2,523,2,5,1,2,40,0
TXN003537,1851,5403.18,482,1,3,0,14,668,0
TXN003538,2173,337.04,317,2,7,0,20,409,0
TXN003539,911,312.26,122,1,3,0,21,597,0
TXN003540,245,5934.82,547,0,4,0,15,972,0
TXN003541,542,945.47,581,3,5,0,0,168,0
TXN003542,2533,374.86,313,4,1,3,17,235,0
TXN003543,2170,3841.21,487,3,3,3,9,206,0
TXN003544,2173,2006.56,651,5,3,1,2,108,0
TXN003545,1573,2654.43,12,1,1,2,15,277,0
TXN003546,2218,399.04,125,1,4,0,9,85,0
TXN003547,124,1719.5,811,0,4,0,7,731,0
TXN003548,2694,4892.91,659,1,4,1,10,435,0
TXN003549,1732,2365.99,77,3,4,0,23,497,0
TXN003550,786,3307.16,580,0,4,0,6,949,0
TXN003551,2044,5906.28,718,1,5,0,20,230,0
TXN003552,2249,1832.07,236,5,0,1,8,89,0
TXN003553,2417,556.6,571,1,5,0,12,199,0
TXN003554,797,3141.74,770,0,0,0,16,255,0
TXN003555,77,290.95,254,1,8,0,16,139,0
TXN003556,59,839.84,904,1,4,0,23,267,0
TXN003557,2479,2220.96,406,0,4,1,3,602,0
TXN003558,2686,23.08,243,1,1,1,1,444,0
TXN003559,1524,1484.68,461,0,4,2,17,25,0
TXN003560,1937,1571.13,277,1,2,0,21,392,0
TXN003561,2157,280.59,469,3,6,2,10,794,0
TXN003562,1302,1621.38,220,1,2,1,8,634,0
TXN003563,68,1377.38,225,0,7,0,1,618,0
TXN003564,2353,1142.26,925,0,5,0,8,648,0
TXN003565,1933,4570.24,101,2,2,2,17,206,1
TXN003566,2722,3148.53,854,1,7,0,21,88,0
TXN003567,365,2363.69,634,0,3,1,8,243,0
TXN003568,821,320.84,730,3,4,0,9,394,0
TXN003569,1403,1074.05,507,0,6,0,22,492,0
TXN003570,2391,4542.9,587,2,6,0,2,882,0
TXN003571,947,847.6,331,1,3,0,6,701,0
TXN003572,2947,7080.6,237,4,5,1,7,688,0
TXN003573,1578,2448.01,994,1,1,1,11,342,0
TXN003574,1378,8531.09,339,0,4,1,0,975,0
TXN003575,1440,304.66,752,0,7,2,2,690,0
TXN003576,762,910.88,506,1,4,0,12,899,0
TXN003577,341,1020.29,165,2,6,1,10,995,0
TXN003578,2990,2269.71,846,4,7,1,21,549,0
TXN003579,383,452.0,669,0,6,0,11,221,0
TXN003580,1004,159.31,723,1,3,1,18,69,0
TXN003581,1557,1726.48,933,2,8,0,10,987,0
TXN003582,300,706.44,789,1,7,0,21,108,0
TXN003583,139,623.38,728,1,2,1,19,450,0
TXN003584,359,477.53,218,2,7,2,0,726,0
TXN003585,836,1272.41,745,4,5,1,7,661,0
TXN003586,1523,301.2,376,0,6,0,22,74,0
TXN003587,1628,868.67,12,2,0,1,18,464,0
TXN003588,1983,405.67,432,3,7,2,16,326,0
TXN003589,1304,527.94,83,1,3,0,6,818,0
TXN003590,2531,1676.68,431,1,5,0,9,934,0
TXN003591,909,2396.33,625,1,5,1,5,487,0
TXN003592,1135,759.51,478,1,6,1,7,648,0
TXN003593,2914,3503.08,783,2,3,3,11,302,0
TXN003594,2187,341.29,707,2,4,3,8,952,0
TXN003595,996,177.0,369,1,3,0,19,95,0
TXN003596,2483,220.61,653,3,3,1,13,833,0
TXN003597,2557,301.72,955,4,9,1,18,90,0
TXN003598,2321,226.9,969,1,7,1,19,353,0
TXN003599,2152,12399.17,636,2,6,0,13,307,0
TXN003600,1238,170.67,141,0,5,0,5,154,0
TXN003601,1785,3377.58,720,0,8,0,15,512,0
TXN003602,2810,1064.06,627,2,4,3,4,456,0
TXN003603,2835,1435.86,718,1,6,0,7,76,0
TXN003604,165,369.86,456,1,3,2,4,710,0
TXN003605,999,1620.59,502,0,3,1,3,18,0
TXN003606,2568,366.24,403,2,4,1,17,596,0
TXN003607,1308,3318.67,953,1,1,2,2,419,0
TXN003608,2565,3665.12,288,0,4,1,1,429,0
TXN003609,657,932.78,355,2,3,1,4,987,0
TXN003610,2661,1009.05,343,1,4,0,7,167,0
TXN003611,2212,1843.22,149,1,3,3,19,846,0
TXN003612,1910,1733.56,210,2,5,1,4,480,0
TXN003613,2047,3747.99,112,2,9,1,11,798,0
TXN003614,2112,3622.85,654,4,7,1,17,819,0
TXN003615,1141,1059.33,976,2,6,0,6,293,0
TXN003616,1890,618.52,536,0,4,1,10,556,0
TXN003617,267,2904.29,49,1,5,0,14,621,0
TXN003618,1846,909.1,800,3,4,0,18,792,0
TXN003619,1709,1257.01,331,2,5,3,7,593,0
TXN003620,2294,2072.23,365,1,4,0,17,409,0
TXN003621,2443,3535.71,11,4,5,0,17,963,0
TXN003622,1511,1499.7,188,4,2,0,3,550,0
TXN003623,476,542.05,509,0,9,0,7,243,0
TXN003624,977,9475.0,580,0,7,0,17,890,0
TXN003625,1208,6880.25,445,2,5,0,4,144,0
TXN003626,1044,323.24,90,2,5,0,4,315,0
TXN003627,1961,367.19,622,3,4,0,8,938,0
TXN003628,558,427.0,901,3,6,1,0,773,0
TXN003629,1018,3035.89,676,1,3,1,12,998,0
TXN003630,1606,9918.65,993,1,2,0,10,878,0
TXN003631,883,597.33,448,2,4,1,13,901,0
TXN003632,2195,1343.62,718,1,10,1,8,321,0
TXN003633,666,444.47,32,3,6,1,13,281,0
TXN003634,2668,8435.73,327,3,3,0,18,609,0
TXN003635,1772,2950.69,74,2,5,5,8,387,0
TXN003636,2868,407.66,251,2,2,0,16,506,0
TXN003637,864,87.99,450,2,3,0,14,775,0
TXN003638,582,3808.93,906,1,9,1,4,69,0
TXN003639,695,551.71,355,0,4,2,23,293,0
TXN003640,1252,3014.77,533,2,1,0,5,488,0
TXN003641,1611,1559.98,296,2,3,1,16,894,0
TXN003642,1240,121.37,298,0,4,1,10,48,0
TXN003643,2455,416.49,328,2,4,1,11,604,0
TXN003644,399,716.96,302,1,6,1,14,749,0
TXN003645,1947,487.38,512,0,4,1,13,985,0
TXN003646,715,1260.67,338,2,1,0,7,79,0
TXN003647,704,1775.18,585,5,7,1,15,251,0
TXN003648,2809,9388.42,374,1,5,0,15,95,0
TXN003649,2547,1932.67,553,1,2,1,12,675,0
TXN003650,1715,6563.78,94,4,4,1,10,116,0
TXN003651,1973,618.82,132,0,6,0,19,525,0
TXN003652,82,4439.32,611,1,3,2,16,19,0
TXN003653,604,694.06,910,0,4,3,23,590,0
TXN003654,1971,364.88,910,1,8,1,8,936,0
TXN003655,1711,346.84,53,3,6,2,7,852,0
TXN003656,2047,46.05,496,2,9,1,7,372,0
TXN003657,2820,3056.11,229,3,6,1,22,122,0
TXN003658,903,233.17,640,2,6,1,14,762,0
TXN003659,365,5941.84,212,1,4,1,0,358,0
TXN003660,163,889.75,797,0,14,0,17,116,0
TXN003661,2559,169.72,791,1,4,1,16,960,0
TXN003662,1864,286.78,504,3,3,0,8,725,0
TXN003663,116,1378.51,495,0,8,1,1,655,0
TXN003664,2989,114.9,853,2,3,1,17,574,0
TXN003665,2385,2225.94,671,2,0,1,12,733,0
TXN003666,881,177.75,864,2,6,3,13,987,0
TXN003667,2785,451.79,233,0,6,1,8,411,0
TXN003668,840,1391.95,71,1,3,1,2,432,0
TXN003669,2195,1922.02,717,2,5,0,17,681,0
TXN003670,1347,2856.25,189,3,4,1,20,839,0
TXN003671,2491,228.64,663,3,3,2,23,297,0
TXN003672,2885,757.37,8,1,4,0,1,377,0
TXN003673,1037,4070.82,332,0,6,1,9,941,0
TXN003674,943,757.59,612,3,7,0,4,421,0
TXN003675,1725,1561.07,16,1,4,0,20,943,0
TXN003676,2335,1332.65,666,0,5,0,13,352,0
TXN003677,2768,5226.43,669,1,3,1,0,60,0
TXN003678,1138,626.98,93,0,9,1,2,740,0
TXN003679,2528,206.86,262,1,6,2,18,291,0
TXN003680,22,343.28,549,0,2,1,0,403,0
TXN003681,1750,1375.56,161,1,3,1,12,617,0
TXN003682,683,166.76,351,0,7,0,23,92,0
TXN003683,2954,570.61,174,2,3,0,3,7,0
TXN003684,1834,1200.51,317,2,3,0,22,852,0
TXN003685,2368,437.07,937,1,5,0,20,942,0
TXN003686,126,1623.31,18,0,4,2,9,689,0
TXN003687,277,2615.72,486,2,2,1,22,104,0
TXN003688,2000,1892.95,367,2,0,0,3,114,0
TXN003689,1228,171.23,351,6,6,0,19,408,0
TXN003690,2242,1205.94,528,1,6,2,11,861,0
TXN003691,696,1324.69,872,1,2,0,8,270,0
TXN003692,1310,694.29,435,1,3,0,12,923,0
TXN003693,57,1597.15,933,2,5,0,1,995,0
TXN003694,19,1529.83,270,2,7,2,0,376,0
TXN003695,2312,983.33,871,2,4,0,7,742,0
TXN003696,2842,328.61,68,3,3,1,21,565,0
TXN003697,113,1062.15,30,2,5,1,13,965,0
TXN003698,542,10304.31,316,1,7,1,14,401,0
TXN003699,2695,684.87,821,3,6,2,13,102,0
TXN003700,579,3853.61,737,0,6,1,21,844,0
TXN003701,1089,1148.98,164,0,9,1,6,127,0
TXN003702,25,419.53,926,0,6,1,18,388,0
TXN003703,1573,768.23,320,3,4,3,3,845,0
TXN003704,2049,1074.66,14,2,3,2,16,775,0
TXN003705,2959,2407.28,279,2,3,0,8,180,0
TXN003706,1573,19073.49,432,2,4,0,10,895,0
TXN003707,141,1170.98,668,3,6,1,3,565,0
TXN003708,1768,250.38,634,1,3,0,5,869,0
TXN003709,648,150.58,263,0,5,1,22,748,0
TXN003710,2236,661.07,682,1,5,2,17,357,0
TXN003711,201,283.24,522,2,1,1,4,108,0
TXN003712,257,2141.98,964,0,6,1,20,801,0
TXN003713,547,2160.96,172,1,5,1,1,694,0
TXN003714,2242,920.42,358,0,7,1,10,758,0
TXN003715,2751,2413.57,13,1,4,2,11,893,0
TXN003716,802,1185.25,725,1,3,1,15,783,0
TXN003717,942,10312.26,673,1,7,0,14,767,0
TXN003718,414,2324.71,232,0,5,3,23,915,0
TXN003719,2015,3212.29,476,2,7,1,18,793,0
TXN003720,1382,192.91,471,0,2,0,7,658,0
TXN003721,1099,268.95,160,1,6,1,21,722,0
TXN003722,910,1948.09,639,0,4,0,0,749,0
TXN003723,188,170.87,560,1,1,0,19,61,0
TXN003724,2016,518.34,261,1,4,0,7,223,1
TXN003725,1314,4515.61,573,0,7,0,21,499,0
TXN003726,2093,505.21,634,1,9,0,17,958,0
TXN003727,2131,256.81,602,0,3,1,8,873,0
TXN003728,1147,2443.17,359,2,7,1,7,737,0
TXN003729,358,13203.52,255,2,3,0,10,813,0
TXN003730,1552,415.56,602,0,2,0,20,113,0
TXN003731,1090,4763.94,515,0,5,1,21,451,0
TXN003732,2984,357.88,280,2,4,0,1,515,0
TXN003733,1681,958.18,117,0,6,0,4,61,0
TXN003734,2423,1009.33,610,1,6,1,2,450,0
TXN003735,162,429.07,162,2,2,1,5,51,0
TXN003736,2370,3135.28,852,0,4,0,10,516,0
TXN003737,450,172.83,887,0,3,0,22,749,0
TXN003738,1498,1385.83,990,0,4,1,10,908,0
TXN003739,1037,3979.84,298,1,2,1,14,189,0
TXN003740,2232,2837.27,916,1,6,0,22,711,0
TXN003741,2159,1977.24,297,2,4,0,18,603,0
TXN003742,1951,7349.29,594,1,9,0,18,254,0
TXN003743,2556,842.57,358,0,1,0,9,557,0
TXN003744,1314,175.97,660,2,3,0,23,867,0
TXN003745,2343,1289.81,518,0,10,2,9,431,0
TXN003746,2952,943.02,378,1,4,0,7,266,0
TXN003747,1239,86.58,697,0,6,1,0,257,0
TXN003748,974,284.26,426,0,4,0,17,863,0
TXN003749,632,243.92,764,3,4,1,12,941,0
TXN003750,1591,412.63,537,0,8,0,17,56,0
TXN003751,1051,719.52,553,3,5,1,12,841,0
TXN003752,2781,753.37,169,1,7,0,18,128,0
TXN003753,1589,430.71,515,0,4,0,23,89,0
TXN003754,2369,243.54,364,2,8,1,7,989,0
TXN003755,2961,1724.93,683,1,4,0,8,98,0
TXN003756,1694,1261.28,430,2,6,0,2,436,1
TXN003757,437,1307.67,569,1,5,0,12,308,0
TXN003758,2829,9272.55,83,1,8,0,8,381,0
TXN003759,1557,1333.35,330,1,1,0,22,381,0
TXN003760,1077,706.28,691,2,6,1,17,893,0
TXN003761,1305,965.87,133,1,3,0,11,56,0
TXN003762,2774,1234.7,598,0,5,2,19,580,0
TXN003763,2079,2296.06,457,1,5,1,20,359,0
TXN003764,2385,1039.33,353,3,4,1,23,603,0
TXN003765,183,106.54,783,0,7,0,8,104,0
TXN003766,2592,649.3,344,3,6,0,21,994,0
TXN003767,1470,1098.6,94,0,8,0,13,236,0
TXN003768,1480,5245.06,382,2,4,1,20,789,0
TXN003769,1590,427.06,868,1,6,1,9,897,0
TXN003770,1588,154.11,762,2,7,0,14,853,0
TXN003771,660,1184.71,295,3,1,1,22,63,0
TXN003772,160,3101.01,198,2,5,0,8,739,0
TXN003773,2460,683.96,79,2,6,0,5,801,0
TXN003774,1012,19142.37,678,2,2,1,0,828,0
TXN003775,53,14429.03,551,2,4,1,8,392,0
TXN003776,2456,1005.29,820,3,3,1,2,360,0
TXN003777,2895,1372.04,214,2,3,0,22,256,0
TXN003778,1046,5667.35,643,3,1,0,8,930,0
TXN003779,1054,984.56,669,2,4,1,23,992,0
TXN003780,2751,417.84,989,2,9,0,11,119,0
TXN003781,2308,3186.63,894,1,4,2,22,50,0
TXN003782,1229,1914.66,159,1,8,1,15,344,0
TXN003783,1495,416.21,834,0,7,0,6,283,0
TXN003784,2824,1533.02,739,0,7,1,16,366,0
TXN003785,1490,904.99,557,1,5,0,15,768,0
TXN003786,1036,690.82,201,1,3,0,4,323,0
TXN003787,1951,427.09,22,3,8,1,5,992,0
TXN003788,850,1268.62,339,0,6,0,1,554,0
TXN003789,354,797.09,242,2,6,0,18,59,0
TXN003790,1099,1543.25,741,0,4,0,7,369,0
TXN003791,2921,2933.07,906,1,5,0,16,309,0
TXN003792,1740,1447.91,238,1,6,0,22,761,0
TXN003793,1465,1477.97,149,2,3,0,15,389,0
TXN003794,991,572.83,785,1,5,0,13,56,0
TXN003795,1265,4488.29,579,0,3,1,17,805,0
TXN003796,1885,396.14,7,4,5,2,16,197,0
TXN003797,1810,158.48,233,1,1,0,22,730,0
TXN003798,2342,303.33,869,1,4,1,15,875,0
TXN003799,2257,3793.77,804,3,5,1,14,375,0
TXN003800,1112,1902.03,768,2,1,2,11,691,0
TXN003801,818,5294.01,579,0,8,1,18,600,0
TXN003802,1800,224.16,762,1,4,0,3,494,0
TXN003803,1961,17752.15,77,2,6,1,7,661,0
TXN003804,2438,780.22,489,2,8,0,19,468,0
TXN003805,2373,132.63,926,3,3,0,3,265,0
TXN003806,2988,15289.78,87,1,1,1,7,399,1
TXN003807,889,227.67,764,1,4,0,15,242,0
TXN003808,1856,680.29,967,1,7,0,15,3,0
TXN003809,1181,856.71,222,0,6,0,5,731,0
TXN003810,668,1868.52,413,0,6,2,5,388,0
TXN003811,633,424.3,584,1,2,1,13,18,0
TXN003812,2625,3816.83,202,1,4,0,20,301,0
TXN003813,1643,2709.08,929,2,3,2,11,159,0
TXN003814,137,1122.01,571,0,9,2,5,444,0
TXN003815,1947,5373.29,276,1,8,1,4,812,0
TXN003816,1698,1010.88,221,1,7,1,9,282,0
TXN003817,428,787.78,157,0,6,3,13,341,0
TXN003818,1476,12060.89,181,2,3,2,6,40,0
TXN003819,2660,1563.81,725,2,7,1,10,149,0
TXN003820,2959,336.04,129,2,3,0,11,426,0
TXN003821,819,395.31,243,2,5,0,8,823,0
TXN003822,2189,1121.87,930,2,5,1,14,890,0
TXN003823,1107,61.71,172,0,7,2,4,362,0
TXN003824,2225,513.07,503,4,7,2,8,611,0
TXN003825,198,972.17,480,1,1,1,9,346,0
TXN003826,2672,897.28,877,1,1,2,14,945,0
TXN003827,1996,242.52,270,1,5,0,7,492,0
TXN003828,2739,640.2,421,1,5,0,13,352,0
TXN003829,2449,4517.73,163,2,5,2,16,763,0
TXN003830,471,3525.5,955,1,5,0,16,574,0
TXN003831,2266,1229.96,24,1,7,1,7,945,0
TXN003832,1949,1009.6,497,0,5,0,0,121,0
TXN003833,929,903.29,193,1,6,0,9,399,0
TXN003834,2011,1456.18,878,2,9,0,5,540,0
TXN003835,2680,1240.27,390,0,8,1,13,442,0
TXN003836,2999,1618.04,497,0,8,0,4,329,0
TXN003837,906,2002.5,964,1,1,0,20,69,0
TXN003838,2223,256.38,806,0,5,1,14,647,0
TXN003839,23,755.73,129,3,3,0,13,238,0
TXN003840,235,1390.61,553,2,5,0,4,662,0
TXN003841,1125,344.12,543,2,6,1,8,313,0
TXN003842,929,488.54,36,1,4,3,2,597,0
TXN003843,523,844.31,457,3,3,0,15,723,0
TXN003844,1809,895.51,361,0,3,3,21,81,0
TXN003845,431,1422.15,765,5,8,1,17,971,0
TXN003846,793,396.38,950,0,3,1,23,370,0
TXN003847,1630,3503.87,877,0,6,2,6,890,0
TXN003848,1737,886.7,215,1,3,0,0,607,0
TXN003849,533,1305.36,287,1,8,0,20,832,0
TXN003850,1747,703.59,768,1,5,0,4,904,0
TXN003851,1676,1455.03,925,1,7,1,15,546,0
TXN003852,1317,8147.49,369,0,11,0,5,835,0
TXN003853,2858,695.8,469,2,6,0,20,232,0
TXN003854,913,570.55,899,1,4,0,21,943,0
TXN003855,1125,404.97,186,3,4,1,1,60,0
TXN003856,1526,1020.91,474,0,6,1,15,507,0
TXN003857,1328,1006.82,61,1,6,0,14,274,0
TXN003858,2919,1166.46,262,0,11,0,15,100,0
TXN003859,2588,1923.51,788,1,2,0,4,295,0
TXN003860,1024,1653.42,111,0,6,1,3,725,0
TXN003861,1577,1067.39,829,2,7,2,20,900,0
TXN003862,1379,11436.46,942,2,8,1,23,924,0
TXN003863,1520,2511.95,141,0,7,0,5,228,0
TXN003864,1682,296.75,745,2,5,1,1,620,0
TXN003865,1998,171.7,535,3,3,0,5,753,0
TXN003866,227,475.91,79,1,4,0,10,91,0
TXN003867,1260,1317.1,494,1,10,1,17,649,0
TXN003868,873,430.35,31,2,4,1,20,562,0
TXN003869,892,516.38,516,0,9,0,14,905,0
TXN003870,1479,1131.48,509,2,7,0,8,668,0
TXN003871,1037,727.51,971,2,7,0,23,110,0
TXN003872,2258,93.95,630,2,3,0,5,723,0
TXN003873,2789,3994.25,66,3,5,1,4,953,0
TXN003874,397,3022.83,510,0,6,1,14,998,0
TXN003875,1124,234.59,912,0,3,0,17,518,0
TXN003876,2079,1174.11,371,2,4,4,9,244,0
TXN003877,2946,287.19,287,2,3,2,2,127,0
TXN003878,649,528.18,176,2,8,1,23,369,0
TXN003879,329,1965.27,123,1,4,1,3,552,0
TXN003880,1483,2898.81,231,2,4,0,10,470,0
TXN003881,952,2818.53,555,0,5,0,17,254,0
TXN003882,2006,1471.16,4,0,5,1,0,241,0
TXN003883,2017,5065.7,702,1,5,1,7,508,0
TXN003884,2669,527.07,816,1,4,1,10,227,0
TXN003885,1879,687.9,412,1,3,0,2,95,0
TXN003886,1197,48.74,250,2,3,0,14,945,0
TXN003887,1773,980.76,656,3,2,0,15,922,0
TXN003888,162,2198.72,487,2,4,0,8,877,0
TXN003889,1752,1544.28,345,4,5,1,11,856,0
TXN003890,776,518.62,894,1,1,0,7,325,0
TXN003891,1828,3021.26,333,0,8,0,11,725,0
TXN003892,2322,1003.65,453,2,4,0,13,693,0
TXN003893,1052,2750.98,158,1,5,2,23,492,0
TXN003894,2374,1965.26,577,3,6,1,5,662,0
TXN003895,940,6059.67,837,0,5,0,12,88,0
TXN003896,540,1647.87,270,1,3,0,18,185,0
TXN003897,2536,2280.0,587,1,5,0,6,867,0
TXN003898,822,1000.18,418,2,2,0,15,325,0
TXN003899,1462,599.76,440,2,6,1,3,497,0
TXN003900,1089,1976.1,29,3,7,1,16,15,0
TXN003901,356,6656.02,978,1,11,0,1,167,0
TXN003902,235,523.71,335,1,5,2,0,166,0
TXN003903,2275,814.22,238,0,6,2,16,262,0
TXN003904,1549,1132.27,153,1,1,2,0,531,0
TXN003905,2097,2494.58,606,2,3,0,1,593,0
TXN003906,118,1659.96,749,0,7,0,13,634,0
TXN003907,2102,3280.25,834,0,3,0,7,514,0
TXN003908,1674,11715.77,115,0,6,0,5,307,0
TXN003909,2613,509.44,808,0,3,2,17,29,0
TXN003910,1068,2279.42,731,3,5,1,7,537,0
TXN003911,2101,1611.25,758,3,8,1,3,944,0
TXN003912,558,1121.98,399,3,7,0,15,547,0
TXN003913,1816,2269.47,32,0,3,0,22,869,0
TXN003914,2006,796.19,532,0,4,0,7,941,0
TXN003915,2916,1615.91,53,3,6,0,21,532,0
TXN003916,398,228.98,718,1,8,1,11,207,0
TXN003917,675,574.45,731,0,5,0,14,112,0
TXN003918,387,3854.61,195,2,2,1,10,458,0
TXN003919,2159,3680.85,305,3,3,0,23,224,0
TXN003920,2662,1497.15,707,0,3,1,8,821,0
TXN003921,2065,636.73,973,3,4,0,2,328,0
TXN003922,884,2952.24,345,5,7,0,2,97,0
TXN003923,541,4835.72,82,3,3,1,1,961,0
TXN003924,171,668.58,1,0,5,0,1,112,0
TXN003925,2457,191.33,167,2,4,0,7,154,0
TXN003926,740,1879.88,317,2,8,1,8,490,0
TXN003927,1402,3283.03,183,0,9,1,16,112,0
TXN003928,2906,2219.37,965,0,9,1,9,773,0
TXN003929,2278,7173.11,898,0,5,0,5,444,0
TXN003930,119,7209.54,862,0,8,0,10,438,0
TXN003931,2832,760.16,273,1,7,1,4,768,0
TXN003932,2513,1392.41,669,1,5,0,10,194,0
TXN003933,2152,604.35,373,2,4,1,2,64,0
TXN003934,2746,321.67,362,0,6,1,17,658,0
TXN003935,1996,345.11,900,1,6,1,12,673,0
TXN003936,1706,2592.62,201,1,4,0,0,650,0
TXN003937,1723,1577.29,192,1,4,1,13,390,0
TXN003938,2223,3190.56,341,1,5,0,3,679,0
TXN003939,2793,22878.34,299,1,5,3,11,295,1
TXN003940,1698,1997.88,506,0,10,1,12,205,0
TXN003941,1445,426.02,588,1,3,0,1,510,0
TXN003942,1760,3797.7,140,1,3,0,2,41,0
TXN003943,1525,416.62,306,2,3,0,10,171,0
TXN003944,665,8937.44,196,2,3,0,23,121,0
TXN003945,33,102.95,61,2,8,1,1,588,0
TXN003946,2103,569.15,988,4,4,0,15,703,0
TXN003947,2567,2313.61,969,2,3,0,13,117,0
TXN003948,2804,4505.37,360,0,7,3,7,345,0
TXN003949,2060,486.69,307,0,3,1,16,130,0
TXN003950,1552,391.54,480,2,9,0,16,374,0
TXN003951,720,1310.34,333,1,6,0,18,579,0
TXN003952,2603,10837.77,866,0,6,1,7,305,0
TXN003953,2421,173.11,83,4,2,0,4,901,0
TXN003954,484,752.24,334,5,7,0,2,811,0
TXN003955,973,1498.5,517,1,8,0,0,595,0
TXN003956,2671,421.94,731,0,4,0,23,898,0
TXN003957,307,420.2,924,0,2,1,19,445,0
TXN003958,457,828.76,766,1,7,1,2,819,0
TXN003959,2208,1558.15,474,1,2,0,20,789,0
TXN003960,331,867.77,394,0,6,0,2,781,0
TXN003961,2824,6365.7,600,2,5,1,22,489,0
TXN003962,225,2233.05,721,3,6,0,13,252,0
TXN003963,2777,1736.8,692,1,3,0,5,662,0
TXN003964,1480,3763.8,720,2,5,1,17,337,0
TXN003965,1083,1773.95,785,2,6,0,23,26,0
TXN003966,644,644.31,577,2,6,0,13,58,0
TXN003967,616,799.68,380,2,3,1,6,36,0
TXN003968,195,282.78,21,4,3,0,18,237,0
TXN003969,489,12159.35,950,4,5,1,16,503,0
TXN003970,2205,3350.51,879,1,2,0,9,836,0
TXN003971,2658,50.83,177,3,10,1,9,736,0
TXN003972,1250,5430.32,363,1,4,0,10,675,0
TXN003973,2460,188.84,22,3,2,0,15,803,0
TXN003974,1103,2048.38,837,1,5,1,16,525,0
TXN003975,1148,77.88,960,1,4,0,5,235,0
TXN003976,2519,656.06,548,0,2,0,3,436,0
TXN003977,1242,5481.42,250,2,8,2,5,237,0
TXN003978,516,5860.33,661,1,3,0,4,856,0
TXN003979,1626,1584.67,952,0,1,0,10,337,0
TXN003980,1128,2821.31,73,2,6,1,1,397,0
TXN003981,393,201.08,91,0,3,1,11,323,0
TXN003982,631,2092.26,176,1,10,1,0,165,0
TXN003983,1848,3044.72,126,2,3,0,22,204,0
TXN003984,2656,23949.32,204,1,3,0,15,17,0
TXN003985,980,519.12,914,0,4,1,21,337,0
TXN003986,434,1118.3,246,0,5,0,18,648,0
TXN003987,2588,1204.4,611,2,6,1,14,846,0
TXN003988,278,2535.89,271,1,8,0,2,425,0
TXN003989,233,3154.59,44,0,5,1,4,360,0
TXN003990,1553,3917.07,734,2,6,1,13,953,0
TXN003991,1595,3588.73,941,2,5,2,10,831,1
TXN003992,1114,185.43,609,1,6,1,1,14,0
TXN003993,2410,47.66,548,4,10,1,0,274,0
TXN003994,26,591.55,168,3,4,1,22,480,0
TXN003995,1418,1051.0,435,1,2,2,8,726,0
TXN003996,2555,525.36,30,2,5,1,18,975,0
TXN003997,2315,631.67,794,3,6,1,18,784,0
TXN003998,461,732.53,597,2,6,0,21,157,0
TXN003999,2504,2192.79,357,1,3,0,15,3,0
TXN004000,1092,317.21,491,0,2,0,21,814,0
TXN004001,1007,998.85,633,4,4,0,19,692,0
TXN004002,2911,1008.07,799,1,1,1,3,148,0
TXN004003,1995,2133.76,248,4,6,0,10,678,0
TXN004004,491,4421.73,696,2,7,1,12,908,0
TXN004005,1073,8274.46,253,0,4,1,1,291,0
TXN004006,2612,448.01,957,2,6,0,19,402,0
TXN004007,216,99.49,785,3,5,1,4,347,0
TXN004008,1724,820.31,721,1,2,0,19,660,0
TXN004009,1593,162.99,866,4,0,0,15,262,0
TXN004010,2607,29187.4,382,0,5,2,6,53,0
TXN004011,159,384.73,536,0,9,0,5,303,0
TXN004012,2537,2157.27,634,3,5,0,20,360,1
TXN004013,686,3363.98,737,2,6,0,3,599,0
TXN004014,2842,1650.36,900,2,6,0,2,863,0
TXN004015,1777,13254.13,905,1,8,1,8,967,0
TXN004016,2053,860.08,898,1,7,1,8,644,0
TXN004017,1844,402.68,419,2,5,0,9,83,0
TXN004018,2409,378.44,123,1,8,2,10,384,0
TXN004019,2507,2697.3,294,0,7,0,0,28,0
TXN004020,2296,873.27,685,1,5,0,12,832,0
TXN004021,1590,378.5,143,1,2,0,18,151,0
TXN004022,1697,1862.3,938,5,4,0,6,87,0
TXN004023,2994,2568.56,899,1,6,1,3,110,0
TXN004024,2470,1518.63,511,1,4,1,12,324,0
TXN004025,1947,3227.67,927,4,5,0,0,544,0
TXN004026,2063,1218.92,948,4,3,2,20,817,0
TXN004027,2784,537.89,681,4,2,0,20,522,1
TXN004028,1146,2903.52,57,5,5,2,7,252,0
TXN004029,2325,376.87,42,4,7,1,8,807,0
TXN004030,1582,282.97,821,2,5,0,21,988,0
TXN004031,2501,4390.24,631,2,8,4,18,545,0
TXN004032,2646,722.4,121,0,3,0,18,712,0
TXN004033,2494,8093.53,824,1,2,0,22,401,0
TXN004034,2258,3065.34,763,2,5,0,6,739,0
TXN004035,2762,659.44,343,1,7,1,1,662,0
TXN004036,2350,1965.43,332,2,6,0,13,35,0
TXN004037,1933,22789.53,456,0,4,1,10,556,0
TXN004038,1758,2711.15,437,2,4,0,22,314,0
TXN004039,2051,2204.02,341,0,8,0,3,869,0
TXN004040,990,537.18,341,2,7,0,19,658,0
TXN004041,1542,10031.3,416,2,2,1,15,856,0
TXN004042,1117,5332.23,849,1,3,0,12,817,0
TXN004043,2568,543.12,182,0,9,4,5,342,0
TXN004044,493,10472.37,677,1,6,1,6,44,0
TXN004045,620,1336.36,984,0,6,0,19,128,0
TXN004046,2379,400.03,264,1,6,0,5,441,0
TXN004047,2381,534.74,210,2,4,1,6,805,0
TXN004048,2098,3143.97,523,2,5,0,2,746,0
TXN004049,1547,403.35,182,1,5,0,0,68,0
TXN004050,863,291.86,444,2,6,1,16,9,0
TXN004051,1692,647.65,251,1,1,0,2,897,0
TXN004052,1606,774.78,138,1,3,0,6,892,0
TXN004053,2320,488.83,218,1,9,0,9,757,0
TXN004054,580,636.04,751,1,0,1,4,396,0
TXN004055,1891,3295.51,454,0,7,2,18,644,0
TXN004056,1276,1491.9,883,1,4,0,2,964,0
TXN004057,2608,590.65,849,1,7,1,20,969,0
TXN004058,2744,656.28,87,0,3,1,7,850,0
TXN004059,1856,936.37,810,3,5,1,16,782,0
TXN004060,2494,1002.95,293,2,4,0,5,842,0
TXN004061,1356,1008.05,92,2,5,0,5,954,0
TXN004062,1163,3153.59,208,2,2,1,20,18,0
TXN004063,357,1389.15,204,1,6,2,3,58,0
TXN004064,1625,1439.07,186,1,8,1,2,752,0
TXN004065,2322,6076.25,85,1,1,1,19,922,0
TXN004066,2007,10425.21,827,1,7,2,13,475,0
TXN004067,2359,250.34,664,1,5,0,12,275,0
TXN004068,870,164.9,156,2,8,1,5,663,0
TXN004069,886,721.05,293,1,3,0,19,824,0
TXN004070,2002,2806.67,533,1,5,0,13,334,0
TXN004071,2202,1721.9,161,1,5,1,13,958,0
TXN004072,1414,3885.16,386,0,6,1,18,455,0
TXN004073,1284,684.83,485,1,7,0,5,65,0
TXN004074,620,104.79,503,3,3,1,18,607,0
TXN004075,883,212.7,851,1,4,1,13,212,0
TXN004076,797,2159.61,156,1,5,0,2,427,0
TXN004077,2173,3921.01,143,0,2,1,2,343,0
TXN004078,1297,111.26,769,0,6,1,18,219,0
TXN004079,619,5959.78,619,0,7,2,21,681,0
TXN004080,1835,1915.16,284,0,5,2,1,543,0
TXN004081,245,1007.77,562,1,2,1,10,602,0
TXN004082,2896,516.88,35,2,2,0,2,882,0
TXN004083,2498,7401.17,224,2,6,0,20,772,0
TXN004084,930,3217.65,668,3,7,3,20,896,0
TXN004085,1271,1976.31,393,2,6,0,2,490,0
TXN004086,520,455.92,408,2,4,2,4,926,0
TXN004087,2410,7608.47,703,0,5,0,16,595,0
TXN004088,8,1137.31,388,2,7,0,21,863,0
TXN004089,2526,1569.98,696,3,0,1,9,590,0
TXN004090,2020,1197.12,749,2,7,0,11,747,0
TXN004091,495,437.61,297,0,5,2,18,247,0
TXN004092,1630,1609.48,323,3,4,0,7,935,0
TXN004093,2881,2530.89,816,0,7,2,9,174,0
TXN004094,1063,645.53,854,4,7,0,17,304,0
TXN004095,2641,1452.28,488,0,7,1,11,675,0
TXN004096,187,1176.38,570,1,2,1,11,61,0
TXN004097,2802,3288.4,39,0,5,1,13,978,0
TXN004098,1878,766.07,505,1,5,1,16,261,0
TXN004099,2141,1439.26,503,1,4,1,16,914,0
TXN004100,86,1853.08,753,1,7,0,11,854,0
TXN004101,137,745.55,537,1,5,2,12,419,0
TXN004102,2469,407.31,316,0,3,2,5,208,0
TXN004103,2122,495.16,496,3,3,0,18,52,0
TXN004104,1637,1791.89,117,2,6,0,12,431,0
TXN004105,2219,826.85,342,1,4,0,20,620,0
TXN004106,1752,813.78,882,2,4,0,5,244,0
TXN004107,2218,2264.2,240,1,9,1,17,781,0
TXN004108,1788,3727.12,687,1,3,1,22,878,0
TXN004109,872,4582.77,994,0,5,3,4,495,0
TXN004110,2370,525.84,445,0,7,0,15,533,0
TXN004111,2504,3318.59,852,0,5,1,10,673,0
TXN004112,944,13386.2,740,2,3,0,22,594,0
TXN004113,1627,1275.74,997,3,3,0,16,285,0
TXN004114,2838,1004.28,487,1,6,2,8,471,0
TXN004115,2661,782.03,765,0,4,1,19,439,0
TXN004116,2937,305.97,411,3,10,0,12,56,0
TXN004117,349,3013.04,892,2,7,0,18,551,0
TXN004118,1677,1009.66,623,2,2,1,6,376,0
TXN004119,1197,916.3,753,0,9,0,12,636,0
TXN004120,10,2501.92,736,1,4,1,3,294,0
TXN004121,2788,2794.42,298,3,5,1,7,50,0
TXN004122,1462,533.25,52,3,3,1,11,876,0
TXN004123,667,548.75,733,1,4,1,15,230,0
TXN004124,2594,520.28,304,1,5,0,8,934,0
TXN004125,1523,13852.45,288,2,5,1,17,864,0
TXN004126,2177,6454.77,664,1,5,1,8,693,0
TXN004127,601,2561.76,899,0,6,1,21,724,0
TXN004128,2653,698.9,118,2,7,0,19,455,0
TXN004129,327,805.68,923,1,3,0,12,34,0
TXN004130,980,1696.16,969,1,4,1,13,639,0
TXN004131,2452,15536.64,424,0,5,1,0,122,0
TXN004132,629,1551.0,791,0,7,0,2,429,0
TXN004133,1630,2019.47,647,5,4,0,9,434,0
TXN004134,2766,51.48,209,3,3,1,23,819,0
TXN004135,274,1493.82,127,1,4,0,4,120,0
TXN004136,685,205.89,293,2,5,2,1,339,0
TXN004137,116,611.31,519,0,6,0,7,131,0
TXN004138,861,1160.1,222,2,3,0,1,518,0
TXN004139,2004,763.17,77,2,6,1,20,99,0
TXN004140,693,511.24,338,1,9,0,2,337,0
TXN004141,1106,516.74,863,1,5,1,16,804,0
TXN004142,2372,851.28,790,1,3,0,22,432,0
TXN004143,2162,807.83,846,2,6,0,7,298,0
TXN004144,1793,1123.64,850,0,2,0,15,355,0
TXN004145,154,1027.24,739,2,6,1,11,928,0
TXN004146,1901,5088.06,913,0,6,0,11,504,0
TXN004147,1428,93.74,275,2,6,0,23,871,1
TXN004148,1290,1471.4,863,2,8,1,18,491,0
TXN004149,315,1194.18,807,3,2,1,9,695,0
TXN004150,1065,933.53,117,2,6,0,11,758,0
TXN004151,105,470.14,292,3,5,2,11,56,0
TXN004152,1925,916.31,271,0,6,1,21,583,0
TXN004153,1914,154.44,447,2,2,2,16,997,0
TXN004154,1217,1405.38,157,2,8,1,3,237,0
TXN004155,1425,1747.03,572,3,7,1,0,18,0
TXN004156,2402,471.12,184,3,9,0,23,977,0
TXN004157,1773,11257.94,424,1,3,0,14,956,0
TXN004158,1961,949.06,656,1,4,0,8,801,0
TXN004159,2781,1156.19,673,4,4,0,18,823,0
TXN004160,1604,5447.64,601,2,1,0,15,773,0
TXN004161,709,14336.27,16,1,4,0,8,930,0
TXN004162,651,284.86,926,2,6,0,21,936,0
TXN004163,2872,548.62,761,2,7,0,0,942,0
TXN004164,947,969.51,98,0,4,0,2,982,0
TXN004165,661,449.69,962,1,5,0,15,843,0
TXN004166,2147,3027.02,616,2,8,1,7,81,0
TXN004167,2636,394.03,300,1,5,0,11,487,0
TXN004168,2330,5013.67,747,1,4,1,6,407,0
TXN004169,2451,2317.81,422,1,6,2,23,258,0
TXN004170,1133,4433.09,307,2,4,2,5,32,0
TXN004171,700,396.15,956,3,4,0,8,567,0
TXN004172,2247,692.15,274,1,5,1,13,711,0
TXN004173,2039,3221.44,261,2,6,1,15,143,0
TXN004174,2375,2591.29,239,3,6,0,18,80,0
TXN004175,2202,777.26,936,1,3,1,5,270,0
TXN004176,552,922.01,774,0,4,1,6,304,0
TXN004177,405,651.18,332,1,7,0,14,358,0
TXN004178,462,892.71,115,5,3,0,14,406,0
TXN004179,2180,344.33,268,1,2,2,4,618,0
TXN004180,2839,281.5,12,0,5,0,14,919,0
TXN004181,874,3664.75,73,0,6,1,23,790,0
TXN004182,84,857.07,874,0,3,1,8,147,0
TXN004183,1423,4365.96,406,2,8,0,11,833,0
TXN004184,2802,2242.13,817,0,10,1,11,35,0
TXN004185,2676,1594.65,178,1,2,1,9,301,0
TXN004186,221,467.66,976,2,4,0,14,854,0
TXN004187,2601,256.48,772,1,7,1,15,992,0
TXN004188,1392,633.78,946,1,4,0,19,466,0
TXN004189,112,6893.27,259,1,5,1,11,227,0
TXN004190,615,3186.72,400,1,6,0,3,163,0
TXN004191,1582,566.51,270,1,3,0,11,719,0
TXN004192,2972,642.47,832,1,2,1,17,551,0
TXN004193,475,359.64,632,1,8,0,16,695,0
TXN004194,2884,171.31,681,1,7,0,1,161,0
TXN004195,1914,1238.83,486,1,8,0,9,767,0
TXN004196,271,8691.43,580,2,6,0,12,795,0
TXN004197,2469,8823.37,59,1,7,1,18,581,0
TXN004198,1921,2274.43,642,1,3,0,8,198,0
TXN004199,2755,532.08,887,0,7,2,19,501,0
TXN004200,1391,192.6,266,1,4,2,5,328,0
TXN004201,40,3852.49,75,0,2,2,19,923,0
TXN004202,1983,1875.56,999,1,5,2,22,613,0
TXN004203,2237,750.34,90,2,4,0,3,382,0
TXN004204,994,614.03,505,1,6,1,10,678,0
TXN004205,2013,2254.14,357,2,5,0,0,628,0
TXN004206,2584,406.69,154,4,5,0,19,867,0
TXN004207,290,1461.3,900,2,4,1,23,72,0
TXN004208,2481,253.72,218,0,10,1,15,593,0
TXN004209,2519,15902.22,486,1,6,0,1,862,0
TXN004210,2676,480.84,540,3,1,2,10,890,0
TXN004211,279,2387.68,130,0,4,1,7,822,0
TXN004212,2925,260.44,66,0,3,1,19,892,0
TXN004213,581,901.53,144,1,6,1,0,534,0
TXN004214,863,3170.18,380,0,5,0,1,424,0
TXN004215,254,4109.87,313,1,9,1,6,533,0
TXN004216,181,2740.64,407,0,4,0,18,858,0
TXN004217,681,929.0,407,2,2,0,12,366,0
TXN004218,825,493.17,973,2,1,0,12,853,0
TXN004219,700,300.9,277,3,2,0,4,146,0
TXN004220,2614,6664.55,615,4,4,2,1,398,0
TXN004221,1350,1241.46,409,1,7,1,5,170,0
TXN004222,1381,1549.81,314,1,3,0,15,360,0
TXN004223,1674,4440.15,549,3,4,0,19,438,0
TXN004224,2728,2217.37,249,0,2,1,8,527,0
TXN004225,2439,941.15,945,1,8,0,2,259,0
TXN004226,1639,2679.23,461,2,6,1,22,607,0
TXN004227,1958,519.54,399,1,6,1,8,759,0
TXN004228,212,170.48,668,1,3,1,16,262,0
TXN004229,1539,5968.26,451,2,2,1,10,977,0
TXN004230,384,574.19,471,1,6,1,22,770,0
TXN004231,1715,761.17,644,1,8,1,17,261,1
TXN004232,342,846.15,559,2,11,1,14,984,0
TXN004233,1839,532.38,434,3,3,0,14,798,0
TXN004234,1988,4111.74,956,4,4,0,1,552,0
TXN004235,844,1718.74,446,1,5,0,20,99,0
TXN004236,1535,761.63,707,1,6,0,7,815,0
TXN004237,420,237.27,103,1,5,0,8,110,0
TXN004238,2799,1579.02,328,0,3,1,17,994,0
TXN004239,1989,57.93,683,1,5,1,14,613,0
TXN004240,1933,1449.97,601,0,4,0,23,783,0
TXN004241,1850,5496.22,246,3,8,2,7,255,0
TXN004242,306,1184.97,58,3,8,0,9,930,0
TXN004243,2750,4663.83,105,2,5,0,2,403,0
TXN004244,869,250.88,692,3,7,1,11,689,0
TXN004245,2585,12660.59,972,1,1,0,9,520,0
TXN004246,1136,4091.81,69,2,4,0,16,142,0
TXN004247,1435,1941.39,993,2,3,0,6,505,0
TXN004248,206,534.82,302,0,8,0,22,742,0
TXN004249,496,438.16,153,3,4,1,7,433,0
TXN004250,1910,1007.18,537,5,3,0,23,396,0
TXN004251,2552,4644.01,889,1,5,0,0,289,0
TXN004252,1046,226.19,35,1,5,0,12,289,0
TXN004253,213,1110.42,957,3,2,0,0,723,0
TXN004254,310,2646.69,15,3,4,0,16,725,0
TXN004255,2709,3344.99,106,2,5,3,21,50,0
TXN004256,1992,2637.23,730,2,2,0,21,891,0
TXN004257,2801,200.11,896,0,6,1,22,439,0
TXN004258,272,4264.73,74,2,4,0,11,15,0
TXN004259,1823,1188.72,856,1,4,1,2,312,0
TXN004260,2986,298.06,931,1,5,0,12,723,0
TXN004261,2080,1065.29,285,0,5,1,20,800,0
TXN004262,443,104.54,550,0,6,0,18,910,0
TXN004263,2210,2195.04,197,2,7,0,22,991,0
TXN004264,2815,940.82,280,1,7,1,17,20,0
TXN004265,254,238.86,787,1,5,1,17,354,0
TXN004266,521,774.26,686,0,0,0,2,980,0
TXN004267,977,469.21,817,1,5,1,5,873,0
TXN004268,10,506.59,556,2,6,0,22,650,0
TXN004269,2774,72.73,969,0,1,1,20,455,0
TXN004270,2553,147.44,666,3,5,0,2,579,0
TXN004271,2833,832.44,153,2,4,1,0,919,0
TXN004272,1584,677.15,291,3,8,0,19,266,0
TXN004273,2484,3529.01,932,2,6,0,22,739,0
TXN004274,1135,513.81,142,1,2,1,19,81,0
TXN004275,153,582.67,768,1,7,0,12,853,0
TXN004276,1659,616.29,312,1,5,1,22,440,0
TXN004277,2965,865.72,646,2,3,1,19,926,0
TXN004278,2917,1223.85,32,2,6,0,20,643,0
TXN004279,2801,673.45,26,1,6,0,5,898,0
TXN004280,1857,2176.48,911,3,12,0,23,537,0
TXN004281,1215,17331.23,255,1,4,3,2,69,0
TXN004282,1753,407.27,945,2,5,0,21,775,0
TXN004283,2611,1754.95,735,0,4,1,10,513,0
TXN004284,1105,1136.19,56,1,3,2,21,544,0
TXN004285,2537,3852.36,293,2,8,1,1,865,0
TXN004286,895,1399.12,637,1,7,1,9,293,0
TXN004287,1112,458.64,230,0,2,0,17,972,0
TXN004288,104,270.95,53,4,10,2,16,835,0
TXN004289,1915,2281.5,954,3,6,0,18,915,0
TXN004290,1007,298.7,101,1,4,2,4,758,0
TXN004291,407,4539.12,467,2,3,0,4,318,0
TXN004292,1402,2129.9,846,1,4,0,1,369,0
TXN004293,167,1216.89,804,2,4,0,14,152,0
TXN004294,509,227.08,869,1,4,1,0,407,0
TXN004295,1662,2466.09,267,3,6,0,14,960,0
TXN004296,2361,7632.11,795,2,3,2,14,727,0
TXN004297,763,658.45,2,2,7,1,1,757,0
TXN004298,681,450.21,22,3,7,1,23,486,0
TXN004299,2525,981.98,578,0,5,0,3,968,0
TXN004300,2121,1920.48,212,0,4,0,21,728,0
TXN004301,1165,579.72,236,1,6,0,5,631,0
TXN004302,582,3226.13,880,2,3,1,9,881,0
TXN004303,262,10860.22,529,1,6,0,5,586,0
TXN004304,1364,1629.93,388,0,3,0,15,812,0
TXN004305,1332,742.5,14,4,2,0,2,4,0
TXN004306,2293,1859.39,519,2,3,1,8,333,0
TXN004307,1539,4504.17,847,1,3,2,9,284,0
TXN004308,561,1328.18,222,2,0,1,5,280,0
TXN004309,1100,1962.77,912,3,4,0,1,117,0
TXN004310,1904,2554.77,616,1,5,0,10,859,0
TXN004311,175,383.55,962,1,3,0,8,448,0
TXN004312,2157,1902.54,403,0,4,0,1,896,0
TXN004313,2231,219.13,513,1,11,0,18,288,0
TXN004314,192,497.64,287,3,5,1,5,682,0
TXN004315,65,4336.38,384,3,9,0,13,914,0
TXN004316,1498,3118.92,247,0,1,1,9,646,0
TXN004317,1568,792.97,900,3,3,0,12,861,0
TXN004318,2912,8492.61,91,2,4,1,12,495,0
TXN004319,1152,227.64,826,3,3,0,6,411,0
TXN004320,1938,857.39,312,1,0,3,2,939,0
TXN004321,369,1525.57,437,1,6,0,2,859,0
TXN004322,851,37.72,985,2,4,0,21,291,0
TXN004323,43,907.6,726,2,5,0,3,169,0
TXN004324,1908,284.46,43,1,6,1,20,257,0
TXN004325,2536,292.34,74,4,7,1,18,580,0
TXN004326,78,791.02,754,1,6,1,21,224,0
TXN004327,2874,122.63,993,2,2,2,6,112,0
TXN004328,1825,415.9,561,2,5,1,4,863,0
TXN004329,1294,126.12,880,3,4,0,18,5,0
TXN004330,674,1272.25,876,2,12,0,10,49,0
TXN004331,701,1242.92,316,0,4,1,5,682,0
TXN004332,759,721.8,734,3,7,0,9,835,0
TXN004333,1924,3625.45,862,1,5,0,0,909,0
TXN004334,2776,768.63,144,2,8,0,7,178,0
TXN004335,2973,1066.68,329,3,6,3,21,525,0
TXN004336,902,369.74,209,3,7,3,18,701,0
TXN004337,2937,69.14,99,4,4,1,21,278,0
TXN004338,993,921.12,700,1,5,3,14,816,0
TXN004339,1192,787.5,114,2,3,2,6,981,0
TXN004340,2387,8534.66,175,4,2,0,17,531,0
TXN004341,2241,2442.89,271,4,3,0,5,847,0
TXN004342,1477,667.98,63,2,4,0,21,559,0
TXN004343,2331,1299.84,796,0,6,2,11,208,0
TXN004344,390,3256.54,404,1,6,0,20,438,0
TXN004345,1000,2038.78,225,1,9,1,6,582,0
TXN004346,525,8124.89,959,1,8,0,13,790,0
TXN004347,1856,425.27,161,3,5,1,1,81,0
TXN004348,1507,3533.49,36,2,3,0,5,557,0
TXN004349,659,660.21,381,2,4,1,23,965,0
TXN004350,2764,1383.46,653,2,5,0,21,776,0
TXN004351,891,561.6,318,2,6,0,11,121,0
TXN004352,1482,924.81,708,0,4,0,3,865,0
TXN004353,452,1413.57,663,0,5,0,21,623,0
TXN004354,2476,2234.79,456,2,0,2,14,695,0
TXN004355,1538,1180.42,269,1,7,2,4,115,0
TXN004356,883,55.51,344,1,8,0,17,386,0
TXN004357,313,999.91,40,1,5,0,0,467,0
TXN004358,840,6402.74,750,2,5,0,8,697,0
TXN004359,2567,990.44,414,1,3,0,17,629,0
TXN004360,375,6622.17,380,1,4,0,7,709,0
TXN004361,451,949.34,222,0,5,1,13,710,0
TXN004362,595,166.27,281,1,0,1,10,885,0
TXN004363,1234,652.27,225,2,4,0,18,548,0
TXN004364,500,561.09,457,0,6,0,10,852,0
TXN004365,464,832.61,154,1,6,1,19,682,0
TXN004366,113,264.44,280,0,3,0,3,599,0
TXN004367,1036,1085.09,353,0,5,1,21,322,0
TXN004368,2379,739.58,39,0,10,0,15,597,0
TXN004369,1925,5143.22,729,3,3,1,16,567,0
TXN004370,140,256.65,756,2,7,1,20,786,0
TXN004371,1425,1472.63,621,4,1,1,4,842,0
TXN004372,2950,1795.85,975,2,5,0,16,989,0
TXN004373,517,2779.36,573,3,6,0,2,481,0
TXN004374,2617,708.89,489,1,7,1,17,457,0
TXN004375,1948,1429.33,945,2,4,1,7,279,0
TXN004376,2894,1675.61,937,2,3,1,2,852,0
TXN004377,2166,151.71,198,0,6,1,12,36,0
TXN004378,888,740.08,276,2,6,0,14,491,0
TXN004379,1342,1054.48,172,2,3,0,4,851,0
TXN004380,50,1213.78,784,1,4,1,16,438,0
TXN004381,19,1196.08,508,2,7,4,16,9,0
TXN004382,726,1853.86,405,2,10,0,7,108,0
TXN004383,2245,11216.33,271,1,8,0,13,488,0
TXN004384,1474,536.72,935,2,6,0,23,746,0
TXN004385,2607,1732.65,554,1,4,1,12,559,0
TXN004386,452,5226.85,701,0,3,1,20,737,0
TXN004387,2337,126.68,772,3,7,0,10,452,0
TXN004388,1165,1512.86,664,2,6,0,8,208,0
TXN004389,1108,145.99,131,1,3,3,22,80,0
TXN004390,2439,15103.67,626,1,5,0,11,388,0
TXN004391,215,2051.78,385,2,5,1,11,304,0
TXN004392,1550,1745.0,734,0,7,2,20,917,0
TXN004393,2263,115.81,397,3,5,0,3,232,0
TXN004394,128,598.61,566,1,6,1,4,735,0
TXN004395,1846,601.99,850,1,4,0,5,563,0
TXN004396,760,9133.89,296,1,8,2,18,89,0
TXN004397,2452,2630.8,383,1,5,1,15,721,0
TXN004398,1816,150.88,512,1,5,1,4,10,0
TXN004399,2386,1926.39,395,1,2,1,4,100,0
TXN004400,2879,180.64,554,1,2,0,22,951,0
TXN004401,2762,155.21,605,0,2,0,18,675,0
TXN004402,361,1889.57,260,1,3,1,19,327,0
TXN004403,569,2680.4,281,1,2,1,7,783,0
TXN004404,1416,1901.7,356,1,3,1,6,139,0
TXN004405,2266,10461.94,420,4,8,1,12,290,0
TXN004406,1598,1707.02,192,2,3,0,9,10,0
TXN004407,1693,1344.95,637,3,6,1,1,324,0
TXN004408,202,254.88,428,3,0,4,18,392,0
TXN004409,2065,3069.09,808,2,1,2,21,273,0
TXN004410,2370,151.15,348,0,4,0,14,369,0
TXN004411,518,12387.5,429,0,2,0,4,989,0
TXN004412,1349,3118.03,392,2,3,2,4,671,0
TXN004413,1436,31187.01,341,0,7,0,12,289,0
TXN004414,1342,1749.69,547,1,7,2,7,922,0
TXN004415,681,3308.33,940,1,4,2,19,249,0
TXN004416,1989,786.34,402,1,1,0,5,755,0
TXN004417,1492,1041.13,47,0,9,0,5,446,0
TXN004418,425,310.49,665,1,4,0,11,262,0
TXN004419,1969,193.01,750,2,6,0,9,188,0
TXN004420,1713,1376.63,425,1,2,2,17,149,0
TXN004421,2435,1033.78,517,2,6,0,0,329,0
TXN004422,778,301.52,960,3,2,1,0,765,0
TXN004423,2146,372.98,958,2,5,1,20,573,0
TXN004424,1827,1140.21,637,4,4,1,3,826,0
TXN004425,208,295.38,879,1,1,4,0,273,0
TXN004426,1538,1682.4,328,2,6,0,2,232,0
TXN004427,1660,306.58,87,1,8,1,9,136,0
TXN004428,2634,1490.74,515,1,3,0,23,451,0
TXN004429,2214,275.65,165,2,8,2,19,636,0
TXN004430,22,277.05,223,0,2,0,20,136,0
TXN004431,154,64.41,861,1,4,2,4,89,0
TXN004432,1963,904.76,297,4,7,0,17,730,0
TXN004433,219,6278.45,916,1,4,0,11,609,0
TXN004434,669,5865.23,451,5,5,0,2,386,0
TXN004435,1519,1617.89,343,0,11,0,1,610,0
TXN004436,2278,99.36,936,2,8,1,16,99,0
TXN004437,2068,3018.91,341,3,4,3,23,71,0
TXN004438,2601,1437.7,461,0,3,1,5,90,0
TXN004439,950,673.3,392,2,3,0,1,85,0
TXN004440,2196,4669.65,901,2,5,2,8,675,0
TXN004441,403,2295.1,537,0,5,1,23,254,0
TXN004442,596,11543.28,551,3,6,0,13,613,0
TXN004443,2415,203.01,421,1,4,0,22,240,0
TXN004444,1438,222.98,381,1,2,1,15,459,0
TXN004445,2850,272.93,617,3,4,0,6,455,0
TXN004446,2966,778.97,5,2,4,1,10,676,0
TXN004447,1158,7374.67,648,0,2,1,9,119,0
TXN004448,1743,518.89,4,2,5,2,1,846,0
TXN004449,1307,532.38,681,1,4,0,5,899,0
TXN004450,73,1809.4,316,0,3,0,9,31,0
TXN004451,481,3016.3,822,1,7,2,19,333,0
TXN004452,560,74.88,918,1,5,0,19,778,0
TXN004453,745,3818.67,78,0,3,0,7,306,0
TXN004454,1467,499.57,531,0,6,1,23,674,0
TXN004455,100,969.8,717,2,4,1,6,635,0
TXN004456,1083,6014.43,355,0,8,0,17,691,0
TXN004457,2556,845.79,836,1,4,0,5,152,0
TXN004458,2306,174.47,33,2,5,0,14,501,0
TXN004459,413,187.04,662,0,3,0,8,164,0
TXN004460,1089,1058.98,705,2,5,1,22,740,0
TXN004461,2643,734.19,139,0,3,0,11,142,0
TXN004462,1178,1177.76,272,1,7,0,17,959,0
TXN004463,2009,677.54,196,0,3,1,23,246,0
TXN004464,2314,4864.47,127,0,3,0,7,359,0
TXN004465,821,1129.72,349,0,7,1,8,219,0
TXN004466,662,132.21,743,1,2,0,8,161,0
TXN004467,2995,2921.46,44,2,4,0,18,438,0
TXN004468,560,10802.42,742,4,6,1,21,806,0
TXN004469,2965,1320.7,728,2,6,4,18,707,0
TXN004470,2939,1449.63,244,1,3,2,15,411,0
TXN004471,1272,430.15,9,0,2,2,1,100,0
TXN004472,1814,819.8,762,0,4,0,0,32,0
TXN004473,2916,2005.09,712,0,6,2,14,668,0
TXN004474,610,4264.79,846,1,1,0,14,143,0
TXN004475,2462,1872.82,79,3,0,0,19,861,0
TXN004476,25,9717.16,757,2,4,0,17,374,0
TXN004477,2029,1234.18,190,1,3,1,20,977,0
TXN004478,284,285.42,86,1,8,0,5,522,0
TXN004479,1473,295.4,485,3,7,1,10,236,0
TXN004480,2929,4823.69,271,3,5,0,23,657,0
TXN004481,301,3672.11,774,0,3,1,11,857,0
TXN004482,1092,152.39,513,1,6,1,5,936,0
TXN004483,1031,852.86,20,3,5,1,8,512,0
TXN004484,817,890.84,489,2,8,0,13,173,0
TXN004485,83,445.04,932,3,4,0,3,815,0
TXN004486,1921,201.86,130,0,4,1,3,318,0
TXN004487,2094,433.41,838,4,2,2,15,522,0
TXN004488,618,349.32,770,2,7,1,14,189,0
TXN004489,2976,207.73,643,1,4,0,13,817,0
TXN004490,2310,2965.73,7,4,6,1,3,254,0
TXN004491,176,1540.0,852,1,7,1,9,848,0
TXN004492,1190,628.32,753,1,0,1,6,709,0
TXN004493,2705,91.41,704,0,9,1,9,104,0
TXN004494,842,765.94,937,1,1,2,9,186,0
TXN004495,370,2049.33,310,0,5,2,15,699,0
TXN004496,1819,453.39,809,1,6,0,13,862,0
TXN004497,2102,275.9,627,0,6,0,19,800,0
TXN004498,690,946.12,901,1,7,0,14,508,0
TXN004499,1780,1639.4,473,1,4,1,3,146,0
TXN004500,1365,99.49,102,1,2,1,3,61,0
TXN004501,1433,5568.11,338,0,3,2,6,76,0
TXN004502,367,244.95,319,2,6,2,9,347,0
TXN004503,644,660.28,513,2,7,0,9,109,0
TXN004504,2427,4525.69,25,1,8,0,22,412,1
TXN004505,73,1274.66,721,2,3,2,7,788,0
TXN004506,2963,4085.95,430,0,2,0,22,672,0
TXN004507,1272,7075.65,143,4,3,0,5,54,0
TXN004508,860,190.26,709,1,5,2,17,748,0
TXN004509,43,3237.16,657,2,4,0,8,727,0
TXN004510,2425,5380.76,149,2,5,1,15,771,0
TXN004511,1065,698.57,693,2,7,0,12,131,0
TXN004512,2218,768.58,55,2,1,1,23,467,0
TXN004513,2260,110.43,471,1,5,1,21,999,0
TXN004514,1517,2799.78,363,0,4,1,23,721,0
TXN004515,2087,52.36,650,0,3,1,10,672,0
TXN004516,369,3507.19,209,1,5,1,15,479,0
TXN004517,2805,200.1,185,2,5,2,15,366,0
TXN004518,151,5818.67,65,0,7,1,20,953,0
TXN004519,1135,1764.33,549,1,8,0,10,633,0
TXN004520,1504,3680.34,112,1,6,0,19,905,0
TXN004521,1460,413.5,263,0,2,0,19,483,0
TXN004522,1071,221.37,76,1,4,0,0,593,1
TXN004523,1024,132.11,296,0,8,3,6,251,0
TXN004524,1599,4062.05,178,1,4,0,9,528,0
TXN004525,2785,2429.71,766,6,5,2,6,744,0
TXN004526,2041,2535.37,1,1,4,1,12,720,0
TXN004527,1390,1555.78,148,2,4,0,20,342,0
TXN004528,69,2106.21,876,0,4,1,15,157,0
TXN004529,2347,772.79,671,4,6,0,9,971,0
TXN004530,944,1710.19,836,0,6,0,20,906,0
TXN004531,802,392.21,986,2,5,0,2,49,0
TXN004532,2344,726.85,780,0,6,0,4,739,0
TXN004533,2251,42276.87,662,0,7,1,5,709,0
TXN004534,61,1149.07,129,1,6,1,0,895,0
TXN004535,946,102.93,638,3,6,0,3,492,0
TXN004536,1338,671.62,513,2,2,1,11,784,0
TXN004537,1185,308.27,899,1,7,0,8,653,0
TXN004538,331,1327.51,629,1,7,0,1,135,0
TXN004539,1552,377.2,972,0,4,3,12,409,0
TXN004540,338,850.48,502,0,6,0,6,354,0
TXN004541,1630,451.33,149,0,5,1,12,499,0
TXN004542,1328,1389.39,269,1,5,0,15,664,0
TXN004543,1527,516.52,701,0,5,2,23,948,0
TXN004544,1674,1682.87,653,2,4,0,10,306,0
TXN004545,1362,11365.05,105,1,4,1,3,131,0
TXN004546,1574,274.43,466,2,7,0,22,835,0
TXN004547,2687,2613.97,764,5,4,0,4,35,0
TXN004548,275,57.78,929,4,4,1,0,804,0
TXN004549,1188,829.38,902,2,8,0,9,505,0
TXN004550,2367,1443.3,281,1,5,1,20,492,0
TXN004551,2637,446.92,407,2,2,2,9,758,0
TXN004552,2552,128.4,856,2,4,0,7,756,0
TXN004553,2435,1047.7,613,0,6,0,19,597,0
TXN004554,1994,6894.91,794,2,7,0,2,623,0
TXN004555,870,919.9,900,2,3,1,23,307,0
TXN004556,2881,2143.7,358,3,6,2,17,766,0
TXN004557,1015,4239.74,675,1,8,0,17,801,0
TXN004558,1912,21285.25,203,1,5,0,12,951,0
TXN004559,603,310.21,612,0,3,0,12,151,0
TXN004560,1800,351.1,281,1,6,2,14,421,0
TXN004561,691,772.26,916,3,8,1,21,595,0
TXN004562,494,2295.08,257,2,6,0,4,982,0
TXN004563,490,67.7,94,1,8,2,2,179,0
TXN004564,2769,2403.09,324,2,5,0,18,268,1
TXN004565,2557,1310.18,791,1,4,1,20,738,0
TXN004566,390,577.82,739,1,3,2,9,941,0
TXN004567,295,1827.33,362,1,4,1,8,110,0
TXN004568,1393,3189.37,662,1,2,0,22,463,0
TXN004569,2844,3765.46,351,2,4,1,5,844,0
TXN004570,2913,1116.23,62,3,4,0,3,558,0
TXN004571,1718,1621.72,641,4,5,0,2,461,0
TXN004572,2597,1549.96,187,2,6,1,9,435,0
TXN004573,649,4805.12,580,1,8,3,22,164,0
TXN004574,1874,1732.74,915,2,11,0,10,792,0
TXN004575,568,2378.6,542,0,5,1,12,838,0
TXN004576,2901,3200.92,897,2,2,1,7,510,0
TXN004577,2818,11502.01,304,3,6,0,3,883,0
TXN004578,445,542.95,787,1,5,0,17,150,0
TXN004579,363,7714.45,639,2,3,2,6,357,0
TXN004580,2171,21275.68,436,2,3,1,2,889,0
TXN004581,1212,586.13,213,3,4,0,1,845,0
TXN004582,742,845.44,406,0,4,1,14,331,0
TXN004583,2042,655.8,818,2,2,1,20,704,0
TXN004584,680,2412.13,962,1,5,0,12,305,0
TXN004585,2468,117.45,134,2,6,0,2,671,0
TXN004586,1643,602.21,960,1,7,0,16,120,0
TXN004587,1573,789.68,917,1,8,0,16,742,0
TXN004588,1359,711.01,993,2,8,0,22,107,0
TXN004589,2140,702.47,915,0,8,1,16,955,0
TXN004590,63,609.65,219,2,3,1,20,676,0
TXN004591,2560,2787.4,421,1,3,0,14,851,0
TXN004592,1163,2092.04,319,1,7,0,22,98,0
TXN004593,1229,8468.27,157,0,5,0,18,729,0
TXN004594,2820,2795.93,188,0,5,1,17,187,0
TXN004595,256,293.8,476,1,7,1,21,599,0
TXN004596,135,894.22,162,2,8,3,22,458,0
TXN004597,875,787.23,129,1,4,0,16,401,0
TXN004598,822,1489.63,304,1,6,0,12,91,0
TXN004599,2136,4072.04,89,2,1,1,17,967,0
TXN004600,823,1370.6,895,1,3,0,14,988,0
TXN004601,974,1374.97,917,0,8,0,10,375,0
TXN004602,2982,1109.93,162,1,2,1,20,625,0
TXN004603,1778,2900.68,922,1,6,0,18,59,0
TXN004604,121,554.08,36,2,5,1,11,654,0
TXN004605,1638,190.87,227,2,7,1,13,15,0
TXN004606,1365,2376.76,151,0,5,0,9,857,0
TXN004607,1008,1720.21,593,1,5,0,22,68,0
TXN004608,925,5367.42,47,3,5,0,22,409,0
TXN004609,645,59.53,716,2,7,2,23,78,0
TXN004610,2033,972.22,940,2,6,0,12,938,0
TXN004611,2762,1246.45,660,1,2,0,1,749,0
TXN004612,2908,178.92,231,0,4,0,16,748,0
TXN004613,2069,988.4,539,0,2,1,13,649,0
TXN004614,242,4556.49,701,4,8,0,17,273,0
TXN004615,2503,13404.39,165,2,4,1,1,159,0
TXN004616,2669,3564.89,724,1,8,2,19,18,0
TXN004617,2351,742.95,820,1,7,0,1,271,0
TXN004618,1620,4983.15,587,1,2,0,20,417,0
TXN004619,803,3273.72,604,1,9,1,10,334,0
TXN004620,964,613.22,574,1,6,1,8,121,0
TXN004621,69,545.58,66,1,5,0,18,806,0
TXN004622,1153,895.87,920,1,3,1,9,710,0
TXN004623,196,310.75,80,0,9,3,1,154,0
TXN004624,2188,755.25,140,1,8,0,13,992,0
TXN004625,2331,1966.68,400,3,9,1,19,568,0
TXN004626,2360,3813.14,932,0,8,0,13,147,0
TXN004627,746,696.02,130,1,4,2,7,407,1
TXN004628,1689,5802.85,985,1,5,1,4,381,0
TXN004629,277,2392.58,766,3,10,0,0,690,0
TXN004630,61,2526.99,446,1,8,0,1,26,0
TXN004631,1914,364.01,832,0,7,0,15,618,0
TXN004632,2100,9598.02,29,0,7,0,12,715,0
TXN004633,2201,2130.34,988,0,6,1,6,589,0
TXN004634,1773,735.68,202,3,5,2,6,469,0
TXN004635,1335,595.3,237,0,5,0,0,177,0
TXN004636,1838,755.56,599,1,4,0,0,682,0
TXN004637,2592,323.11,608,1,3,2,3,663,0
TXN004638,567,3590.19,799,0,8,0,4,867,0
TXN004639,1572,365.36,339,3,5,1,10,606,0
TXN004640,622,1552.76,399,1,4,0,10,568,0
TXN004641,2026,639.12,439,4,3,0,21,435,0
TXN004642,1201,2452.73,289,4,4,2,13,551,0
TXN004643,314,2887.21,252,0,6,0,6,15,0
TXN004644,2855,506.39,977,3,6,3,1,707,0
TXN004645,2896,1052.95,692,0,1,0,1,584,0
TXN004646,2145,194.01,100,1,7,1,10,810,0
TXN004647,2929,8439.28,916,1,2,0,23,884,0
TXN004648,1237,3950.52,585,2,3,0,12,48,0
TXN004649,2877,205.48,422,4,2,1,4,687,0
TXN004650,137,387.5,643,1,3,0,18,558,0
TXN004651,1030,932.83,694,1,5,1,17,554,0
TXN004652,2157,1148.85,706,2,4,0,2,294,0
TXN004653,2595,481.42,18,1,13,1,23,177,0
TXN004654,662,277.57,471,0,7,0,17,630,0
TXN004655,2473,1761.71,638,1,4,0,22,455,0
TXN004656,2678,8843.0,723,2,3,0,7,855,0
TXN004657,2309,1170.98,7,0,4,0,13,505,0
TXN004658,87,772.74,419,3,5,0,9,566,0
TXN004659,2513,681.16,380,1,6,1,6,305,0
TXN004660,2124,294.1,508,1,4,0,5,227,0
TXN004661,2519,489.61,114,1,6,0,23,659,0
TXN004662,2462,4286.96,852,0,1,1,23,259,0
TXN004663,2873,91.38,511,3,3,0,23,811,0
TXN004664,2943,1192.88,596,5,3,1,23,75,0
TXN004665,2774,1134.04,851,0,11,0,23,617,0
TXN004666,2505,1264.05,873,3,11,0,6,84,0
TXN004667,1309,2625.17,976,0,6,0,2,889,0
TXN004668,1701,1180.15,614,2,3,2,3,813,0
TXN004669,2701,636.03,469,1,7,0,5,290,0
TXN004670,2720,498.72,93,3,4,1,14,426,0
TXN004671,495,5208.32,492,2,9,1,14,85,0
TXN004672,1648,3824.8,828,3,5,0,3,499,0
TXN004673,1943,34653.88,102,3,7,1,11,593,0
TXN004674,1069,782.75,493,2,4,0,4,863,0
TXN004675,1425,509.86,763,1,5,3,17,183,0
TXN004676,597,1889.0,536,1,6,1,3,94,0
TXN004677,450,1835.04,485,0,3,1,2,80,0
TXN004678,485,2353.42,989,2,3,0,5,164,0
TXN004679,646,3030.72,479,0,4,0,16,677,0
TXN004680,2668,2326.24,877,2,3,0,22,190,0
TXN004681,1630,3983.99,167,1,2,0,19,264,0
TXN004682,662,4673.23,140,1,3,1,8,408,0
TXN004683,758,4774.35,94,2,7,0,8,89,0
TXN004684,289,72.7,181,2,11,1,21,777,0
TXN004685,721,1449.33,576,1,4,2,3,22,0
TXN004686,638,362.18,4,1,1,0,21,249,0
TXN004687,2283,3891.45,606,2,4,0,23,679,0
TXN004688,2464,70.9,389,3,6,0,6,160,0
TXN004689,2986,6393.71,272,0,3,0,17,169,0
TXN004690,499,388.53,795,0,5,0,17,713,0
TXN004691,634,295.11,132,3,4,1,11,46,0
TXN004692,1674,1681.6,584,3,10,1,13,98,0
TXN004693,2031,700.7,816,0,4,2,17,19,0
TXN004694,115,9276.76,904,1,7,2,15,149,0
TXN004695,2980,5628.73,593,3,5,0,6,512,0
TXN004696,674,594.07,512,1,6,1,12,872,0
TXN004697,1737,3831.39,686,2,3,0,10,891,0
TXN004698,1258,570.01,812,2,6,0,20,155,0
TXN004699,2254,564.14,963,0,6,1,21,603,0
TXN004700,2295,2583.81,987,0,5,0,15,86,0
TXN004701,2806,6291.84,52,2,7,2,5,645,0
TXN004702,147,645.94,290,2,6,1,12,523,0
TXN004703,2166,707.75,446,1,7,0,6,681,0
TXN004704,412,1574.11,237,2,8,1,14,931,0
TXN004705,1688,375.11,789,1,3,1,2,340,0
TXN004706,2411,7175.96,491,0,6,2,18,126,0
TXN004707,1533,370.83,280,0,0,1,8,132,0
TXN004708,137,512.94,44,1,4,1,16,151,0
TXN004709,19,9142.48,882,1,7,1,17,209,0
TXN004710,2243,1418.71,766,1,3,2,20,516,0
TXN004711,2378,11297.09,937,1,3,0,20,432,0
TXN004712,1960,842.92,925,1,7,1,13,28,0
TXN004713,2223,22548.47,359,2,4,1,16,394,0
TXN004714,1002,2295.67,646,1,3,1,18,523,0
TXN004715,449,444.56,568,0,3,2,21,455,0
TXN004716,1949,436.42,526,1,3,1,0,129,0
TXN004717,946,190.82,690,1,7,0,20,162,0
TXN004718,1378,217.59,462,0,5,0,15,97,0
TXN004719,1523,496.99,101,0,5,0,6,546,0
TXN004720,141,333.65,692,2,8,1,1,56,0
TXN004721,2806,49.72,984,1,6,1,8,62,0
TXN004722,1921,3010.39,461,2,4,0,8,256,0
TXN004723,2978,2780.55,769,0,6,0,16,849,0
TXN004724,93,1587.72,268,2,6,0,0,617,0
TXN004725,239,280.91,883,0,7,0,4,548,0
TXN004726,205,7912.12,362,3,7,0,17,149,0
TXN004727,2608,885.54,408,1,7,1,4,796,0
TXN004728,1457,403.48,37,1,8,0,4,912,0
TXN004729,245,1449.69,468,2,4,0,14,464,0
TXN004730,832,1353.28,966,1,4,1,2,122,0
TXN004731,2973,54.42,716,2,7,0,0,511,0
TXN004732,295,1056.66,981,1,4,0,14,443,0
TXN004733,2688,1267.3,259,2,5,2,21,507,0
TXN004734,856,696.11,509,2,0,1,0,122,0
TXN004735,2065,224.58,667,1,5,0,19,156,0
TXN004736,71,232.67,750,0,6,0,16,940,0
TXN004737,1293,2032.21,309,1,7,0,1,797,0
TXN004738,1349,2735.09,612,1,6,0,4,770,0
TXN004739,305,640.59,273,0,6,1,9,124,0
TXN004740,1031,1735.03,625,2,4,0,3,912,0
TXN004741,1338,633.02,110,2,2,1,16,177,0
TXN004742,817,393.91,655,4,5,1,19,595,0
TXN004743,1127,1418.56,679,2,5,2,15,105,0
TXN004744,821,276.19,260,3,4,0,2,55,0
TXN004745,193,10641.76,657,1,4,0,11,731,0
TXN004746,1777,195.39,742,1,5,1,17,999,0
TXN004747,529,1541.63,907,1,6,0,22,258,0
TXN004748,2219,1313.29,268,0,2,0,0,850,0
TXN004749,251,1180.59,32,1,4,0,19,727,0
TXN004750,1789,6503.35,923,4,5,0,15,652,0
TXN004751,2589,43.66,940,1,6,2,20,442,0
TXN004752,2027,1797.37,811,3,5,1,19,26,0
TXN004753,2464,789.93,731,1,2,0,18,306,0
TXN004754,2842,2210.05,177,2,7,0,4,30,0
TXN004755,1404,1171.01,104,2,7,0,13,142,0
TXN004756,1168,1002.22,236,0,7,0,21,15,0
TXN004757,2073,257.55,93,1,4,2,6,193,0
TXN004758,2716,488.94,201,0,5,1,10,785,0
TXN004759,1097,46995.72,811,0,2,1,10,840,0
TXN004760,2680,2234.39,899,2,7,0,23,607,0
TXN004761,1848,3878.14,743,1,3,0,23,346,0
TXN004762,505,718.9,925,1,2,0,9,51,0
TXN004763,1622,392.79,767,1,5,1,4,722,0
TXN004764,2384,2784.19,597,4,5,0,15,115,0
TXN004765,2473,111.67,35,0,2,0,13,526,0
TXN004766,2547,502.26,117,2,5,0,18,716,0
TXN004767,1388,716.59,688,1,7,2,8,949,1
TXN004768,2995,3408.36,458,1,4,0,23,305,0
TXN004769,2678,1801.64,471,1,6,0,4,945,0
TXN004770,1223,621.74,935,0,7,0,9,820,0
TXN004771,718,1707.47,985,3,4,0,22,302,0
TXN004772,339,762.21,920,0,4,0,2,326,0
TXN004773,659,3960.18,788,2,4,0,13,439,0
TXN004774,962,1455.91,399,2,4,2,1,628,0
TXN004775,429,8810.78,597,2,6,0,17,819,0
TXN004776,899,785.76,117,2,8,1,6,113,0
TXN004777,139,4771.78,362,2,6,2,20,21,0
TXN004778,2990,1222.31,204,3,8,1,4,506,0
TXN004779,542,475.0,146,3,5,1,22,598,0
TXN004780,2105,24881.74,444,1,4,1,7,466,0
TXN004781,1256,5279.84,727,0,5,2,20,269,0
TXN004782,2706,1452.71,617,5,3,1,21,167,0
TXN004783,2483,2749.56,861,2,6,0,6,130,0
TXN004784,384,299.34,297,0,7,1,11,728,0
TXN004785,2608,312.26,868,0,2,0,9,993,0
TXN004786,194,4175.16,581,0,3,1,6,341,0
TXN004787,2582,1102.96,487,3,4,0,14,667,0
TXN004788,2566,909.61,986,1,2,0,11,868,0
TXN004789,2764,776.25,767,1,5,1,17,743,0
TXN004790,2799,1316.17,231,2,1,1,6,595,0
TXN004791,2233,808.27,203,2,3,1,2,383,0
TXN004792,1896,95.72,362,2,2,1,17,913,0
TXN004793,2340,5997.21,395,1,6,0,6,556,0
TXN004794,732,960.38,248,1,3,0,21,596,0
TXN004795,2164,9875.72,440,2,3,1,12,793,0
TXN004796,2873,132.34,914,3,7,0,12,976,0
TXN004797,685,131.72,396,5,9,0,4,94,0
TXN004798,82,788.0,761,0,2,2,18,674,0
TXN004799,2882,3544.08,656,2,4,1,22,377,0
TXN004800,2381,253.76,795,1,5,0,5,39,0
TXN004801,2605,242.22,356,2,7,1,13,238,0
TXN004802,2383,1713.58,401,2,5,2,18,115,0
TXN004803,532,753.37,241,2,5,0,13,85,0
TXN004804,1984,2106.74,341,5,4,0,19,909,0
TXN004805,221,769.75,887,3,3,0,13,513,0
TXN004806,635,1740.91,229,1,8,1,20,138,0
TXN004807,1770,5649.71,543,2,6,2,14,203,0
TXN004808,2371,254.41,621,2,10,0,23,576,0
TXN004809,1875,4544.82,931,3,8,1,20,229,0
TXN004810,3,141.89,539,2,4,0,19,361,0
TXN004811,1718,2278.34,855,1,4,0,14,673,0
TXN004812,206,6021.69,672,1,6,2,16,530,0
TXN004813,1856,584.71,529,1,7,1,17,178,0
TXN004814,40,2376.69,267,0,5,1,20,987,0
TXN004815,2107,611.24,129,2,4,0,3,343,0
TXN004816,2999,2213.78,220,3,8,0,7,490,0
TXN004817,2622,72.95,82,2,8,0,18,38,0
TXN004818,644,1332.2,561,2,8,1,1,382,0
TXN004819,1531,1762.47,553,2,9,0,17,415,0
TXN004820,1908,5506.14,20,1,5,1,21,842,0
TXN004821,2891,3328.6,327,2,2,1,9,986,0
TXN004822,2667,903.72,37,3,5,1,20,975,0
TXN004823,2144,1512.74,382,0,2,0,15,626,0
TXN004824,898,193.38,912,0,8,1,3,380,0
TXN004825,1086,7886.36,39,4,2,2,5,211,0
TXN004826,1280,2513.4,109,2,6,0,17,682,0
TXN004827,2609,117.56,429,0,1,0,3,108,0
TXN004828,2953,1473.19,64,2,11,2,1,295,0
TXN004829,2396,1614.55,175,0,4,1,20,114,0
TXN004830,671,433.23,791,0,6,0,0,648,0
TXN004831,1506,1231.81,32,1,4,1,3,73,0
TXN004832,2365,383.99,945,2,10,0,15,722,0
TXN004833,719,203.26,721,3,5,1,4,638,0
TXN004834,1072,525.31,891,4,2,0,15,318,0
TXN004835,1956,1347.37,531,0,1,0,4,173,0
TXN004836,1160,3340.91,106,3,7,1,5,602,0
TXN004837,250,1192.47,482,0,3,2,7,324,0
TXN004838,2362,3380.27,206,0,6,0,2,955,0
TXN004839,1893,2388.55,247,1,6,1,9,114,0
TXN004840,1854,316.56,835,0,6,0,19,814,0
TXN004841,2855,2366.87,679,2,5,1,20,307,0
TXN004842,1504,2446.69,89,1,8,1,6,359,0
TXN004843,2533,8867.62,316,2,4,0,20,526,0
TXN004844,1235,1795.04,11,0,4,0,4,96,0
TXN004845,44,249.23,49,1,4,1,8,165,0
TXN004846,2619,564.03,911,2,6,0,13,361,0
TXN004847,583,118.74,896,2,6,0,10,241,0
TXN004848,1289,2023.48,979,0,11,0,21,220,0
TXN004849,2943,7980.54,573,1,7,2,19,799,0
TXN004850,220,62.22,171,1,2,1,5,928,0
TXN004851,1926,8395.71,143,1,4,0,2,418,0
TXN004852,2973,1991.58,207,0,9,1,5,982,0
TXN004853,2449,301.3,998,2,2,0,2,547,0
TXN004854,2775,1492.24,463,0,5,2,16,695,0
TXN004855,991,313.19,509,2,6,2,8,205,0
TXN004856,2947,1860.32,201,2,8,0,2,649,0
TXN004857,1813,1183.27,5,1,6,2,11,188,0
TXN004858,858,1628.17,211,4,4,0,7,743,0
TXN004859,804,364.04,984,2,4,0,1,119,0
TXN004860,490,433.55,29,1,2,0,20,212,0
TXN004861,1781,2002.57,190,0,5,1,19,710,0
TXN004862,1494,599.88,188,4,5,1,20,404,0
TXN004863,2986,1311.36,837,2,11,1,3,408,0
TXN004864,2892,1888.58,767,0,5,2,3,177,0
TXN004865,1706,839.81,150,2,3,0,18,819,0
TXN004866,2315,4385.77,525,4,6,1,11,406,0
TXN004867,54,877.73,946,0,6,1,15,627,0
TXN004868,2576,846.67,884,3,2,0,12,600,0
TXN004869,616,513.86,943,1,2,1,1,663,0
TXN004870,1083,3819.9,366,1,4,1,11,533,0
TXN004871,1849,469.35,157,3,8,0,12,208,0
TXN004872,955,4941.32,80,2,3,1,12,887,0
TXN004873,2434,1333.73,868,3,5,0,23,987,0
TXN004874,1630,27405.9,273,1,6,0,18,473,0
TXN004875,2782,496.43,660,1,7,0,9,109,0
TXN004876,2764,5065.62,718,3,4,0,17,99,0
TXN004877,650,2022.91,626,1,6,2,23,183,0
TXN004878,2348,591.99,518,3,8,0,7,604,0
TXN004879,395,2055.79,790,0,3,1,20,920,0
TXN004880,1360,1939.03,232,1,1,0,15,546,0
TXN004881,2641,736.33,649,0,4,0,1,394,0
TXN004882,2562,1833.42,160,2,5,1,7,995,0
TXN004883,2444,4429.89,344,4,4,1,13,728,0
TXN004884,371,2025.61,289,2,6,1,3,654,0
TXN004885,858,663.13,205,1,5,0,10,610,0
TXN004886,791,619.8,995,1,5,1,20,485,0
TXN004887,658,987.43,838,2,10,0,21,752,0
TXN004888,2784,4167.01,305,2,9,0,14,748,0
TXN004889,1393,443.84,360,0,5,1,3,172,0
TXN004890,384,1755.58,670,1,8,0,13,679,0
TXN004891,2110,168.18,870,1,7,0,7,606,0
TXN004892,2553,2238.44,400,1,2,0,14,298,0
TXN004893,239,2703.02,449,1,8,0,0,106,0
TXN004894,195,12495.77,106,0,5,0,21,46,0
TXN004895,2726,3328.75,82,0,5,2,13,161,0
TXN004896,2109,677.6,342,1,8,1,8,453,0
TXN004897,1153,173.9,986,0,4,1,23,652,0
TXN004898,2733,2032.53,782,0,3,0,10,497,0
TXN004899,2016,740.51,952,4,5,0,5,528,0
TXN004900,156,1637.49,421,1,1,0,14,567,0
TXN004901,923,462.1,49,1,6,0,7,444,0
TXN004902,2916,890.84,206,1,6,1,15,471,0
TXN004903,2951,142.6,218,0,7,1,17,977,0
TXN004904,1610,312.48,818,0,3,0,5,65,0
TXN004905,975,263.82,676,0,2,2,17,42,0
TXN004906,1231,3125.49,436,1,7,1,23,582,0
TXN004907,2436,406.38,791,1,3,0,7,220,0
TXN004908,1815,5730.26,322,0,9,0,1,5,0
TXN004909,2935,411.19,231,1,5,0,5,425,0
TXN004910,838,13563.34,711,4,4,0,10,9,0
TXN004911,2008,105.78,487,0,7,0,4,705,0
TXN004912,1364,1824.68,429,3,6,2,8,48,0
TXN004913,2388,1148.62,883,1,8,0,3,451,0
TXN004914,204,256.28,726,2,4,2,22,798,0
TXN004915,161,566.16,284,0,2,2,12,745,0
TXN004916,392,801.48,486,1,3,2,3,633,0
TXN004917,769,1479.96,276,2,3,1,7,469,0
TXN004918,2623,356.49,433,2,6,1,20,169,0
TXN004919,2582,1826.92,185,1,6,1,11,446,0
TXN004920,1094,1266.06,722,0,8,1,8,768,0
TXN004921,2941,2793.42,633,0,5,1,1,785,0
TXN004922,405,389.62,216,2,5,1,0,196,0
TXN004923,608,671.02,97,3,7,1,7,865,0
TXN004924,1615,6189.08,955,2,5,1,20,879,0
TXN004925,1541,369.72,119,3,6,0,22,569,0
TXN004926,2876,206.24,365,0,9,1,21,232,0
TXN004927,1838,514.32,794,1,7,1,1,478,0
TXN004928,690,130.17,403,1,4,0,10,173,0
TXN004929,2950,8163.86,618,0,6,1,9,540,0
TXN004930,1241,781.09,397,3,3,0,0,377,0
TXN004931,2104,790.19,458,1,7,1,12,24,0
TXN004932,366,2673.2,318,1,2,0,10,313,0
TXN004933,1723,459.13,382,1,3,0,11,746,0
TXN004934,455,846.31,142,1,6,2,22,215,0
TXN004935,104,444.82,457,0,3,1,9,209,0
TXN004936,77,133.48,501,0,3,0,10,939,0
TXN004937,230,1165.5,907,4,7,0,4,107,0
TXN004938,1938,3755.11,323,0,2,0,7,64,0
TXN004939,2379,1206.11,268,3,2,0,3,732,0
TXN004940,1206,3306.84,803,2,4,0,22,612,0
TXN004941,893,294.43,487,1,5,2,1,929,0
TXN004942,1574,443.7,878,0,5,2,23,354,0
TXN004943,2736,232.02,679,1,3,0,7,974,0
TXN004944,2075,1702.53,160,0,5,0,21,98,0
TXN004945,1676,749.1,743,1,3,0,18,924,0
TXN004946,299,716.18,14,1,6,1,7,578,0
TXN004947,957,2447.4,705,0,5,2,11,335,0
TXN004948,2847,621.68,155,3,6,0,17,342,0
TXN004949,1115,4006.23,101,2,1,1,12,671,0
TXN004950,2528,1455.04,572,3,5,1,18,398,0
TXN004951,2621,706.71,43,1,4,1,1,787,0
TXN004952,2506,170.39,193,1,3,1,13,674,0
TXN004953,1475,2430.69,311,1,1,0,18,564,0
TXN004954,365,1539.98,621,0,6,0,22,223,0
TXN004955,2907,1631.54,605,3,6,0,13,677,0
TXN004956,1699,1695.2,728,3,13,0,23,649,0
TXN004957,351,581.2,465,0,6,0,8,981,0
TXN004958,2301,914.48,163,0,10,0,13,571,0
TXN004959,2829,632.54,351,1,5,1,16,950,0
TXN004960,1905,4915.15,234,1,3,3,9,288,0
TXN004961,2851,788.28,928,1,5,1,1,340,0
TXN004962,1012,521.61,403,0,3,2,13,422,0
TXN004963,2507,5337.52,351,1,2,1,11,934,0
TXN004964,2965,4684.27,167,1,5,0,13,558,0
TXN004965,499,1456.29,148,1,9,2,20,133,0
TXN004966,950,938.38,28,2,3,2,11,776,0
TXN004967,1995,695.44,259,2,1,0,22,635,0
TXN004968,2047,1040.27,928,2,4,1,0,855,0
TXN004969,508,383.89,598,4,7,0,6,274,0
TXN004970,1328,1958.71,620,2,2,0,16,838,0
TXN004971,2549,7966.52,442,0,6,0,14,202,0
TXN004972,2851,2154.13,950,1,6,0,0,843,0
TXN004973,2646,291.81,938,2,2,2,14,858,0
TXN004974,166,1893.38,629,0,8,0,2,901,0
TXN004975,2510,1384.99,876,1,2,0,23,756,0
TXN004976,920,1873.48,527,1,4,2,16,506,0
TXN004977,114,410.15,998,1,4,0,5,322,0
TXN004978,992,1101.06,211,3,7,0,10,241,0
TXN004979,1952,3164.4,830,3,5,1,12,878,0
TXN004980,2255,303.69,543,1,9,0,10,129,0
TXN004981,1259,639.73,445,0,8,2,11,510,0
TXN004982,515,776.33,794,3,8,2,15,34,0
TXN004983,1232,3633.82,453,1,4,2,14,418,0
TXN004984,709,4345.95,697,2,5,2,20,684,0
TXN004985,2186,110.15,404,1,7,0,18,906,0
TXN004986,339,3630.08,66,0,4,0,18,169,0
TXN004987,2585,4513.13,405,5,8,0,4,680,0
TXN004988,68,4178.15,883,0,5,0,6,642,0
TXN004989,1597,580.82,828,0,5,0,12,67,0
TXN004990,1565,832.34,575,3,6,0,4,799,0
TXN004991,383,167.18,435,1,6,0,19,287,0
TXN004992,19,88.77,228,0,1,0,16,823,0
TXN004993,2731,710.65,476,3,13,0,21,469,0
TXN004994,2122,1202.02,468,1,1,1,10,219,0
TXN004995,573,1355.77,101,0,5,1,2,406,0
TXN004996,2987,2937.66,423,1,3,1,6,18,0
TXN004997,1300,43189.94,356,0,6,1,21,745,0
TXN004998,2259,681.85,139,2,2,0,4,624,0
TXN004999,2903,308.99,631,1,3,1,7,703,0
TXN005000,1944,2111.94,569,2,4,0,13,239,0
TXN005001,651,1431.8,131,2,4,0,8,454,0
TXN005002,1646,550.36,549,1,4,0,9,955,0
TXN005003,994,3271.56,468,0,5,0,21,208,0
TXN005004,2743,413.92,480,1,12,3,21,942,0
TXN005005,2588,939.85,111,3,7,1,23,60,0
TXN005006,1339,1007.17,153,0,3,1,3,488,0
TXN005007,901,351.69,917,2,4,2,23,505,0
TXN005008,1685,140.94,762,1,3,1,2,416,0
TXN005009,2828,1426.16,242,4,6,0,1,612,0
TXN005010,1586,5667.25,720,0,3,1,7,642,0
TXN005011,1924,3474.07,880,0,4,1,8,504,0
TXN005012,1782,3764.46,682,1,5,0,19,641,0
TXN005013,1137,420.42,769,1,7,1,12,161,0
TXN005014,2218,1417.83,279,3,4,0,4,851,0
TXN005015,1945,198.54,363,0,4,1,18,779,0
TXN005016,1038,1343.05,625,1,7,0,11,478,0
TXN005017,1739,5805.39,408,3,6,1,19,669,0
TXN005018,288,6025.79,175,1,3,0,11,907,0
TXN005019,2237,12538.24,601,1,5,0,15,463,0
TXN005020,2962,3593.97,135,1,8,0,5,859,1
TXN005021,1591,1940.88,506,2,8,1,2,252,0
TXN005022,2742,3132.75,294,0,6,0,18,670,0
TXN005023,1746,2481.67,495,3,6,1,23,291,0
TXN005024,2936,416.25,815,2,6,1,16,539,0
TXN005025,2519,177.97,871,2,4,0,22,756,0
TXN005026,1099,3163.11,419,2,8,2,10,598,0
TXN005027,2325,13521.25,206,2,2,0,3,786,0
TXN005028,940,3323.47,318,0,7,0,19,156,0
TXN005029,1449,113.7,73,1,5,1,8,311,0
TXN005030,571,588.07,259,0,8,1,20,474,0
TXN005031,2905,866.07,358,1,5,2,20,565,0
TXN005032,1001,118.24,148,3,4,0,13,678,0
TXN005033,1206,210.13,225,4,7,0,15,535,0
TXN005034,2506,1048.91,105,2,7,1,0,221,0
TXN005035,918,1501.11,556,2,7,2,7,4,1
TXN005036,1875,335.89,928,2,7,1,5,302,0
TXN005037,833,198.83,356,2,4,1,1,863,0
TXN005038,2887,4591.52,538,2,4,1,20,541,0
TXN005039,2241,692.96,816,2,8,0,20,475,0
TXN005040,1679,822.79,261,3,2,1,14,552,0
TXN005041,616,569.07,571,2,11,0,20,256,0
TXN005042,406,434.67,573,1,2,0,4,684,0
TXN005043,1750,5236.14,817,2,4,0,12,338,0
TXN005044,2991,381.55,926,1,5,0,18,332,0
TXN005045,2769,1360.52,913,1,4,0,18,209,0
TXN005046,93,1108.15,70,0,4,1,4,813,0
TXN005047,2478,105.87,954,0,5,0,9,61,0
TXN005048,654,1464.31,447,0,5,0,15,72,0
TXN005049,434,171.96,957,3,3,4,20,840,0
TXN005050,1136,2350.9,447,1,5,3,6,757,0
TXN005051,375,264.09,783,1,4,1,9,712,0
TXN005052,1067,2051.7,257,2,6,0,11,414,0
TXN005053,207,654.97,909,1,3,0,2,244,0
TXN005054,780,488.24,944,1,1,0,9,386,0
TXN005055,1320,1411.88,896,2,2,2,0,973,0
TXN005056,1142,187.5,930,0,7,0,20,436,0
TXN005057,532,1009.22,637,1,7,1,20,484,0
TXN005058,2214,2803.71,926,3,3,1,0,38,0
TXN005059,2691,3831.94,531,4,4,0,19,958,0
TXN005060,90,629.45,119,0,6,1,22,614,0
TXN005061,1118,749.96,832,2,4,0,21,838,0
TXN005062,13,183.04,66,4,7,0,19,196,0
TXN005063,1858,445.48,245,4,7,0,13,794,0
TXN005064,805,168.66,57,2,5,0,15,930,0
TXN005065,945,1859.55,44,3,4,0,16,122,0
TXN005066,2790,3012.72,524,2,8,1,12,543,0
TXN005067,1858,635.83,890,2,4,2,20,381,0
TXN005068,1611,308.01,424,1,7,0,5,997,0
TXN005069,2924,1587.36,748,4,5,1,16,523,0
TXN005070,1960,387.01,536,2,8,1,21,771,0
TXN005071,2708,2456.09,395,0,6,1,23,259,0
TXN005072,1053,11187.1,450,1,4,0,11,820,0
TXN005073,296,379.43,257,0,5,2,4,1,0
TXN005074,926,450.33,954,2,6,0,23,751,0
TXN005075,640,190.28,796,3,5,0,23,430,0
TXN005076,2388,1306.79,836,0,8,3,15,255,0
TXN005077,628,1204.41,361,0,3,1,2,384,0
TXN005078,2487,792.61,763,1,8,1,9,646,0
TXN005079,1168,1118.09,606,1,5,1,18,342,0
TXN005080,942,313.43,380,0,8,1,0,203,0
TXN005081,830,149.03,443,1,3,0,17,184,0
TXN005082,1771,441.03,967,0,10,0,22,794,0
TXN005083,2567,110.1,892,3,7,0,22,445,0
TXN005084,976,379.39,534,4,4,0,12,490,0
TXN005085,955,1590.29,474,3,3,0,9,471,0
TXN005086,1263,1178.03,157,3,6,0,15,870,0
TXN005087,952,130.51,89,0,3,2,22,326,0
TXN005088,944,3863.06,202,2,1,0,9,294,0
TXN005089,2203,868.28,980,3,5,0,12,95,0
TXN005090,1205,230.63,462,1,7,0,7,815,0
TXN005091,2136,708.23,481,1,4,0,16,22,0
TXN005092,1535,544.78,709,2,7,1,14,131,0
TXN005093,1097,387.11,557,3,4,1,17,696,0
TXN005094,2979,2907.68,454,0,6,4,15,26,0
TXN005095,179,290.73,470,4,5,2,23,322,0
TXN005096,2260,1368.64,380,2,5,0,21,22,0
TXN005097,1829,219.3,401,1,4,1,23,825,0
TXN005098,1258,1049.14,79,2,8,1,7,540,0
TXN005099,465,1507.95,551,2,3,4,20,655,0
TXN005100,1775,1511.42,936,0,4,2,22,198,0
TXN005101,2679,1208.3,796,3,2,0,0,637,0
TXN005102,2873,823.19,386,1,3,0,9,480,0
TXN005103,1231,305.85,978,1,12,1,3,21,0
TXN005104,2655,310.11,667,1,2,1,22,281,0
TXN005105,885,1569.63,661,2,4,0,7,213,0
TXN005106,2414,241.36,343,3,10,0,17,979,0
TXN005107,2324,183.3,903,3,6,1,20,908,0
TXN005108,2428,6098.05,445,1,5,1,8,74,0
TXN005109,1333,802.99,52,1,6,1,13,870,0
TXN005110,1655,2349.64,251,1,6,0,17,814,0
TXN005111,945,3128.11,944,4,4,0,18,89,0
TXN005112,2858,1166.02,894,2,6,0,8,893,0
TXN005113,925,697.75,659,4,5,1,17,762,0
TXN005114,1939,712.13,329,1,7,0,1,763,0
TXN005115,494,7552.52,908,0,6,1,9,528,0
TXN005116,1547,560.84,494,1,6,2,4,749,0
TXN005117,1970,1355.22,350,2,6,0,11,575,0
TXN005118,1095,2472.0,967,0,8,1,13,167,0
TXN005119,2412,1481.56,770,3,3,1,7,284,0
TXN005120,2618,4028.95,785,0,7,1,5,244,0
TXN005121,1826,689.56,459,0,7,0,0,57,0
TXN005122,763,2460.25,498,0,4,3,18,572,0
TXN005123,2324,127.29,125,0,10,1,9,982,0
TXN005124,50,5520.91,204,1,4,0,0,898,0
TXN005125,2776,4220.8,768,0,8,2,11,77,0
TXN005126,906,761.04,643,0,4,0,4,702,0
TXN005127,2976,1856.79,21,2,2,0,11,821,0
TXN005128,564,3194.79,590,2,6,1,3,609,0
TXN005129,783,315.67,847,2,7,1,16,898,0
TXN005130,2533,922.02,563,1,2,0,0,458,0
TXN005131,2041,228.86,362,0,1,0,11,110,0
TXN005132,1832,4298.84,361,2,6,0,22,612,0
TXN005133,584,2943.38,778,1,6,0,13,201,0
TXN005134,1320,782.79,116,0,6,0,1,980,0
TXN005135,236,681.1,55,0,5,0,16,792,0
TXN005136,2104,917.13,292,2,9,0,22,743,0
TXN005137,1943,373.64,51,0,8,0,20,203,0
TXN005138,360,889.94,842,1,4,2,8,138,1
TXN005139,1931,315.68,785,0,8,1,4,24,0
TXN005140,110,3222.77,254,2,3,1,8,399,0
TXN005141,192,4291.2,492,0,4,0,13,343,0
TXN005142,904,3409.2,985,2,10,0,8,133,0
TXN005143,1117,261.64,573,1,4,0,2,296,0
TXN005144,862,853.94,859,1,2,2,17,938,0
TXN005145,2616,2212.05,993,1,4,0,11,433,0
TXN005146,1084,2758.69,971,1,2,0,20,117,0
TXN005147,650,120.71,909,0,5,0,2,783,0
TXN005148,39,2666.67,961,0,8,1,13,65,0
TXN005149,637,246.68,863,1,3,1,10,426,0
TXN005150,1037,911.64,225,0,4,1,4,258,0
TXN005151,36,4959.13,469,1,8,4,9,549,0
TXN005152,2149,4215.34,848,0,8,0,13,408,0
TXN005153,1362,5384.91,103,0,5,0,20,268,0
TXN005154,1984,305.05,983,2,3,1,15,720,0
TXN005155,166,410.28,970,1,3,0,5,164,0
TXN005156,2431,558.16,48,0,5,0,3,523,0
TXN005157,1880,919.91,737,1,7,0,0,300,0
TXN005158,2838,1422.32,342,2,8,0,18,489,0
TXN005159,31,5078.17,233,0,3,1,19,14,0
TXN005160,11,359.84,582,4,2,1,18,285,0
TXN005161,2012,515.62,559,0,4,1,9,612,0
TXN005162,2144,6053.36,228,0,6,2,7,706,0
TXN005163,2501,272.91,522,0,8,0,22,511,0
TXN005164,2240,2623.39,697,1,3,1,19,547,0
TXN005165,486,985.97,592,3,4,1,2,575,0
TXN005166,1290,1747.06,13,3,4,0,15,160,0
TXN005167,1448,414.2,499,1,1,0,20,500,0
TXN005168,2286,2562.17,445,3,3,0,22,950,0
TXN005169,1944,500.17,826,3,5,1,4,298,0
TXN005170,1964,199.63,340,1,6,0,7,216,0
TXN005171,1852,1950.9,324,1,4,1,16,731,0
TXN005172,1470,54.4,596,1,5,1,13,598,0
TXN005173,1367,554.68,598,0,3,0,18,858,0
TXN005174,2783,1555.21,157,1,1,1,9,249,0
TXN005175,991,2722.58,656,1,6,0,15,444,0
TXN005176,825,4778.22,575,1,7,0,0,612,0
TXN005177,1463,9256.25,431,0,6,0,15,816,0
TXN005178,2154,6413.1,555,1,7,0,1,127,0
TXN005179,2229,1380.03,407,1,6,1,4,526,0
TXN005180,2232,4233.32,158,2,4,1,13,339,1
TXN005181,226,1354.7,185,1,7,0,2,641,0
TXN005182,777,2497.6,798,3,5,2,13,930,0
TXN005183,2838,534.21,491,2,7,1,6,828,0
TXN005184,1113,1909.3,835,1,8,0,18,129,0
TXN005185,688,621.48,952,1,5,1,15,104,0
TXN005186,530,890.47,536,1,7,0,20,389,0
TXN005187,972,1916.54,357,0,5,0,17,270,0
TXN005188,936,13489.34,717,2,3,2,1,475,0
TXN005189,1423,1761.15,362,1,8,1,2,2,1
TXN005190,2154,1081.33,224,1,2,1,6,22,0
TXN005191,1295,404.18,613,3,4,1,8,317,0
TXN005192,1999,3214.55,204,1,2,0,11,286,0
TXN005193,2879,733.22,8,4,2,0,19,395,0
TXN005194,1527,1718.12,472,2,4,0,15,143,0
TXN005195,679,2546.13,172,3,7,0,17,293,0
TXN005196,2897,4998.69,720,1,3,1,2,501,0
TXN005197,2441,3013.47,96,1,7,1,23,913,0
TXN005198,40,252.61,674,1,7,3,9,615,0
TXN005199,2708,139.68,803,1,5,0,0,292,0
TXN005200,1106,2544.69,608,1,5,0,15,370,0
TXN005201,845,1215.86,306,3,5,1,22,52,0
TXN005202,1744,1754.19,657,4,8,1,13,65,0
TXN005203,2249,8636.12,258,0,6,1,7,80,0
TXN005204,447,523.27,474,1,8,1,0,316,0
TXN005205,1235,5165.16,950,3,8,0,8,763,0
TXN005206,2492,529.54,300,3,6,0,0,385,0
TXN005207,1351,7174.74,465,0,6,1,15,83,0
TXN005208,2809,2698.96,614,2,3,0,3,254,0
TXN005209,227,179.73,689,1,5,2,9,368,0
TXN005210,48,664.65,898,1,8,0,18,137,0
TXN005211,2960,10924.92,328,0,6,0,6,995,0
TXN005212,1463,9397.79,110,5,7,0,2,403,0
TXN005213,1831,2264.4,710,2,5,3,21,802,0
TXN005214,187,1677.54,905,1,5,1,6,885,0
TXN005215,2393,1462.18,129,3,3,0,7,137,0
TXN005216,2272,1852.76,965,1,7,1,23,290,0
TXN005217,2878,926.15,871,2,3,0,15,554,0
TXN005218,2536,4690.17,137,2,8,1,1,653,0
TXN005219,1933,2193.86,910,0,6,1,17,955,0
TXN005220,2925,344.32,539,2,3,1,7,501,0
TXN005221,849,2406.65,649,0,3,2,15,334,0
TXN005222,2033,1336.73,164,1,6,1,20,801,0
TXN005223,1253,753.74,349,2,5,0,10,314,0
TXN005224,1414,10702.5,980,3,6,0,18,536,0
TXN005225,979,1242.06,463,2,6,0,10,750,0
TXN005226,1613,104.77,868,0,5,0,22,192,0
TXN005227,1017,820.89,643,5,3,0,18,547,0
TXN005228,2236,3612.61,504,1,4,2,19,271,0
TXN005229,1882,360.77,885,0,5,2,5,337,0
TXN005230,270,3468.25,151,0,6,2,11,497,0
TXN005231,1631,331.22,890,4,6,0,9,149,0
TXN005232,310,5453.48,246,2,7,1,8,702,0
TXN005233,2044,551.65,110,1,9,1,9,439,0
TXN005234,1575,718.99,585,0,1,0,14,195,0
TXN005235,1096,657.79,798,1,8,2,22,449,0
TXN005236,2893,2246.08,275,4,5,0,11,974,0
TXN005237,1696,10026.06,870,1,4,0,16,93,0
TXN005238,2534,1116.33,67,1,6,0,14,302,0
TXN005239,1446,1082.38,50,2,9,0,8,775,0
TXN005240,2168,551.19,816,1,5,0,17,488,0
TXN005241,220,155.58,515,2,8,1,6,849,0
TXN005242,53,621.27,226,0,6,1,12,217,0
TXN005243,1758,242.06,578,1,2,1,16,374,0
TXN005244,1475,113.89,506,2,5,2,4,361,0
TXN005245,1667,999.85,155,2,6,2,11,47,0
TXN005246,1261,571.86,983,0,1,0,12,811,0
TXN005247,2806,5720.93,874,2,6,0,2,731,0
TXN005248,2786,392.79,480,1,5,0,21,203,0
TXN005249,720,2451.46,111,2,4,2,14,99,0
TXN005250,406,2394.64,483,0,6,0,6,587,0
TXN005251,2656,5456.48,808,2,6,1,5,116,0
TXN005252,2470,879.13,893,1,4,0,22,248,0
TXN005253,2760,5339.31,768,1,5,3,5,274,0
TXN005254,2295,2149.81,274,2,4,2,12,724,0
TXN005255,72,4303.32,155,2,3,2,4,646,0
TXN005256,1854,19399.22,651,3,7,1,16,943,0
TXN005257,2233,945.9,167,2,1,0,5,336,0
TXN005258,2054,1346.11,19,1,4,1,18,495,0
TXN005259,1230,710.39,345,3,6,0,17,809,0
TXN005260,1568,6979.77,903,0,2,2,18,616,0
TXN005261,2954,24973.82,735,1,2,0,0,450,0
TXN005262,387,2646.51,569,2,3,1,4,378,0
TXN005263,1792,158.84,898,1,1,1,14,857,0
TXN005264,699,380.04,294,1,3,0,0,897,0
TXN005265,1201,4409.46,645,1,6,0,20,688,0
TXN005266,827,277.76,462,1,2,3,14,130,0
TXN005267,1823,533.45,338,1,6,1,4,583,0
TXN005268,349,511.46,804,1,6,0,22,846,0
TXN005269,1279,999.66,452,2,3,1,13,210,0
TXN005270,308,1492.27,344,2,5,0,8,225,0
TXN005271,1151,113.6,717,2,2,1,20,925,0
TXN005272,1961,175.4,631,4,6,1,0,871,0
TXN005273,2335,180.5,765,2,4,0,8,65,0
TXN005274,766,208.34,85,3,4,1,22,243,0
TXN005275,725,1117.9,697,2,9,2,1,479,0
TXN005276,2810,1385.05,737,0,4,0,15,630,0
TXN005277,1620,3699.01,660,1,2,2,5,108,0
TXN005278,383,2134.35,389,0,1,1,22,230,0
TXN005279,2436,545.28,792,1,6,1,6,27,0
TXN005280,525,1445.07,227,0,2,0,15,795,0
TXN005281,2687,3885.76,286,2,7,1,16,620,0
TXN005282,2986,834.76,284,0,6,0,13,877,0
TXN005283,276,755.59,693,4,3,1,14,514,0
TXN005284,2548,352.85,947,0,5,0,14,596,0
TXN005285,2765,417.47,109,0,6,1,9,688,0
TXN005286,337,2496.61,135,0,5,0,3,401,0
TXN005287,1974,1091.61,938,1,3,1,5,551,0
TXN005288,2980,11499.62,291,2,5,0,9,762,0
TXN005289,481,486.85,887,0,6,1,20,295,0
TXN005290,911,2734.35,990,0,7,0,5,904,0
TXN005291,1997,1743.57,802,3,6,1,23,302,0
TXN005292,1352,985.11,615,2,4,0,18,899,0
TXN005293,2034,650.28,713,0,7,1,17,767,0
TXN005294,1755,2253.24,508,1,4,0,11,705,0
TXN005295,109,2103.19,629,6,3,1,5,797,0
TXN005296,328,1397.42,844,0,5,1,12,113,0
TXN005297,1800,1827.6,822,1,4,1,22,543,0
TXN005298,315,1145.71,29,1,6,4,9,71,0
TXN005299,1135,153.02,394,0,9,1,13,501,0
TXN005300,2747,1213.48,27,0,8,1,7,179,0
TXN005301,781,794.52,467,0,5,1,13,371,0
TXN005302,1521,11333.21,13,3,5,0,9,461,0
TXN005303,156,2345.05,554,1,3,1,8,360,0
TXN005304,1497,1396.62,933,1,8,0,21,186,0
TXN005305,1725,1911.03,445,2,3,1,3,661,0
TXN005306,887,321.26,224,3,3,0,14,479,0
TXN005307,2806,527.57,463,2,6,1,16,794,0
TXN005308,722,733.81,21,1,7,0,17,862,0
TXN005309,913,1747.79,387,3,6,1,1,63,0
TXN005310,871,650.86,648,1,5,1,14,481,0
TXN005311,13,600.81,326,1,6,0,7,354,0
TXN005312,2656,304.47,733,0,1,0,4,445,0
TXN005313,498,1130.19,467,1,6,0,16,188,0
TXN005314,1757,1337.66,657,1,5,2,13,306,0
TXN005315,2286,1833.95,522,2,0,0,8,2,0
TXN005316,1118,475.7,225,3,4,2,6,69,0
TXN005317,2829,1711.17,653,4,4,1,14,751,0
TXN005318,1195,314.72,475,1,6,1,18,639,0
TXN005319,2005,843.13,618,0,7,0,12,488,0
TXN005320,2654,1574.8,780,1,9,1,17,110,0
TXN005321,2709,803.96,706,1,5,0,21,6,0
TXN005322,1648,168.31,458,2,8,1,13,412,0
TXN005323,1591,194.19,640,2,2,1,0,190,0
TXN005324,2897,1429.49,213,4,6,0,5,147,0
TXN005325,2984,2198.61,663,2,6,1,5,855,0
TXN005326,1491,1647.77,961,0,4,2,3,688,1
TXN005327,2676,2263.1,481,2,3,0,11,609,0
TXN005328,143,783.17,896,3,2,0,17,445,0
TXN005329,1225,2660.13,180,1,3,0,2,249,0
TXN005330,2762,1641.35,829,0,4,0,15,896,0
TXN005331,2527,509.1,538,1,6,1,4,284,0
TXN005332,565,2033.16,527,1,5,1,3,910,0
TXN005333,2519,1564.4,22,0,5,1,4,70,0
TXN005334,2432,8159.95,345,1,5,0,10,339,0
TXN005335,1716,5739.82,577,0,2,2,15,386,0
TXN005336,2974,981.65,763,2,9,1,22,711,0
TXN005337,417,664.33,922,2,2,0,18,94,0
TXN005338,1849,7121.93,21,0,3,0,3,891,0
TXN005339,2356,2125.68,745,0,9,0,20,674,0
TXN005340,2697,889.82,408,1,8,0,1,522,0
TXN005341,1718,100.8,487,2,2,1,17,186,0
TXN005342,1391,442.93,528,4,8,0,11,292,0
TXN005343,1068,407.47,416,1,1,0,6,65,0
TXN005344,2787,919.97,272,4,7,0,11,878,0
TXN005345,1867,2303.59,205,2,6,2,19,288,0
TXN005346,1122,2766.96,298,1,4,0,12,411,1
TXN005347,1289,6634.53,672,0,3,1,3,358,0
TXN005348,1807,3353.22,946,4,7,1,12,973,0
TXN005349,2188,230.31,553,0,9,0,4,802,0
TXN005350,1505,3774.45,108,1,5,1,7,748,0
TXN005351,1017,8777.88,637,1,4,2,23,653,0
TXN005352,953,8271.49,152,1,5,2,18,248,0
TXN005353,2952,255.84,13,4,3,0,21,218,0
TXN005354,72,871.91,715,4,3,0,17,636,0
TXN005355,1691,3474.37,79,2,4,0,10,523,0
TXN005356,1292,273.14,906,2,7,2,5,833,0
TXN005357,1345,138.39,554,1,10,0,14,777,0
TXN005358,2155,1598.38,169,0,5,0,5,746,0
TXN005359,883,487.5,249,1,5,1,4,856,0
TXN005360,139,154.82,121,0,7,1,17,674,0
TXN005361,2663,4795.46,387,0,5,1,1,979,0
TXN005362,2911,1335.65,439,0,7,0,0,199,0
TXN005363,2321,587.08,272,1,1,1,8,599,0
TXN005364,1505,345.01,300,3,10,1,0,325,0
TXN005365,2464,1352.19,721,2,4,1,8,789,0
TXN005366,2554,2035.51,473,0,8,2,16,179,0
TXN005367,733,1621.52,158,1,7,0,20,309,0
TXN005368,1749,177.2,633,0,3,0,3,867,0
TXN005369,424,1943.45,227,3,6,1,15,977,0
TXN005370,1592,2523.34,421,0,7,1,2,514,0
TXN005371,390,726.27,956,2,3,2,7,181,0
TXN005372,342,3818.19,973,2,3,1,15,618,0
TXN005373,946,394.53,24,0,6,1,20,412,0
TXN005374,614,5160.05,742,2,5,0,10,371,0
TXN005375,493,1285.34,538,0,6,0,6,133,0
TXN005376,192,604.62,570,1,7,0,21,651,1
TXN005377,499,748.34,777,3,3,0,8,615,1
TXN005378,822,3637.83,638,1,8,1,12,520,0
TXN005379,1736,1457.81,957,4,4,0,5,204,0
TXN005380,1257,2378.16,787,2,3,0,13,142,0
TXN005381,1969,3982.25,540,2,4,0,13,451,0
TXN005382,227,583.37,903,1,10,0,23,207,0
TXN005383,1395,1277.62,813,2,3,1,9,224,0
TXN005384,2187,837.69,982,3,4,0,21,467,0
TXN005385,2904,3716.25,128,2,2,1,1,723,0
TXN005386,817,693.02,94,1,7,0,8,391,0
TXN005387,1474,1161.42,703,0,10,0,22,460,0
TXN005388,1087,17237.97,421,2,8,1,6,327,0
TXN005389,104,5126.3,272,1,7,0,4,293,0
TXN005390,1875,316.63,484,2,3,0,21,420,0
TXN005391,871,3236.9,5,3,12,0,2,87,0
TXN005392,668,2506.2,157,0,4,2,6,98,0
TXN005393,2043,292.73,52,3,5,1,21,372,0
TXN005394,273,960.96,243,2,7,0,23,103,0
TXN005395,1030,351.69,663,4,5,0,1,694,0
TXN005396,2232,62.11,774,3,1,2,12,706,0
TXN005397,1052,920.42,420,2,4,0,7,80,0
TXN005398,1574,597.46,953,0,2,0,10,130,0
TXN005399,293,292.63,929,1,10,1,7,36,0
TXN005400,2225,1084.09,817,1,0,0,14,55,0
TXN005401,2106,86.08,425,0,4,1,12,81,0
TXN005402,1293,1152.32,80,3,2,0,13,871,0
TXN005403,308,1117.08,695,4,8,3,1,413,0
TXN005404,977,2476.22,354,2,6,0,23,792,0
TXN005405,1252,160.16,619,2,4,1,7,155,0
TXN005406,1271,14289.91,666,0,6,0,23,26,0
TXN005407,2748,9017.86,293,0,5,1,10,583,0
TXN005408,1518,433.61,717,1,2,1,2,574,0
TXN005409,2131,6321.34,116,4,10,0,0,129,0
TXN005410,1210,3067.1,529,4,7,1,9,847,0
TXN005411,2300,647.22,480,0,7,0,22,521,0
TXN005412,1379,529.42,288,3,4,1,7,959,0
TXN005413,1774,579.71,668,1,8,1,23,750,0
TXN005414,1720,32586.15,477,2,6,3,12,742,0
TXN005415,2043,5609.09,25,1,8,1,18,51,0
TXN005416,796,859.78,431,3,4,0,10,909,0
TXN005417,897,953.65,278,0,4,0,0,673,0
TXN005418,1962,3031.88,987,2,3,0,12,606,0
TXN005419,210,2876.63,317,1,4,0,1,977,0
TXN005420,2864,347.84,638,2,5,1,14,466,0
TXN005421,2657,1567.2,812,2,2,1,7,823,0
TXN005422,2495,565.07,358,3,2,0,12,16,0
TXN005423,2508,1316.38,276,0,6,0,1,214,0
TXN005424,968,1035.24,877,3,6,1,23,459,0
TXN005425,472,3718.86,690,2,7,1,20,591,0
TXN005426,2418,794.78,344,3,9,2,0,61,0
TXN005427,2948,1263.93,431,1,3,1,4,297,0
TXN005428,923,115.16,559,1,4,1,8,475,0
TXN005429,137,1617.09,712,0,4,1,8,72,0
TXN005430,367,430.86,563,1,5,3,20,324,0
TXN005431,2960,177.58,439,0,4,1,18,943,0
TXN005432,184,4251.12,462,0,7,1,11,480,0
TXN005433,2520,1043.02,807,2,3,0,8,980,0
TXN005434,1399,90.69,270,1,4,1,1,614,0
TXN005435,2702,428.23,709,1,6,1,7,862,0
TXN005436,2797,1103.24,431,1,5,2,23,7,0
TXN005437,537,1143.33,21,2,4,1,10,869,0
TXN005438,2850,602.27,143,0,3,0,9,581,0
TXN005439,1603,19.33,760,3,6,0,22,62,0
TXN005440,1274,565.5,868,2,3,1,14,939,0
TXN005441,2968,3964.92,353,0,3,0,4,426,0
TXN005442,2558,5900.98,465,0,10,2,15,125,0
TXN005443,2678,529.01,468,1,7,1,10,274,0
TXN005444,1097,10509.14,513,1,4,0,12,692,0
TXN005445,1306,157.53,464,2,10,2,5,856,0
TXN005446,916,414.87,877,1,6,0,22,354,0
TXN005447,152,3196.45,850,0,5,0,3,381,0
TXN005448,1029,2646.16,394,2,5,1,18,577,0
TXN005449,1219,1084.05,919,5,4,0,23,697,0
TXN005450,1978,286.3,786,3,4,2,10,895,0
TXN005451,2512,285.39,753,1,3,2,14,744,0
TXN005452,271,459.06,58,2,4,0,16,23,0
TXN005453,1187,300.66,126,2,5,2,21,924,0
TXN005454,460,1282.86,841,4,5,0,14,362,0
TXN005455,105,981.69,878,2,8,1,2,666,0
TXN005456,1711,272.15,990,3,6,0,20,886,0
TXN005457,2210,716.33,461,0,9,0,20,886,0
TXN005458,2399,45.64,52,2,8,0,5,631,0
TXN005459,434,1647.58,735,1,6,1,14,900,0
TXN005460,2900,2591.7,814,3,8,1,18,994,0
TXN005461,140,367.17,875,1,4,1,18,542,0
TXN005462,1495,426.81,269,2,6,1,13,821,0
TXN005463,87,1494.38,96,2,3,1,8,627,0
TXN005464,1712,1245.78,273,2,4,0,13,272,0
TXN005465,2231,2773.16,323,0,10,0,11,146,0
TXN005466,2416,431.81,573,1,4,1,20,369,0
TXN005467,129,496.37,833,4,3,1,14,736,0
TXN005468,1270,841.48,693,1,3,1,21,767,0
TXN005469,1602,305.1,133,2,5,1,3,613,0
TXN005470,670,819.77,928,2,5,0,22,141,0
TXN005471,149,311.15,89,1,5,0,0,187,0
TXN005472,985,1810.0,685,1,2,1,15,529,0
TXN005473,852,356.96,824,3,9,0,20,188,0
TXN005474,1457,1485.45,5,2,6,0,21,436,0
TXN005475,628,6297.7,357,1,6,0,6,206,0
TXN005476,1493,1833.29,343,2,3,1,4,961,0
TXN005477,2494,1354.33,204,0,5,0,23,679,0
TXN005478,2045,213.5,674,3,4,0,20,935,0
TXN005479,884,5807.13,573,1,3,1,1,51,0
TXN005480,2342,4183.38,471,0,5,1,21,83,0
TXN005481,1789,909.04,464,0,6,0,5,746,0
TXN005482,250,691.64,497,3,3,1,16,929,0
TXN005483,2926,412.91,702,1,3,0,2,396,0
TXN005484,948,9388.61,837,1,7,3,3,266,0
TXN005485,975,2809.49,63,2,4,0,13,477,0
TXN005486,1326,441.38,556,1,6,0,23,859,0
TXN005487,2837,4101.56,239,2,1,0,15,225,0
TXN005488,984,5469.7,540,0,5,2,11,784,0
TXN005489,889,1069.07,198,1,5,0,12,700,0
TXN005490,2938,725.44,781,2,7,2,4,724,0
TXN005491,2118,333.05,683,1,1,0,18,398,0
TXN005492,2673,2562.95,30,1,6,0,1,334,0
TXN005493,875,656.89,666,0,3,1,12,782,0
TXN005494,1327,625.09,209,1,8,0,5,460,0
TXN005495,471,1081.57,63,2,7,2,16,788,0
TXN005496,1988,410.92,841,2,2,0,11,70,0
TXN005497,91,6864.43,57,2,6,0,7,670,0
TXN005498,530,3503.42,832,3,6,0,9,677,0
TXN005499,661,1202.15,720,2,3,1,20,913,0
TXN005500,739,394.85,433,3,4,0,18,702,0
TXN005501,2774,421.28,308,1,5,2,17,415,0
TXN005502,872,399.56,575,0,3,2,10,725,0
TXN005503,1687,250.43,760,3,7,1,8,390,0
TXN005504,192,1615.21,466,1,6,0,13,587,0
TXN005505,1987,507.29,653,5,8,0,11,249,0
TXN005506,2186,473.68,605,2,3,0,19,812,0
TXN005507,345,412.93,107,2,6,2,14,224,0
TXN005508,1009,3656.62,877,2,6,0,12,410,0
TXN005509,2551,441.29,600,0,5,1,5,364,0
TXN005510,203,5028.38,301,3,9,0,9,580,0
TXN005511,573,776.48,620,2,2,1,21,457,0
TXN005512,192,246.14,46,2,8,1,0,748,0
TXN005513,2053,1925.85,77,1,10,1,10,367,0
TXN005514,1914,3180.3,729,4,2,0,19,834,0
TXN005515,1717,391.65,169,2,8,0,20,313,0
TXN005516,311,1183.09,814,1,7,1,17,538,0
TXN005517,2597,1607.05,129,1,4,1,5,732,0
TXN005518,2104,1229.99,713,1,5,0,15,667,0
TXN005519,443,632.85,708,2,5,0,11,713,0
TXN005520,1261,3158.79,860,1,2,1,16,683,0
TXN005521,870,811.32,268,2,5,0,15,384,0
TXN005522,585,530.16,600,0,7,0,19,98,0
TXN005523,1595,131.88,765,3,1,0,21,619,0
TXN005524,2800,133.37,750,0,4,2,23,283,0
TXN005525,1538,1420.96,585,2,6,0,5,885,0
TXN005526,360,999.78,419,2,2,1,22,517,0
TXN005527,1724,3180.95,870,1,4,1,18,54,0
TXN005528,2867,4257.09,867,0,7,1,16,747,0
TXN005529,2078,817.19,161,1,4,0,8,43,0
TXN005530,1803,3423.37,58,4,3,0,13,741,0
TXN005531,2012,558.8,384,2,3,1,18,504,0
TXN005532,2156,916.11,885,1,3,1,1,649,0
TXN005533,844,885.2,803,1,4,1,2,774,0
TXN005534,1626,7294.49,510,0,4,1,5,796,0
TXN005535,2765,236.47,430,1,9,1,16,7,1
TXN005536,891,1177.28,340,2,9,1,18,851,0
TXN005537,1992,475.69,578,0,8,0,3,945,0
TXN005538,1983,766.0,940,3,6,1,21,384,0
TXN005539,960,727.68,26,0,5,0,12,348,0
TXN005540,1469,1195.69,810,0,6,1,8,539,0
TXN005541,2941,5520.93,589,2,7,0,3,144,0
TXN005542,1462,10747.2,798,1,3,0,23,731,0
TXN005543,732,2411.21,372,1,10,0,23,376,0
TXN005544,606,338.67,928,1,9,1,14,274,0
TXN005545,2505,889.31,36,2,2,0,22,876,0
TXN005546,615,1499.25,531,2,3,0,8,885,0
TXN005547,2746,672.96,790,5,7,1,19,897,0
TXN005548,2005,786.43,833,2,5,0,17,556,0
TXN005549,1720,1006.88,825,1,6,0,6,713,1
TXN005550,674,2770.14,267,2,9,1,3,589,0
TXN005551,1271,2071.89,794,1,6,0,4,658,0
TXN005552,2591,527.32,432,0,5,1,1,234,0
TXN005553,1588,2233.67,19,0,2,1,8,272,0
TXN005554,2905,8683.97,339,2,5,0,16,916,0
TXN005555,1612,178.48,140,1,3,0,19,288,0
TXN005556,897,648.85,67,1,1,2,4,290,0
TXN005557,1463,592.28,824,1,5,0,10,162,0
TXN005558,278,1207.01,530,3,6,1,19,641,0
TXN005559,552,122.9,369,3,4,0,21,355,0
TXN005560,1637,5615.61,261,2,6,3,17,513,0
TXN005561,2159,1159.97,624,1,6,0,15,141,0
TXN005562,2433,1568.32,920,0,5,0,5,572,0
TXN005563,761,1364.82,974,4,4,0,7,156,0
TXN005564,2742,590.02,627,3,3,0,11,762,0
TXN005565,1450,2536.11,678,1,3,1,19,136,0
TXN005566,405,1103.54,579,0,4,2,7,451,0
TXN005567,1359,89.87,767,3,2,0,7,643,0
TXN005568,1233,963.14,582,1,4,0,12,898,0
TXN005569,22,785.97,972,1,4,0,23,161,0
TXN005570,678,2530.29,820,3,2,0,1,365,0
TXN005571,2659,28048.65,203,0,4,0,7,512,0
TXN005572,2029,1725.41,639,1,8,3,15,242,0
TXN005573,1232,13957.3,935,1,4,0,20,315,0
TXN005574,2056,481.32,955,0,5,0,19,827,0
TXN005575,2750,519.8,410,0,3,1,22,738,0
TXN005576,1809,815.89,833,0,6,4,21,429,0
TXN005577,529,1826.63,80,1,4,1,20,126,0
TXN005578,2038,508.4,688,0,4,2,10,91,0
TXN005579,2650,158.5,113,1,4,2,20,175,0
TXN005580,1677,1127.4,623,2,7,1,11,595,0
TXN005581,657,278.22,821,2,6,1,23,967,0
TXN005582,166,4183.88,137,2,6,0,16,482,0
TXN005583,849,2374.74,645,4,6,0,4,737,0
TXN005584,496,440.79,884,4,3,1,10,482,0
TXN005585,590,1894.96,840,3,6,1,7,802,0
TXN005586,429,568.05,189,2,4,1,5,977,0
TXN005587,2822,1030.06,277,1,0,1,8,903,0
TXN005588,163,1043.14,737,4,9,0,6,316,0
TXN005589,2414,733.07,103,1,2,0,5,689,0
TXN005590,1263,2971.48,107,3,4,0,5,687,0
TXN005591,72,286.29,575,3,7,1,19,815,0
TXN005592,655,2088.85,916,0,8,0,14,614,0
TXN005593,269,1580.4,954,2,6,1,23,990,0
TXN005594,1777,203.27,757,2,7,0,7,613,0
TXN005595,2463,422.71,173,0,6,1,1,540,0
TXN005596,1269,295.11,918,2,5,2,2,185,0
TXN005597,1016,706.48,845,3,3,0,20,24,0
TXN005598,2723,1162.25,999,3,5,1,11,530,0
TXN005599,1084,359.94,331,1,5,0,17,661,0
TXN005600,6,3508.54,722,1,3,0,8,517,0
TXN005601,982,3902.37,191,2,6,0,18,100,0
TXN005602,2618,4823.73,670,2,6,2,9,528,0
TXN005603,407,42.03,831,2,6,1,19,333,0
TXN005604,1954,11359.41,225,2,6,0,1,417,0
TXN005605,2074,1338.45,684,0,6,1,22,360,0
TXN005606,986,1160.68,323,2,9,4,5,181,0
TXN005607,390,970.44,954,0,3,1,18,430,0
TXN005608,710,224.64,508,0,4,0,15,461,0
TXN005609,2619,1688.69,961,3,2,1,14,69,0
TXN005610,1472,7588.08,548,3,5,1,18,178,0
TXN005611,754,1319.26,134,1,2,0,17,494,0
TXN005612,2194,287.69,37,1,5,2,19,950,0
TXN005613,1412,175.85,93,2,2,1,9,412,0
TXN005614,2833,770.6,75,0,4,0,21,137,0
TXN005615,1273,449.07,756,2,3,2,12,254,0
TXN005616,526,2548.07,183,4,1,2,5,957,0
TXN005617,1486,5678.84,717,1,7,0,4,539,0
TXN005618,2061,1926.73,459,3,5,0,12,177,0
TXN005619,2951,990.18,699,1,2,0,15,110,0
TXN005620,2432,935.39,678,1,2,0,8,18,0
TXN005621,556,1194.28,627,2,9,0,10,366,0
TXN005622,2935,272.62,409,0,4,0,4,878,0
TXN005623,19,2259.09,207,1,7,4,17,847,0
TXN005624,575,299.77,245,1,3,2,18,596,0
TXN005625,2799,4185.59,333,1,5,1,22,375,0
TXN005626,1004,709.18,673,1,3,1,11,450,0
TXN005627,2467,2971.94,525,1,7,0,1,778,0
TXN005628,2467,187.18,294,2,1,0,0,496,0
TXN005629,1939,2946.91,954,1,8,2,16,974,0
TXN005630,1940,5625.32,984,2,8,1,23,656,0
TXN005631,1636,235.59,916,2,3,1,4,532,0
TXN005632,1699,956.99,748,4,3,1,3,808,0
TXN005633,2170,1639.04,273,3,8,1,11,511,0
TXN005634,432,1738.26,379,2,6,0,19,904,0
TXN005635,2092,729.63,626,0,4,2,18,55,0
TXN005636,1896,590.52,664,0,6,0,13,785,0
TXN005637,1944,1486.11,26,2,2,1,13,178,0
TXN005638,1341,1674.16,680,2,1,0,7,413,0
TXN005639,2429,516.52,544,2,7,1,7,794,1
TXN005640,145,407.46,733,1,5,2,22,801,0
TXN005641,2411,4692.17,718,3,2,1,15,435,0
TXN005642,1074,1247.88,933,3,4,0,21,515,0
TXN005643,1089,71.81,854,0,5,1,8,455,0
TXN005644,2403,4726.85,610,1,10,0,16,140,0
TXN005645,800,535.62,91,0,4,0,16,916,0
TXN005646,2874,1188.07,476,1,3,2,22,830,0
TXN005647,1152,1719.58,889,2,5,0,23,586,0
TXN005648,2446,184.86,726,2,4,0,9,427,0
TXN005649,1957,775.44,188,0,8,2,2,560,0
TXN005650,2928,5329.91,569,2,9,0,14,871,0
TXN005651,463,4053.08,619,4,4,2,12,412,0
TXN005652,1775,774.0,954,2,5,1,1,47,0
TXN005653,2046,2588.93,195,2,4,0,4,435,0
TXN005654,808,3032.16,534,2,5,0,9,145,1
TXN005655,187,2852.07,698,1,4,0,12,422,0
TXN005656,1744,277.21,880,0,9,0,12,975,0
TXN005657,732,7858.73,85,2,6,0,3,440,0
TXN005658,1936,628.53,592,2,5,1,19,712,0
TXN005659,1214,1250.38,841,0,6,0,17,949,0
TXN005660,1412,719.43,77,2,5,0,15,275,0
TXN005661,429,1444.78,330,4,3,0,0,788,0
TXN005662,2906,388.73,383,4,8,1,10,595,0
TXN005663,1308,837.02,433,3,5,1,0,596,0
TXN005664,2285,1365.54,377,2,4,0,14,16,0
TXN005665,1218,4767.51,341,2,8,1,10,296,0
TXN005666,1311,4124.56,177,0,4,0,17,376,0
TXN005667,771,4382.89,426,0,4,1,15,742,0
TXN005668,758,3110.01,424,1,5,2,20,252,0
TXN005669,136,10056.86,967,1,3,1,10,969,1
TXN005670,792,774.2,174,2,3,0,1,918,0
TXN005671,171,907.49,406,1,6,1,11,399,0
TXN005672,2207,863.74,82,2,4,0,12,184,0
TXN005673,2249,1019.07,21,2,3,3,0,988,0
TXN005674,1581,195.69,691,2,4,1,18,452,0
TXN005675,962,1506.75,398,2,4,1,11,441,0
TXN005676,2631,1988.76,330,2,8,0,5,45,0
TXN005677,876,805.22,225,4,3,0,7,782,0
TXN005678,2419,133.11,777,3,2,0,4,537,0
TXN005679,103,1125.2,402,0,4,0,15,619,0
TXN005680,1002,231.91,781,5,3,0,18,426,0
TXN005681,1149,1831.29,763,3,5,0,22,550,0
TXN005682,2846,1265.44,785,0,7,0,20,293,0
TXN005683,1482,1423.46,894,0,4,0,5,713,0
TXN005684,658,306.97,855,0,6,1,18,955,0
TXN005685,2930,4983.56,921,1,5,1,7,722,0
TXN005686,1221,1345.14,438,1,2,0,14,540,0
TXN005687,2781,366.1,272,2,7,3,22,797,0
TXN005688,423,2198.59,280,1,8,1,2,997,0
TXN005689,2620,1233.09,223,2,3,0,2,158,0
TXN005690,171,9939.78,587,2,4,1,7,232,0
TXN005691,2221,564.84,663,3,3,0,11,500,0
TXN005692,2711,245.42,937,1,4,0,18,378,0
TXN005693,453,1551.87,871,2,12,1,9,606,0
TXN005694,2398,3694.76,509,1,3,2,18,348,0
TXN005695,1976,17810.85,342,1,7,1,17,626,0
TXN005696,1658,66325.82,929,1,4,0,12,245,0
TXN005697,2542,170.3,617,3,2,2,13,294,0
TXN005698,2668,932.36,42,3,2,0,14,82,0
TXN005699,2967,246.4,176,0,5,0,10,159,0
TXN005700,2054,814.96,245,2,6,1,17,865,0
TXN005701,288,21433.12,253,0,4,1,15,174,0
TXN005702,1642,410.08,274,0,8,0,11,325,0
TXN005703,1448,1068.12,959,0,5,1,17,210,0
TXN005704,1914,546.19,334,0,3,1,6,696,0
TXN005705,608,329.0,604,3,3,1,14,59,0
TXN005706,457,9427.14,11,1,6,0,16,746,0
TXN005707,1765,172.93,152,1,2,3,18,994,0
TXN005708,1226,993.25,189,1,6,1,23,391,0
TXN005709,1236,1218.72,960,3,7,0,11,191,0
TXN005710,1030,1053.99,676,2,7,1,10,854,0
TXN005711,2672,750.81,638,3,3,1,9,390,0
TXN005712,2424,7609.95,211,0,6,2,15,640,0
TXN005713,447,86.99,973,2,1,2,17,245,0
TXN005714,835,1851.48,97,0,7,2,20,826,0
TXN005715,811,1953.15,821,1,4,2,9,316,0
TXN005716,1425,1547.49,339,2,6,2,13,107,0
TXN005717,1412,404.64,47,2,7,2,15,868,0
TXN005718,959,4656.58,820,3,6,2,18,46,0
TXN005719,1476,4385.14,736,0,7,0,14,908,0
TXN005720,2897,387.88,975,2,4,0,15,351,0
TXN005721,809,260.48,57,2,2,2,12,356,0
TXN005722,979,206.58,75,2,6,0,15,349,0
TXN005723,2464,1437.25,254,0,7,0,4,849,0
TXN005724,726,1159.96,663,1,4,1,18,179,0
TXN005725,2502,711.0,571,2,7,1,17,753,0
TXN005726,1217,13327.45,837,4,3,1,5,593,0
TXN005727,2198,630.62,952,0,4,1,19,264,0
TXN005728,1904,1373.34,598,1,6,0,4,293,0
TXN005729,2807,868.56,170,2,6,1,11,250,0
TXN005730,779,11565.04,146,0,4,1,17,650,0
TXN005731,973,100.73,839,4,5,1,7,573,0
TXN005732,2811,756.05,33,0,7,0,17,54,0
TXN005733,1539,2291.83,515,1,6,0,5,751,0
TXN005734,1417,839.78,796,0,4,0,1,870,0
TXN005735,2124,229.25,257,0,2,0,8,422,1
TXN005736,599,1355.49,126,2,6,0,11,142,0
TXN005737,225,156.71,959,3,3,0,4,931,0
TXN005738,1554,2451.07,113,2,5,0,22,468,0
TXN005739,2161,667.86,815,1,5,0,6,953,0
TXN005740,2299,545.79,805,2,6,0,16,392,0
TXN005741,841,3848.3,342,1,3,0,1,55,0
TXN005742,1815,329.02,48,0,13,2,5,66,0
TXN005743,714,172.27,364,0,6,1,7,238,0
TXN005744,1107,367.76,787,0,4,0,16,79,0
TXN005745,125,12789.77,398,1,4,1,16,646,0
TXN005746,1093,328.84,195,0,4,0,5,656,0
TXN005747,2932,1700.42,851,1,6,1,10,335,0
TXN005748,1280,3017.02,737,2,3,1,20,125,0
TXN005749,1751,355.06,725,2,5,0,9,373,0
TXN005750,30,355.62,321,0,8,0,4,972,0
TXN005751,2329,1361.29,794,1,4,1,15,733,0
TXN005752,2972,1437.11,138,1,7,1,21,337,0
TXN005753,2018,5525.56,355,4,10,0,0,279,0
TXN005754,2416,435.69,845,3,4,1,8,650,0
TXN005755,495,697.36,70,2,4,1,3,822,0
TXN005756,1610,33059.88,811,1,4,1,22,678,0
TXN005757,718,127.59,582,2,2,0,14,44,0
TXN005758,1017,99.76,483,2,10,2,20,22,0
TXN005759,1338,208.59,720,1,5,3,2,15,0
TXN005760,606,4113.08,712,0,6,2,10,828,0
TXN005761,375,648.11,59,2,7,1,12,927,0
TXN005762,2687,647.83,771,1,3,0,16,131,0
TXN005763,1961,344.38,389,0,4,1,22,116,0
TXN005764,1049,3301.4,853,0,7,1,3,322,0
TXN005765,1358,212.5,351,3,8,2,12,969,0
TXN005766,116,545.77,846,1,2,0,16,301,0
TXN005767,2096,361.13,869,1,4,1,6,665,0
TXN005768,1802,44.4,339,1,4,0,1,416,0
TXN005769,2147,617.77,677,2,2,0,10,921,0
TXN005770,1483,1021.46,757,0,4,0,11,122,0
TXN005771,1547,432.41,596,2,8,0,3,643,0
TXN005772,1621,794.78,436,5,5,1,20,190,0
TXN005773,2453,819.63,450,2,7,0,5,580,0
TXN005774,685,934.83,377,4,6,2,4,403,0
TXN005775,2951,309.56,959,2,9,0,1,267,0
TXN005776,2551,288.94,391,2,6,0,2,835,0
TXN005777,1472,1160.19,481,2,8,1,2,509,0
TXN005778,2942,186.55,821,2,3,1,13,985,0
TXN005779,1600,848.14,114,3,4,0,21,112,0
TXN005780,2306,7805.54,746,1,6,0,8,569,0
TXN005781,2892,1046.71,774,3,9,1,22,867,0
TXN005782,2169,122.5,903,0,3,1,0,507,0
TXN005783,810,1360.74,172,1,3,0,12,151,0
TXN005784,978,2928.33,18,1,6,2,17,900,0
TXN005785,2102,422.26,235,1,4,1,20,928,0
TXN005786,1355,766.06,310,0,8,2,5,5,0
TXN005787,784,382.52,895,1,3,0,17,116,0
TXN005788,241,629.79,669,0,3,1,17,77,0
TXN005789,1779,493.41,723,1,4,3,20,927,0
TXN005790,1554,1849.74,281,1,6,0,11,686,0
TXN005791,483,8021.77,831,2,5,0,11,323,0
TXN005792,1013,1174.57,196,1,5,0,19,189,0
TXN005793,187,172.42,115,0,4,2,2,88,0
TXN005794,1882,22818.34,397,2,13,0,1,281,0
TXN005795,2704,2207.2,672,4,4,1,14,58,0
TXN005796,2310,2817.95,667,2,2,2,20,201,0
TXN005797,953,1015.9,563,2,7,1,20,528,0
TXN005798,1388,1449.94,418,4,7,2,0,743,0
TXN005799,491,727.64,284,0,2,1,14,459,0
TXN005800,431,3243.59,585,1,5,0,4,895,0
TXN005801,239,618.39,328,2,9,0,22,77,0
TXN005802,2352,1972.88,341,0,2,0,19,861,1
TXN005803,2346,3509.7,622,1,6,1,13,451,0
TXN005804,76,4890.85,798,0,1,3,5,804,0
TXN005805,1357,3783.22,221,0,2,1,1,159,0
TXN005806,1924,321.08,9,3,6,0,3,7,0
TXN005807,1782,7239.41,909,1,2,0,1,773,0
TXN005808,2690,2433.56,82,2,10,1,0,896,0
TXN005809,827,1582.42,832,2,3,0,14,343,0
TXN005810,2331,1817.2,294,3,3,1,2,270,0
TXN005811,591,906.81,375,2,3,1,6,777,0
TXN005812,2120,626.44,534,6,1,2,8,91,0
TXN005813,2751,704.72,415,3,4,0,19,710,0
TXN005814,1903,5144.86,99,0,6,1,7,806,0
TXN005815,1911,1208.65,682,0,4,1,16,385,0
TXN005816,575,1537.73,702,4,7,1,8,240,0
TXN005817,892,1178.7,618,0,7,0,21,672,0
TXN005818,2060,492.01,832,2,4,1,19,482,0
TXN005819,141,83.41,970,1,3,1,13,142,0
TXN005820,1790,2758.56,777,4,6,1,13,531,0
TXN005821,17,2429.24,382,1,3,2,10,297,0
TXN005822,1087,1081.66,863,0,6,0,2,588,0
TXN005823,253,296.4,940,1,5,0,9,62,0
TXN005824,465,9749.61,504,4,3,0,2,532,0
TXN005825,376,728.23,447,2,5,0,23,161,0
TXN005826,1828,1477.2,680,1,3,1,13,357,0
TXN005827,520,471.64,344,1,5,0,23,221,0
TXN005828,1861,217.1,425,0,2,1,8,217,0
TXN005829,90,2225.11,625,1,4,0,0,533,0
TXN005830,720,181.1,840,0,9,1,0,80,0
TXN005831,2852,1443.53,306,3,4,0,19,926,0
TXN005832,2844,1448.57,148,0,5,0,15,477,0
TXN005833,630,286.08,849,1,5,0,6,797,0
TXN005834,1885,231.44,732,1,2,1,19,699,0
TXN005835,76,435.06,454,0,7,1,11,405,0
TXN005836,926,516.42,938,1,2,0,15,950,0
TXN005837,2448,174.92,33,0,7,1,6,877,0
TXN005838,1806,284.24,732,1,4,1,19,711,0
TXN005839,970,1201.21,501,1,6,1,6,841,0
TXN005840,1095,11938.79,319,1,4,0,9,99,0
TXN005841,2029,3674.52,697,0,4,0,5,2,0
TXN005842,1405,1329.59,193,1,4,0,17,627,0
TXN005843,2845,4247.18,873,1,2,1,8,949,0
TXN005844,195,4387.68,180,1,5,2,7,570,0
TXN005845,228,760.54,867,0,4,0,7,225,0
TXN005846,1460,1494.39,984,1,6,0,3,853,0
TXN005847,461,3545.65,518,1,7,0,14,661,0
TXN005848,618,4177.08,391,0,2,0,20,169,0
TXN005849,64,4225.48,521,2,5,0,14,883,0
TXN005850,2213,319.77,357,1,3,2,18,891,0
TXN005851,2075,4492.04,573,0,0,0,13,812,0
TXN005852,285,10195.4,464,1,6,2,11,436,0
TXN005853,1684,6582.13,930,1,4,1,4,925,0
TXN005854,2329,298.08,675,1,2,1,2,70,0
TXN005855,838,220.44,99,3,5,2,6,562,0
TXN005856,831,1916.53,148,2,6,1,9,66,0
TXN005857,1188,6436.89,570,0,4,1,1,254,0
TXN005858,2966,1438.57,727,3,5,2,10,659,0
TXN005859,224,827.18,316,1,5,0,1,64,0
TXN005860,784,984.14,182,4,5,0,12,863,0
TXN005861,950,3731.59,547,3,2,0,20,857,0
TXN005862,45,745.51,303,1,9,0,2,2,1
TXN005863,1811,1953.05,558,3,5,0,21,996,0
TXN005864,471,937.83,599,1,5,1,9,708,0
TXN005865,2082,377.66,4,4,3,0,22,629,0
TXN005866,2701,343.77,778,1,5,1,17,207,0
TXN005867,830,2059.81,107,2,6,1,11,526,0
TXN005868,1910,42.67,75,2,8,2,0,58,0
TXN005869,2269,1949.08,40,1,4,0,3,178,0
TXN005870,1892,893.6,639,1,4,0,5,19,0
TXN005871,2582,3412.84,695,3,3,2,16,708,0
TXN005872,692,2256.92,119,0,9,0,21,721,0
TXN005873,1391,1156.95,73,3,6,0,8,684,0
TXN005874,932,304.65,552,1,7,0,0,350,0
TXN005875,841,325.09,204,3,1,2,23,465,0
TXN005876,1939,505.75,977,2,4,1,5,377,0
TXN005877,1574,3109.8,96,2,12,1,10,800,0
TXN005878,2630,9158.58,279,2,4,0,3,290,0
TXN005879,2287,1629.24,143,1,2,2,4,189,0
TXN005880,2489,540.74,115,1,6,1,2,719,0
TXN005881,148,612.76,476,3,6,2,22,337,0
TXN005882,1033,647.55,884,2,2,1,23,927,0
TXN005883,1312,3820.5,998,1,8,0,13,362,0
TXN005884,388,632.51,133,2,5,0,19,885,0
TXN005885,1874,1040.62,168,1,6,1,0,305,0
TXN005886,916,5506.91,914,2,5,2,14,652,0
TXN005887,1879,555.03,245,2,5,1,15,368,0
TXN005888,2686,2139.81,277,0,8,1,18,33,0
TXN005889,278,3231.0,975,2,3,0,3,78,0
TXN005890,1978,1183.38,259,2,5,1,21,786,0
TXN005891,1860,11440.8,46,0,4,2,17,566,0
TXN005892,1826,8091.29,346,1,8,0,14,143,0
TXN005893,2637,1503.75,847,2,4,1,1,949,0
TXN005894,1834,417.97,895,0,6,0,8,264,0
TXN005895,2697,442.36,237,1,7,2,7,471,0
TXN005896,618,1415.4,53,1,4,0,4,692,0
TXN005897,1631,296.48,148,1,6,1,2,964,0
TXN005898,2183,1514.33,699,4,4,2,8,997,0
TXN005899,580,8314.15,533,2,5,2,14,352,0
TXN005900,1171,1182.02,90,0,5,0,7,92,0
TXN005901,490,1071.98,233,1,5,2,2,38,0
TXN005902,2526,3052.85,727,1,11,2,2,764,0
TXN005903,1183,2058.64,881,1,3,1,2,530,0
TXN005904,384,276.45,51,3,6,0,0,962,0
TXN005905,163,635.06,665,3,8,0,18,408,0
TXN005906,2489,10643.93,836,0,6,1,15,398,0
TXN005907,1877,1620.57,628,1,9,1,10,99,0
TXN005908,1213,327.76,394,2,6,0,14,496,0
TXN005909,2463,871.12,214,2,7,1,7,687,0
TXN005910,1363,129.14,451,2,4,0,3,287,0
TXN005911,1631,118.03,339,3,3,0,2,700,0
TXN005912,1205,3564.31,351,2,8,1,21,641,0
TXN005913,288,1090.76,649,2,5,0,10,219,0
TXN005914,1858,2043.98,285,1,5,1,23,85,0
TXN005915,187,4400.45,933,0,2,1,22,251,0
TXN005916,1908,1648.08,878,3,8,0,6,245,0
TXN005917,1162,2643.14,583,1,1,0,9,103,0
TXN005918,130,1493.34,245,1,6,1,17,389,0
TXN005919,2242,5134.19,550,0,2,2,17,50,0
TXN005920,2364,9210.84,728,3,5,1,11,114,0
TXN005921,1888,1393.38,639,0,2,0,3,786,0
TXN005922,144,1324.99,584,1,8,0,2,18,0
TXN005923,16,1610.33,226,1,5,1,12,327,0
TXN005924,2471,966.2,827,0,6,2,8,355,0
TXN005925,245,678.35,441,0,5,1,10,63,0
TXN005926,927,3858.38,474,2,5,0,5,314,0
TXN005927,2177,679.45,444,4,7,0,11,867,0
TXN005928,907,634.02,796,4,9,0,22,787,0
TXN005929,887,3222.92,412,3,4,1,14,894,0
TXN005930,341,3533.81,814,3,6,2,15,27,0
TXN005931,2052,18036.74,246,4,2,0,18,515,0
TXN005932,1434,4739.07,583,5,3,0,15,374,0
TXN005933,306,2958.49,707,1,5,2,20,592,0
TXN005934,908,3517.88,500,3,5,1,3,329,0
TXN005935,2655,918.31,982,2,8,1,13,360,0
TXN005936,1372,2153.09,951,0,1,0,5,984,0
TXN005937,321,2279.18,550,1,2,2,7,495,0
TXN005938,559,572.21,117,2,1,1,0,29,0
TXN005939,1205,1034.08,750,2,4,0,19,847,0
TXN005940,2666,3438.78,364,0,6,1,7,137,0
TXN005941,2759,1072.54,914,1,7,0,5,702,0
TXN005942,1410,2284.46,204,1,5,0,5,529,0
TXN005943,1642,3216.85,351,2,7,2,8,221,0
TXN005944,1132,3041.7,319,0,3,0,16,474,0
TXN005945,2579,8749.75,359,0,3,0,19,678,0
TXN005946,2458,545.91,517,2,3,1,20,309,0
TXN005947,818,7871.64,940,0,5,3,16,862,0
TXN005948,1195,1937.46,489,0,9,0,20,347,0
TXN005949,2541,2983.52,669,2,3,0,3,866,0
TXN005950,12,2530.93,107,3,4,2,1,936,0
TXN005951,195,2381.83,740,0,5,1,4,590,0
TXN005952,2538,510.38,654,4,8,1,19,453,0
TXN005953,2843,2854.76,826,2,3,2,0,575,0
TXN005954,2929,195.08,172,1,5,1,8,452,0
TXN005955,2230,13552.4,658,0,2,0,3,801,0
TXN005956,656,1734.0,519,1,3,0,3,482,0
TXN005957,1922,4411.48,855,2,4,1,12,30,0
TXN005958,2742,2485.38,865,1,6,1,6,818,0
TXN005959,2078,1145.85,958,1,4,0,6,791,0
TXN005960,1620,573.12,813,1,7,1,23,399,0
TXN005961,1120,456.5,528,1,4,1,14,496,0
TXN005962,778,2794.03,320,0,3,0,16,317,0
TXN005963,444,2623.83,37,2,3,1,19,198,0
TXN005964,298,2143.38,499,0,1,0,1,734,0
TXN005965,808,952.11,665,1,3,2,8,550,0
TXN005966,1761,1800.61,265,1,7,1,17,397,0
TXN005967,845,660.22,695,2,5,0,4,253,0
TXN005968,1016,484.45,668,1,3,0,6,506,1
TXN005969,1385,786.2,649,2,5,1,0,420,0
TXN005970,1398,828.82,908,3,5,0,2,304,0
TXN005971,554,6355.29,402,0,5,0,19,552,0
TXN005972,2351,213.14,987,0,3,1,2,127,0
TXN005973,421,1054.02,602,1,6,1,5,109,0
TXN005974,1270,2342.13,952,2,3,1,0,6,0
TXN005975,1261,11880.35,218,3,7,2,12,978,0
TXN005976,185,529.05,330,2,2,0,8,420,0
TXN005977,468,287.41,186,1,6,1,4,793,0
TXN005978,2802,2611.29,381,3,3,0,6,946,0
TXN005979,2411,1336.53,209,2,5,0,16,752,0
TXN005980,1307,841.38,563,4,5,1,14,708,0
TXN005981,1577,1854.1,288,2,9,0,6,253,0
TXN005982,336,3084.71,88,0,6,0,1,181,0
TXN005983,2210,2655.66,944,2,3,0,17,190,0
TXN005984,1498,1575.1,136,4,5,0,0,408,0
TXN005985,2060,5324.99,158,1,7,1,1,857,0
TXN005986,1448,1389.74,794,5,5,0,6,534,0
TXN005987,588,1154.87,920,2,5,1,7,129,0
TXN005988,1882,2582.91,155,0,7,0,16,836,0
TXN005989,201,241.62,463,1,4,0,4,613,0
TXN005990,522,2295.96,220,0,5,1,4,155,0
TXN005991,1888,762.15,459,1,4,0,4,806,0
TXN005992,2553,222.3,167,2,5,1,6,289,0
TXN005993,1712,1826.62,322,1,5,1,22,775,0
TXN005994,788,632.75,691,1,6,2,7,518,0
TXN005995,60,158.0,841,2,8,0,16,13,0
TXN005996,578,385.54,562,1,3,0,16,862,0
TXN005997,321,8329.69,813,3,3,1,21,398,0
TXN005998,1459,562.26,512,2,7,0,12,123,0
TXN005999,2038,1615.76,87,0,7,2,4,373,0
TXN006000,923,298.58,545,0,3,0,15,84,0
TXN006001,1410,13644.81,275,0,4,1,22,823,0
TXN006002,1695,1191.78,141,3,6,0,6,488,0
TXN006003,569,482.57,718,2,8,0,15,13,0
TXN006004,1102,3171.99,736,3,7,0,13,770,0
TXN006005,527,12838.96,625,2,4,1,1,427,0
TXN006006,2572,671.89,790,1,6,3,9,734,0
TXN006007,2661,471.14,916,1,4,1,10,411,0
TXN006008,2173,17226.3,353,0,3,0,6,894,0
TXN006009,871,946.51,5,2,4,1,4,229,0
TXN006010,280,825.57,382,0,4,0,10,949,0
TXN006011,2965,83.66,724,2,4,2,1,775,0
TXN006012,2670,1053.22,768,1,3,0,16,183,0
TXN006013,2894,215.48,334,2,4,1,0,22,0
TXN006014,1893,559.97,475,1,0,2,15,824,0
TXN006015,1752,97.79,986,2,5,0,0,104,0
TXN006016,674,4827.95,928,0,6,0,17,232,0
TXN006017,1152,188.68,30,2,3,1,1,747,0
TXN006018,2362,106.82,347,0,4,0,15,336,0
TXN006019,332,368.76,922,2,6,1,22,165,0
TXN006020,1174,4899.09,594,2,8,2,23,171,0
TXN006021,2040,642.91,493,2,5,0,0,182,0
TXN006022,1478,754.83,983,2,6,1,10,439,0
TXN006023,36,1947.18,748,2,6,0,8,691,0
TXN006024,1709,914.16,495,3,8,0,17,980,0
TXN006025,1444,4844.26,856,2,4,1,1,443,0
TXN006026,2254,822.58,388,0,2,0,3,125,0
TXN006027,2687,838.91,873,1,5,0,22,917,0
TXN006028,2896,16597.91,835,1,6,0,14,205,0
TXN006029,1380,1171.69,253,2,3,2,18,693,0
TXN006030,440,1446.19,630,0,4,2,10,51,0
TXN006031,2777,851.92,939,0,3,1,6,302,0
TXN006032,1120,59.51,30,2,5,1,4,63,0
TXN006033,2989,3125.8,623,1,5,1,20,483,0
TXN006034,164,8043.66,912,2,7,1,17,367,0
TXN006035,148,4948.59,766,2,7,0,20,762,0
TXN006036,2342,561.33,711,2,6,0,14,946,0
TXN006037,195,890.83,807,1,5,1,17,817,0
TXN006038,663,1667.41,342,1,3,1,9,632,0
TXN006039,480,1598.34,809,2,5,1,11,914,0
TXN006040,123,2482.85,287,2,9,0,7,152,0
TXN006041,1424,1399.22,945,1,4,0,12,16,0
TXN006042,2747,710.81,397,2,7,0,15,95,0
TXN006043,965,1292.5,509,1,8,3,2,93,0
TXN006044,2709,3635.65,937,2,6,1,2,449,0
TXN006045,1779,36298.59,244,1,8,0,17,674,0
TXN006046,1486,602.61,221,2,5,0,10,925,0
TXN006047,2015,1438.63,156,1,6,0,3,15,0
TXN006048,710,709.15,383,2,5,0,9,641,0
TXN006049,2444,1586.15,748,2,5,0,2,688,0
TXN006050,912,3536.11,320,3,6,0,7,856,0
TXN006051,1361,854.27,373,0,7,0,1,850,0
TXN006052,2365,94.14,531,2,3,0,16,821,0
TXN006053,1735,3767.96,215,1,5,1,0,108,0
TXN006054,1824,1282.42,367,0,9,0,14,812,0
TXN006055,1580,727.46,114,2,6,0,9,51,0
TXN006056,681,556.49,200,0,8,1,16,499,0
TXN006057,1334,1593.11,25,0,9,0,2,865,0
TXN006058,2543,475.78,934,1,4,0,23,645,0
TXN006059,556,547.41,121,2,5,2,11,671,0
TXN006060,610,245.1,742,0,6,0,16,595,0
TXN006061,2157,483.55,611,3,4,1,1,278,0
TXN006062,372,2337.97,858,3,7,1,7,90,1
TXN006063,2903,209.05,3,4,7,0,3,391,0
TXN006064,616,4369.84,898,1,9,1,18,286,0
TXN006065,2816,266.47,773,1,4,0,14,680,0
TXN006066,1915,1312.81,445,0,4,0,11,217,0
TXN006067,2254,1962.43,254,2,10,0,15,507,0
TXN006068,847,2950.03,20,3,6,0,2,677,0
TXN006069,43,2950.91,204,0,5,0,14,886,0
TXN006070,865,991.45,806,0,4,1,22,402,0
TXN006071,1269,892.6,976,2,3,2,13,318,0
TXN006072,1379,2243.61,357,1,4,0,17,130,0
TXN006073,785,1530.93,128,1,3,0,12,34,0
TXN006074,476,724.16,358,1,5,0,23,280,0
TXN006075,83,1711.57,292,1,5,1,10,367,0
TXN006076,1134,897.35,174,2,3,1,22,477,0
TXN006077,2238,533.45,733,1,5,0,17,172,0
TXN006078,800,696.45,355,1,10,0,17,906,0
TXN006079,936,1965.89,881,2,5,2,3,444,0
TXN006080,2299,360.07,37,1,11,1,11,671,0
TXN006081,2339,4136.49,310,1,3,1,20,622,0
TXN006082,1669,561.87,661,5,3,1,19,135,0
TXN006083,326,72.83,917,1,5,0,21,433,0
TXN006084,1535,2128.24,604,1,3,3,18,738,0
TXN006085,1986,42.87,582,5,6,0,19,93,0
TXN006086,1965,325.61,84,2,2,3,8,614,0
TXN006087,837,20069.32,510,2,7,1,17,888,0
TXN006088,508,3912.73,444,1,6,2,17,477,0
TXN006089,2779,3543.43,420,3,6,1,16,983,0
TXN006090,2120,286.41,205,0,5,0,8,810,0
TXN006091,1271,876.59,488,4,7,1,14,179,0
TXN006092,641,4864.48,779,1,2,0,20,779,0
TXN006093,2988,2362.71,88,1,3,0,20,748,0
TXN006094,1879,4285.65,252,0,4,2,4,568,0
TXN006095,608,9300.67,723,1,5,0,22,570,1
TXN006096,1959,2421.47,855,2,5,0,1,884,0
TXN006097,566,250.43,31,2,5,1,8,662,0
TXN006098,1368,2248.59,869,3,2,1,2,642,0
TXN006099,2102,826.63,421,1,2,2,19,132,0
TXN006100,1754,232.98,828,2,4,0,0,673,0
TXN006101,2576,3208.21,61,2,4,0,16,751,0
TXN006102,2659,4640.08,579,2,10,1,20,78,0
TXN006103,1582,979.77,226,4,7,1,0,367,0
TXN006104,1987,1610.94,925,2,3,0,4,589,0
TXN006105,2241,91.18,963,2,5,0,13,587,0
TXN006106,2106,4223.96,335,4,8,0,0,955,0
TXN006107,129,2841.01,839,1,7,1,19,513,0
TXN006108,1873,1480.7,579,0,6,1,11,853,0
TXN006109,706,243.97,640,2,6,0,7,760,0
TXN006110,852,152.44,111,0,8,0,4,755,0
TXN006111,8,12480.1,491,0,4,0,6,865,0
TXN006112,2077,330.47,272,2,6,1,21,851,0
TXN006113,1136,1288.23,813,3,5,1,8,814,0
TXN006114,2995,342.94,34,1,5,1,5,555,0
TXN006115,2179,70.34,212,0,8,0,3,770,0
TXN006116,2236,1877.33,300,4,3,0,2,815,0
TXN006117,1699,2263.42,373,3,7,0,12,185,0
TXN006118,2757,148.03,125,4,4,0,8,566,0
TXN006119,1499,4146.18,103,2,7,2,5,486,0
TXN006120,2260,582.94,993,2,3,0,18,661,0
TXN006121,1645,299.13,718,2,4,1,18,912,0
TXN006122,276,276.49,120,0,8,0,21,701,0
TXN006123,1703,3119.64,682,0,6,1,17,803,0
TXN006124,1796,109.02,547,3,2,0,2,186,0
TXN006125,243,247.0,894,0,3,2,20,967,0
TXN006126,2733,1840.73,331,1,6,0,16,169,0
TXN006127,171,1569.34,758,0,6,2,23,552,0
TXN006128,653,321.7,852,0,3,1,12,949,0
TXN006129,1933,5133.84,926,5,3,0,1,900,0
TXN006130,2236,288.39,309,1,7,0,21,292,0
TXN006131,1110,853.84,570,1,3,0,16,527,0
TXN006132,1500,728.43,412,0,4,0,9,114,0
TXN006133,2100,731.81,399,0,9,1,16,860,0
TXN006134,2159,867.49,934,3,5,1,15,479,0
TXN006135,1973,836.95,306,0,8,0,4,724,0
TXN006136,2925,824.67,653,0,7,0,10,987,0
TXN006137,1067,881.56,623,1,4,0,22,980,0
TXN006138,2259,4033.66,163,1,6,3,10,587,0
TXN006139,2036,829.73,623,4,2,1,9,730,0
TXN006140,858,2515.77,664,2,2,0,18,65,0
TXN006141,2675,1310.9,888,1,8,1,2,412,0
TXN006142,1050,1701.86,65,1,5,2,11,20,1
TXN006143,299,2789.15,618,0,8,0,13,356,0
TXN006144,924,279.13,216,3,7,0,1,824,0
TXN006145,137,2328.27,603,1,3,2,18,833,0
TXN006146,1044,850.15,914,1,4,1,22,190,0
TXN006147,2488,346.12,954,1,4,3,1,223,0
TXN006148,211,2782.03,26,2,6,1,0,241,0
TXN006149,2800,658.21,669,3,0,1,15,188,0
TXN006150,1575,1725.02,584,0,4,1,2,771,0
TXN006151,2483,42.31,44,1,6,0,4,657,0
TXN006152,780,2620.97,90,3,2,2,6,56,0
TXN006153,1231,24541.25,133,1,4,3,19,941,0
TXN006154,2487,1086.59,161,0,6,1,7,184,0
TXN006155,1803,799.3,744,0,8,1,0,37,0
TXN006156,2714,630.46,380,0,4,0,1,843,0
TXN006157,1066,2136.05,261,1,6,2,17,845,0
TXN006158,411,761.33,383,0,5,2,6,163,0
TXN006159,2854,2385.28,369,1,4,0,16,702,0
TXN006160,2658,8664.05,111,0,7,0,11,683,0
TXN006161,427,3008.65,676,4,4,1,9,69,0
TXN006162,1472,889.27,77,4,6,0,7,444,0
TXN006163,2950,287.56,209,5,6,0,8,439,0
TXN006164,942,671.92,13,3,3,1,21,274,0
TXN006165,1908,904.31,921,1,6,1,18,307,0
TXN006166,742,225.36,570,2,7,2,23,722,0
TXN006167,1393,4041.3,898,2,3,1,18,732,0
TXN006168,1244,2170.91,856,2,4,0,12,396,0
TXN006169,1601,311.59,548,1,7,1,4,410,0
TXN006170,1256,129.66,25,1,5,0,9,732,0
TXN006171,328,2595.21,546,1,7,0,19,879,0
TXN006172,1467,152.63,140,0,6,0,6,349,0
TXN006173,2100,1212.84,275,1,2,0,17,940,0
TXN006174,1967,670.87,370,1,5,0,5,58,0
TXN006175,376,2864.0,874,2,10,0,16,887,0
TXN006176,263,2904.1,222,3,7,1,6,229,0
TXN006177,267,409.31,37,0,6,1,23,287,0
TXN006178,2407,3182.94,875,1,6,0,7,34,0
TXN006179,1945,774.83,129,2,7,0,12,362,0
TXN006180,1894,1121.88,316,1,4,0,19,324,0
TXN006181,1902,1149.81,323,0,3,1,9,582,0
TXN006182,2700,16281.75,433,2,10,0,14,249,0
TXN006183,1653,950.25,218,2,9,2,19,348,0
TXN006184,1445,147.48,847,3,7,0,10,561,0
TXN006185,46,465.14,942,3,4,1,2,982,0
TXN006186,600,2658.86,248,1,5,2,0,54,0
TXN006187,720,779.86,111,1,2,0,8,849,0
TXN006188,1913,1116.49,816,1,2,0,22,676,0
TXN006189,1293,653.05,732,1,5,0,7,620,0
TXN006190,601,37.34,708,1,5,0,15,241,0
TXN006191,381,431.12,147,2,7,1,18,607,0
TXN006192,118,999.49,344,0,4,1,19,159,0
TXN006193,2164,131.19,509,0,4,0,3,808,0
TXN006194,260,266.5,505,1,2,1,2,353,0
TXN006195,1099,729.24,552,0,5,0,6,310,0
TXN006196,1504,736.88,134,0,9,1,13,862,0
TXN006197,2353,1760.42,464,2,3,1,23,118,0
TXN006198,2055,786.64,864,0,5,1,15,185,0
TXN006199,366,1684.39,990,1,5,1,2,176,0
TXN006200,1658,473.4,191,3,6,1,1,887,0
TXN006201,2571,1413.58,163,2,8,0,0,876,0
TXN006202,1462,6408.23,456,1,7,1,19,148,0
TXN006203,2025,1551.16,61,1,6,0,9,664,0
TXN006204,2477,827.15,5,2,5,0,4,362,0
TXN006205,791,353.79,37,0,3,1,5,508,0
TXN006206,747,1217.28,460,3,6,0,20,37,0
TXN006207,2415,844.21,217,3,9,1,2,986,0
TXN006208,313,2152.53,737,2,4,3,21,183,0
TXN006209,538,123.19,999,2,6,0,23,408,0
TXN006210,921,875.04,728,2,3,2,18,862,0
TXN006211,1078,1813.72,139,0,2,1,4,603,0
TXN006212,1491,1280.82,618,1,9,0,7,838,0
TXN006213,2913,735.81,99,1,1,3,23,178,0
TXN006214,2830,723.7,680,0,5,3,23,203,0
TXN006215,2382,293.36,961,3,4,0,14,495,0
TXN006216,798,1727.87,264,1,8,1,6,746,0
TXN006217,348,1825.96,599,0,4,1,19,335,0
TXN006218,273,201.19,596,5,4,0,6,397,0
TXN006219,720,2745.08,224,3,3,1,4,188,0
TXN006220,1774,499.93,11,1,5,0,1,558,0
TXN006221,2548,698.41,327,0,7,2,4,558,0
TXN006222,685,10144.39,698,2,6,0,8,678,0
TXN006223,2127,7497.34,350,0,5,2,8,610,0
TXN006224,622,193.27,379,0,4,1,7,118,0
TXN006225,2040,236.32,944,0,1,2,5,314,0
TXN006226,947,310.69,231,1,8,0,14,883,0
TXN006227,2406,7357.46,141,1,3,1,18,636,0
TXN006228,2666,529.19,618,3,4,1,23,209,0
TXN006229,507,186.98,765,2,5,2,3,277,0
TXN006230,1583,4812.33,956,2,6,0,5,385,0
TXN006231,2624,2236.64,49,0,8,0,4,336,0
TXN006232,244,16335.99,451,1,8,0,5,279,0
TXN006233,506,2231.25,775,4,6,2,21,551,0
TXN006234,422,1055.47,491,0,5,0,17,49,0
TXN006235,2265,1485.11,205,5,3,2,0,493,0
TXN006236,1873,636.77,869,0,4,0,7,131,0
TXN006237,1193,5253.21,409,0,2,2,23,396,0
TXN006238,330,5596.69,407,1,2,0,1,925,0
TXN006239,650,164.1,51,0,8,0,23,73,0
TXN006240,1465,3398.31,175,3,4,0,3,731,0
TXN006241,391,303.3,737,1,6,0,20,788,0
TXN006242,1520,19860.41,261,2,5,1,22,192,0
TXN006243,381,6771.32,480,1,8,0,3,352,0
TXN006244,742,279.88,734,1,3,0,6,554,0
TXN006245,2011,1460.89,223,1,6,1,18,164,0
TXN006246,820,3610.87,269,0,6,0,4,288,0
TXN006247,673,518.83,810,2,3,0,23,118,0
TXN006248,2561,212.81,893,3,6,0,16,430,0
TXN006249,1772,1239.1,901,2,5,1,8,819,0
TXN006250,2997,905.75,919,1,3,0,10,748,0
TXN006251,1212,366.08,318,2,11,1,5,33,0
TXN006252,930,4833.42,385,1,1,2,23,719,0
TXN006253,1540,233.52,586,2,6,0,10,698,0
TXN006254,913,963.49,626,1,5,0,22,264,0
TXN006255,644,1364.02,219,0,2,0,3,118,0
TXN006256,427,1588.85,54,3,7,2,11,68,0
TXN006257,502,4259.08,200,2,8,3,1,500,0
TXN006258,730,822.18,884,1,3,0,10,441,0
TXN006259,1284,48.23,643,2,3,1,13,302,0
TXN006260,2119,689.43,339,3,6,0,0,488,0
TXN006261,2526,2619.65,704,3,6,0,8,55,0
TXN006262,457,922.44,691,2,10,3,20,416,0
TXN006263,2237,930.67,898,0,2,0,13,275,0
TXN006264,291,2062.05,305,0,3,1,13,506,0
TXN006265,920,2415.48,799,1,6,1,6,858,0
TXN006266,2340,128.55,752,4,2,0,15,648,0
TXN006267,1970,1072.32,245,1,2,1,7,890,0
TXN006268,756,867.61,842,0,7,2,3,165,0
TXN006269,1659,1200.08,629,2,1,2,10,893,0
TXN006270,1835,103.16,208,0,2,0,6,314,0
TXN006271,1307,5365.27,997,1,6,1,1,37,0
TXN006272,1568,1105.52,724,1,6,0,22,340,0
TXN006273,1870,1826.2,511,3,8,0,16,158,0
TXN006274,377,9128.72,259,4,3,1,3,652,0
TXN006275,1180,1847.49,380,0,5,0,14,354,0
TXN006276,508,172.8,163,3,6,0,20,862,0
TXN006277,1437,988.58,738,0,9,0,22,58,0
TXN006278,2576,2464.8,341,1,2,0,3,856,0
TXN006279,559,1173.74,932,0,3,1,23,534,0
TXN006280,2308,8503.1,576,0,3,1,16,749,0
TXN006281,421,392.62,928,3,4,1,22,462,0
TXN006282,1553,4886.09,758,3,8,0,18,919,0
TXN006283,304,3001.54,530,2,5,0,20,66,0
TXN006284,942,1219.89,34,0,3,2,7,881,0
TXN006285,2590,1632.05,824,1,6,1,3,932,0
TXN006286,1302,339.26,998,5,7,1,14,820,0
TXN006287,1090,758.46,323,0,3,0,1,571,0
TXN006288,2156,2191.94,181,1,3,1,22,590,0
TXN006289,2316,916.96,963,1,11,2,19,956,0
TXN006290,2270,1178.84,347,1,3,0,3,108,0
TXN006291,1828,3608.08,706,3,3,1,11,744,0
TXN006292,1554,111.2,192,1,6,1,1,448,0
TXN006293,693,1708.31,579,0,7,1,14,416,0
TXN006294,255,9245.07,721,0,6,0,11,210,0
TXN006295,1479,697.68,878,2,3,0,14,619,1
TXN006296,2301,246.38,679,1,4,1,19,729,0
TXN006297,257,687.52,246,3,4,0,3,758,0
TXN006298,2431,177.59,245,1,5,0,9,473,0
TXN006299,442,1437.73,678,0,5,0,23,250,0
TXN006300,1882,1003.82,808,7,8,2,8,754,0
TXN006301,2647,1607.57,915,0,6,1,7,113,0
TXN006302,1114,936.84,723,1,6,0,15,495,0
TXN006303,2438,1387.24,133,0,3,1,9,817,0
TXN006304,582,1882.92,197,1,6,0,3,66,0
TXN006305,1736,260.56,910,3,3,0,15,4,0
TXN006306,2646,1661.21,347,1,4,0,4,264,0
TXN006307,19,6234.47,49,2,10,1,23,65,0
TXN006308,1125,345.83,64,1,4,0,22,137,0
TXN006309,2655,1587.62,624,1,4,2,20,877,0
TXN006310,1381,5185.59,868,1,3,0,1,795,0
TXN006311,1566,274.22,697,2,5,2,3,284,0
TXN006312,2081,2856.71,104,1,5,1,20,769,0
TXN006313,1994,840.14,931,2,6,0,4,495,0
TXN006314,1548,3690.83,213,5,4,0,19,170,0
TXN006315,862,407.75,517,0,4,1,14,6,0
TXN006316,155,1084.78,119,1,5,0,3,931,0
TXN006317,905,177.29,856,1,4,1,8,783,0
TXN006318,1270,1853.34,761,1,5,0,15,10,0
TXN006319,405,1878.98,679,1,5,0,16,814,0
TXN006320,844,2098.47,895,1,7,0,13,121,0
TXN006321,1783,1978.15,242,2,4,0,2,728,0
TXN006322,1565,983.1,280,2,13,0,1,321,0
TXN006323,1185,186.2,424,2,3,1,16,219,0
TXN006324,747,3606.5,363,1,2,0,21,888,0
TXN006325,1726,1047.2,750,2,3,3,10,404,0
TXN006326,271,1758.44,306,2,7,1,9,103,0
TXN006327,770,878.08,717,2,9,0,10,158,0
TXN006328,1716,11504.72,486,0,4,1,20,810,0
TXN006329,1511,554.92,314,4,6,1,10,266,0
TXN006330,172,529.89,513,1,2,0,21,948,0
TXN006331,274,168.35,683,1,2,0,3,279,0
TXN006332,2307,1255.76,167,2,4,2,15,344,0
TXN006333,1159,10199.44,394,1,6,2,5,788,0
TXN006334,1707,1274.16,770,2,9,0,3,418,0
TXN006335,1772,1440.2,63,1,6,0,2,722,0
TXN006336,422,3525.78,272,1,3,1,8,38,0
TXN006337,1445,1332.11,37,1,5,1,3,129,0
TXN006338,1210,4624.61,16,4,3,1,16,915,0
TXN006339,2412,5526.39,766,1,6,0,2,228,0
TXN006340,2426,538.3,343,1,3,0,16,380,0
TXN006341,580,197.06,346,3,4,1,14,613,0
TXN006342,891,2508.67,848,1,4,1,3,448,0
TXN006343,722,1615.11,539,2,9,2,5,298,0
TXN006344,881,312.61,959,2,4,0,3,45,0
TXN006345,1122,486.07,623,2,3,3,13,301,0
TXN006346,2653,484.26,233,2,3,0,19,657,0
TXN006347,2008,1308.91,990,1,5,0,16,705,0
TXN006348,2070,3629.54,576,1,7,1,16,956,0
TXN006349,1474,3881.77,609,1,4,0,19,486,0
TXN006350,383,2832.71,416,1,7,0,14,625,0
TXN006351,2182,772.39,905,0,3,0,4,181,0
TXN006352,1450,15742.75,267,3,5,1,18,33,1
TXN006353,2551,1141.23,997,0,4,0,0,993,0
TXN006354,1591,687.75,326,3,4,2,21,798,0
TXN006355,1787,212.88,926,4,10,2,19,487,0
TXN006356,144,722.67,744,1,2,1,18,910,0
TXN006357,1887,1856.65,911,2,4,0,23,552,0
TXN006358,1703,163.45,443,0,5,0,12,339,0
TXN006359,1436,349.0,560,2,8,1,23,310,0
TXN006360,224,625.9,862,0,4,0,20,711,0
TXN006361,220,432.48,722,1,5,2,19,917,0
TXN006362,179,391.72,76,2,2,0,2,210,0
TXN006363,1655,4228.22,247,2,7,0,21,946,0
TXN006364,433,151.29,828,3,8,0,21,565,0
TXN006365,265,1353.49,580,2,13,0,10,588,0
TXN006366,954,2044.47,313,1,3,1,2,76,0
TXN006367,429,613.45,576,0,8,1,11,136,0
TXN006368,2464,835.19,694,1,2,1,17,938,0
TXN006369,2775,1044.55,592,2,0,1,18,912,0
TXN006370,2245,2347.64,343,2,3,1,8,560,0
TXN006371,1578,6883.13,715,2,6,1,15,27,0
TXN006372,480,234.77,182,2,5,1,16,312,0
TXN006373,1354,365.22,955,0,5,0,3,487,0
TXN006374,890,387.96,984,1,3,1,8,300,0
TXN006375,925,1080.22,726,3,7,0,12,787,0
TXN006376,2171,678.76,935,3,5,0,6,622,0
TXN006377,1903,2439.89,632,1,1,2,10,591,0
TXN006378,1411,498.8,399,1,5,1,12,33,0
TXN006379,1363,377.7,241,1,5,0,3,160,0
TXN006380,778,438.88,847,2,5,1,8,27,0
TXN006381,2396,1259.95,714,0,6,0,19,335,0
TXN006382,29,3486.69,924,1,5,2,11,793,0
TXN006383,35,1039.69,292,2,4,0,7,699,0
TXN006384,1420,561.27,54,3,4,3,5,162,0
TXN006385,2671,318.22,145,3,7,0,13,608,0
TXN006386,589,6335.73,356,2,5,1,18,712,0
TXN006387,904,132.53,598,1,6,2,23,74,0
TXN006388,2568,877.18,983,3,2,0,2,510,0
TXN006389,2170,2664.23,477,0,4,2,4,335,0
TXN006390,340,862.79,22,1,5,1,13,953,0
TXN006391,175,555.8,331,1,9,0,9,752,0
TXN006392,1924,2085.55,292,0,7,1,11,189,0
TXN006393,1715,295.14,236,1,5,2,21,218,0
TXN006394,597,135.78,29,3,3,0,15,217,0
TXN006395,451,1675.38,695,1,5,1,17,479,0
TXN006396,557,332.21,938,2,7,1,22,461,0
TXN006397,1160,1284.42,160,1,1,0,23,199,0
TXN006398,1357,945.85,910,0,7,0,11,500,0
TXN006399,2057,1500.05,530,2,5,0,17,444,0
TXN006400,2382,835.06,550,3,7,0,18,314,0
TXN006401,1017,2125.63,101,0,4,1,15,354,0
TXN006402,2375,471.42,290,1,5,0,4,914,0
TXN006403,2063,2800.31,377,1,8,0,13,898,0
TXN006404,839,254.39,173,0,9,2,6,102,0
TXN006405,1638,4478.97,343,1,5,0,23,140,0
TXN006406,226,12861.27,928,0,3,0,6,1,0
TXN006407,1814,1248.54,878,4,3,1,23,487,0
TXN006408,2161,7208.44,579,1,10,0,6,324,0
TXN006409,2021,9838.81,191,1,3,0,18,988,0
TXN006410,1452,746.11,439,3,3,0,4,711,0
TXN006411,2049,1161.47,555,0,8,0,19,920,0
TXN006412,2314,412.84,635,1,5,3,4,759,1
TXN006413,1515,446.07,790,1,6,1,17,879,0
TXN006414,1232,1450.18,343,3,7,0,4,61,0
TXN006415,1646,154.01,708,1,3,0,21,122,0
TXN006416,1736,2986.15,845,1,6,1,6,168,0
TXN006417,306,1340.42,125,3,4,2,11,798,0
TXN006418,2060,2483.93,608,4,5,0,9,436,0
TXN006419,1724,881.44,890,1,0,0,19,662,0
TXN006420,1690,2457.83,669,0,5,0,15,60,0
TXN006421,1518,1476.12,552,3,5,0,0,534,0
TXN006422,1392,2015.6,360,2,1,0,4,636,0
TXN006423,2985,3235.88,503,2,3,0,6,92,0
TXN006424,420,240.34,173,4,4,0,1,532,0
TXN006425,2937,471.68,887,2,5,0,0,821,0
TXN006426,2219,17637.56,394,1,11,0,8,627,0
TXN006427,134,1406.31,461,1,3,0,9,73,0
TXN006428,2031,139.75,685,1,5,0,12,924,0
TXN006429,1451,140.68,120,2,4,1,2,133,0
TXN006430,1554,1002.26,273,3,0,1,14,86,0
TXN006431,1165,585.44,358,5,5,0,8,632,0
TXN006432,1870,416.69,386,4,2,0,9,812,0
TXN006433,1820,9431.16,913,1,5,0,3,558,0
TXN006434,2706,704.2,876,1,4,0,2,151,0
TXN006435,1343,2937.07,858,3,6,1,2,522,0
TXN006436,1465,1480.52,887,2,2,2,22,507,0
TXN006437,2227,769.8,934,1,4,0,4,135,0
TXN006438,1080,278.64,933,2,3,0,2,616,0
TXN006439,1179,2760.25,319,3,3,0,5,930,0
TXN006440,1696,65.81,261,3,4,0,11,990,0
TXN006441,111,3117.58,281,2,5,0,0,430,0
TXN006442,2185,1314.94,329,2,5,0,20,307,0
TXN006443,2280,2303.75,124,1,4,0,11,275,0
TXN006444,468,1106.9,476,1,3,2,13,655,0
TXN006445,2780,249.33,278,0,3,1,7,762,0
TXN006446,2529,1775.53,93,0,4,0,12,740,0
TXN006447,814,3037.17,959,0,5,1,4,875,0
TXN006448,1273,617.09,547,4,8,0,2,615,0
TXN006449,994,2413.59,823,0,1,0,9,989,0
TXN006450,2032,1565.35,128,0,4,0,19,355,0
TXN006451,323,1883.08,532,3,5,1,8,578,0
TXN006452,2970,390.94,773,3,2,0,19,752,0
TXN006453,904,5108.16,167,0,4,0,14,616,0
TXN006454,1542,1564.37,831,1,5,1,22,557,0
TXN006455,2000,2975.16,236,1,8,1,8,409,0
TXN006456,1816,688.3,32,0,4,2,13,419,0
TXN006457,2654,3564.39,231,0,7,1,6,392,0
TXN006458,2477,660.94,191,0,8,0,18,768,0
TXN006459,148,376.11,842,1,3,0,17,740,0
TXN006460,1142,9193.12,936,1,7,0,11,19,0
TXN006461,850,63.61,657,0,1,0,8,325,0
TXN006462,367,39650.83,613,0,5,0,13,863,0
TXN006463,2898,2545.51,591,0,5,0,11,422,0
TXN006464,1090,751.62,508,0,3,1,0,245,0
TXN006465,2039,1621.8,457,1,2,0,17,7,0
TXN006466,2861,2547.32,672,2,3,0,22,348,0
TXN006467,175,735.87,255,1,6,0,0,297,0
TXN006468,1855,12610.58,279,4,6,1,19,908,0
TXN006469,588,6442.54,971,0,9,0,3,563,0
TXN006470,495,28917.21,700,2,3,2,19,429,0
TXN006471,1138,253.22,973,2,2,1,19,417,0
TXN006472,1785,1419.93,722,0,6,0,9,642,0
TXN006473,1171,207.59,753,3,5,1,23,719,0
TXN006474,35,295.96,56,1,4,1,23,205,0
TXN006475,999,741.35,649,1,8,0,22,261,0
TXN006476,1333,757.62,106,1,7,1,11,634,0
TXN006477,2586,1709.38,581,0,6,1,6,743,0
TXN006478,2798,960.27,702,2,8,1,0,690,0
TXN006479,1038,2863.99,192,0,3,0,16,556,0
TXN006480,374,1607.9,278,3,5,0,19,779,0
TXN006481,2605,7919.15,544,0,5,2,15,554,0
TXN006482,1452,2964.8,175,4,6,1,4,708,0
TXN006483,1752,266.47,770,1,5,0,14,289,0
TXN006484,2281,920.96,635,0,8,0,9,510,0
TXN006485,705,998.63,85,3,5,0,0,127,0
TXN006486,563,1859.17,988,1,3,0,7,465,0
TXN006487,2987,3985.17,948,0,1,0,22,321,0
TXN006488,2935,1539.36,728,1,4,1,5,415,0
TXN006489,2774,2194.69,216,2,8,0,19,13,0
TXN006490,1874,281.16,14,2,5,2,11,220,0
TXN006491,2124,632.04,37,1,6,0,10,419,0
TXN006492,439,110.55,27,4,5,0,9,930,0
TXN006493,1884,1863.74,664,7,6,1,16,375,0
TXN006494,1980,3010.31,576,2,3,0,19,434,0
TXN006495,699,225.25,70,2,3,0,5,357,0
TXN006496,1313,1326.29,154,1,8,1,3,631,0
TXN006497,2963,969.97,438,1,3,0,9,604,0
TXN006498,1564,8317.59,765,2,4,1,14,969,0
TXN006499,2939,374.94,271,1,10,2,16,958,0
TXN006500,692,3300.37,541,0,2,1,19,10,0
TXN006501,2301,4322.92,996,2,2,0,11,905,0
TXN006502,1201,867.88,74,1,3,0,5,9,0
TXN006503,2458,1557.75,796,1,3,2,6,496,0
TXN006504,1635,3995.6,571,1,5,0,9,804,0
TXN006505,1634,293.12,755,1,4,0,6,959,0
TXN006506,127,656.83,841,2,1,0,4,36,0
TXN006507,1507,1371.26,149,0,4,0,2,168,0
TXN006508,1192,13053.74,506,3,7,1,21,294,0
TXN006509,2640,678.77,10,1,4,0,14,755,0
TXN006510,294,794.42,644,2,5,1,5,277,0
TXN006511,1367,7019.91,502,2,6,1,23,95,0
TXN006512,1020,2429.83,62,2,5,1,20,850,0
TXN006513,2358,15048.8,388,0,2,1,16,738,0
TXN006514,2710,4072.02,895,0,3,2,2,525,0
TXN006515,2576,920.39,774,2,6,0,8,932,0
TXN006516,2588,775.95,730,2,10,0,14,986,0
TXN006517,419,407.68,232,1,7,0,13,895,0
TXN006518,444,229.06,848,2,6,1,17,448,0
TXN006519,685,1650.74,584,0,5,1,6,679,0
TXN006520,2888,2326.99,988,2,8,1,12,948,0
TXN006521,2284,2688.88,528,0,5,2,22,61,0
TXN006522,1463,945.61,550,0,3,1,3,997,0
TXN006523,2262,11115.97,689,3,7,0,4,954,0
TXN006524,85,214.83,445,2,4,0,0,281,0
TXN006525,2842,187.54,321,2,3,0,20,302,0
TXN006526,1768,410.12,894,4,4,1,15,35,0
TXN006527,85,1104.5,83,2,6,1,17,700,0
TXN006528,1945,293.96,434,0,5,1,18,136,0
TXN006529,2113,5521.07,17,6,6,1,4,227,0
TXN006530,1670,451.8,369,1,7,0,14,995,0
TXN006531,663,364.66,668,2,4,0,13,573,0
TXN006532,627,3889.73,684,1,7,0,7,621,0
TXN006533,64,1406.59,908,0,8,0,6,15,0
TXN006534,2987,2811.97,582,2,3,0,9,733,0
TXN006535,919,1035.76,583,4,2,1,3,84,0
TXN006536,1376,1519.45,255,1,5,0,23,352,0
TXN006537,1182,196.32,456,2,7,0,17,347,0
TXN006538,1613,918.36,643,2,5,0,12,619,0
TXN006539,491,311.79,561,1,3,0,16,806,0
TXN006540,1879,11444.56,533,1,6,0,22,181,0
TXN006541,1941,5173.92,392,1,5,2,14,169,0
TXN006542,313,500.34,320,0,7,1,7,525,0
TXN006543,2663,854.86,220,3,6,1,14,951,0
TXN006544,919,904.6,699,1,7,2,1,173,0
TXN006545,1883,14541.3,414,0,4,0,19,890,0
TXN006546,813,1764.6,32,1,3,0,17,581,0
TXN006547,2988,656.26,715,1,6,2,16,695,0
TXN006548,1490,1307.7,788,1,10,0,12,415,0
TXN006549,1327,173.4,754,1,7,1,0,908,0
TXN006550,680,1003.84,16,2,6,1,7,424,0
TXN006551,435,299.74,409,2,4,0,17,915,1
TXN006552,682,119.44,828,3,3,1,0,624,0
TXN006553,1159,11895.18,173,2,5,0,19,533,0
TXN006554,1074,1061.68,649,2,3,0,4,103,0
TXN006555,1456,434.46,179,1,2,1,6,681,0
TXN006556,2388,143.08,871,2,3,0,4,67,0
TXN006557,2395,841.06,573,3,2,0,4,571,0
TXN006558,2694,916.89,497,0,7,0,9,745,0
TXN006559,1371,2746.44,936,2,7,1,21,586,0
TXN006560,649,349.11,104,1,5,1,21,350,0
TXN006561,245,577.95,317,1,5,0,5,519,0
TXN006562,2157,361.58,707,1,4,0,7,161,0
TXN006563,2581,844.16,768,1,4,2,15,380,0
TXN006564,296,100.32,976,1,5,2,6,849,0
TXN006565,2160,417.78,588,0,6,1,18,518,0
TXN006566,1613,2334.75,783,1,5,1,8,258,0
TXN006567,2391,252.01,181,1,7,1,6,245,0
TXN006568,2149,3638.79,132,3,3,0,8,647,0
TXN006569,2677,3127.64,663,3,2,1,11,101,0
TXN006570,1628,3457.94,155,1,5,0,17,939,0
TXN006571,28,1090.7,359,1,3,0,1,525,0
TXN006572,2985,979.18,235,2,5,0,23,784,0
TXN006573,1986,1609.26,760,1,2,1,0,877,0
TXN006574,1561,5347.16,165,1,6,0,10,401,0
TXN006575,58,4794.06,717,0,3,0,4,8,0
TXN006576,1522,149.2,427,1,4,0,0,483,0
TXN006577,297,384.07,677,1,3,1,23,571,0
TXN006578,2182,309.6,488,4,7,1,21,753,0
TXN006579,2297,2623.14,213,3,3,1,23,860,0
TXN006580,2598,485.34,925,1,3,0,16,12,0
TXN006581,902,859.14,766,2,4,0,15,343,0
TXN006582,1965,8514.61,157,4,6,0,0,916,0
TXN006583,1099,4209.32,689,1,10,0,22,110,0
TXN006584,1678,5718.37,75,0,4,0,5,833,0
TXN006585,2882,463.89,435,3,5,2,2,517,0
TXN006586,1192,39.42,178,2,11,1,18,330,0
TXN006587,771,682.23,796,3,8,0,7,183,0
TXN006588,1527,194.82,842,1,4,1,23,756,0
TXN006589,1379,106.39,645,2,6,0,13,733,0
TXN006590,1249,4248.87,637,2,2,0,9,244,0
TXN006591,1555,376.07,312,0,3,0,16,176,0
TXN006592,146,416.6,832,0,4,0,5,623,0
TXN006593,1984,707.04,127,4,6,1,8,146,0
TXN006594,1265,7909.29,377,1,2,4,13,551,0
TXN006595,1908,903.31,345,2,6,1,13,328,0
TXN006596,2941,3435.46,225,3,3,0,11,647,0
TXN006597,2392,751.13,17,3,6,0,0,255,0
TXN006598,1773,164.59,497,2,3,0,15,917,0
TXN006599,1059,263.01,993,3,4,0,11,636,0
TXN006600,2750,1091.66,473,0,3,0,10,1,0
TXN006601,2049,1247.83,865,4,4,1,9,526,0
TXN006602,2020,2103.28,311,1,4,1,19,692,0
TXN006603,153,2104.32,758,1,9,1,2,971,0
TXN006604,2477,3229.86,137,2,3,0,1,801,0
TXN006605,508,435.73,475,0,5,0,3,497,0
TXN006606,491,9824.77,217,0,6,0,14,783,0
TXN006607,345,10965.5,196,0,2,2,2,818,0
TXN006608,1936,587.2,201,1,3,2,12,525,0
TXN006609,1762,422.97,366,3,6,1,17,594,0
TXN006610,221,128.8,719,3,5,2,3,801,0
TXN006611,1939,1346.23,528,2,5,0,17,834,0
TXN006612,1943,1887.34,400,1,6,0,5,949,0
TXN006613,723,547.2,525,1,3,1,21,897,0
TXN006614,528,1539.66,590,2,6,1,15,556,0
TXN006615,1523,207.39,214,0,5,1,13,510,0
TXN006616,2889,3502.42,341,0,5,1,4,102,0
TXN006617,1665,579.88,329,1,7,0,11,354,0
TXN006618,481,1550.78,959,1,4,4,20,729,0
TXN006619,2978,1411.19,119,2,4,2,4,342,0
TXN006620,1872,104.32,425,2,4,1,23,705,0
TXN006621,2920,2983.46,693,1,6,2,23,204,0
TXN006622,1463,427.81,836,1,8,0,21,831,0
TXN006623,1426,1398.29,842,1,8,2,8,656,0
TXN006624,345,201.97,867,1,1,1,21,659,0
TXN006625,45,616.92,373,3,4,0,12,546,0
TXN006626,2069,1695.78,649,1,2,0,11,205,0
TXN006627,1658,300.32,179,0,5,1,9,679,0
TXN006628,1888,320.72,432,2,4,2,22,444,0
TXN006629,2921,1274.21,720,0,12,0,12,527,0
TXN006630,2096,896.93,945,0,3,0,6,820,1
TXN006631,1515,1667.64,402,4,7,1,19,947,0
TXN006632,2599,705.31,394,2,4,0,4,302,0
TXN006633,2335,2367.99,981,0,7,0,2,92,0
TXN006634,1002,555.38,883,1,5,2,20,626,0
TXN006635,1034,2245.04,566,1,6,0,19,837,0
TXN006636,2590,369.39,79,2,6,2,14,36,0
TXN006637,2041,526.79,783,0,4,2,4,863,0
TXN006638,2804,2635.44,907,2,0,0,23,182,0
TXN006639,274,591.55,424,2,6,1,18,14,0
TXN006640,956,268.95,118,2,5,0,13,601,0
TXN006641,2648,8744.14,368,0,2,0,0,233,0
TXN006642,1780,1051.36,106,0,5,2,13,4,0
TXN006643,381,1930.9,105,2,2,0,10,550,0
TXN006644,1353,72.64,303,1,4,0,6,989,0
TXN006645,479,5421.73,630,1,2,1,18,195,0
TXN006646,2063,26251.47,894,0,12,0,7,619,0
TXN006647,516,4868.88,741,1,2,1,20,417,0
TXN006648,191,5777.02,148,0,6,2,5,552,0
TXN006649,1192,671.47,866,1,6,0,2,186,0
TXN006650,2669,1483.54,150,0,4,3,9,7,0
TXN006651,1161,1969.81,816,3,7,1,19,853,0
TXN006652,2202,474.79,256,1,7,1,17,183,0
TXN006653,1412,944.95,82,2,8,0,11,892,0
TXN006654,272,329.91,16,0,6,0,21,966,0
TXN006655,143,682.25,901,4,4,2,19,824,0
TXN006656,1913,3008.12,193,2,7,1,6,107,0
TXN006657,1093,131.77,723,1,6,1,20,137,0
TXN006658,2295,3441.71,74,0,6,1,13,199,0
TXN006659,788,165.2,277,1,5,0,18,690,0
TXN006660,2127,1167.88,61,2,4,0,12,391,0
TXN006661,1682,1302.61,973,1,1,0,2,683,0
TXN006662,623,2180.65,951,0,6,1,15,768,0
TXN006663,2573,883.02,536,2,5,1,1,426,0
TXN006664,2820,313.05,535,0,10,1,23,325,0
TXN006665,938,1368.42,343,1,6,0,17,254,0
TXN006666,1119,14868.6,395,2,3,0,2,194,0
TXN006667,617,1077.83,943,2,7,1,4,374,0
TXN006668,1032,380.83,258,0,5,0,2,674,0
TXN006669,67,626.05,198,0,3,2,20,295,0
TXN006670,191,1313.28,53,3,7,1,5,647,0
TXN006671,2816,794.45,651,2,8,1,3,608,0
TXN006672,521,672.43,271,2,9,1,16,945,0
TXN006673,990,5393.33,201,0,7,0,10,711,0
TXN006674,1141,2040.07,396,2,7,1,14,946,0
TXN006675,2315,951.25,378,1,7,1,17,678,0
TXN006676,1635,960.03,891,3,2,3,20,648,0
TXN006677,2533,1349.94,676,0,4,1,13,262,0
TXN006678,1188,2148.18,604,2,6,1,3,104,0
TXN006679,376,5109.1,535,0,6,0,0,941,0
TXN006680,653,668.95,923,2,11,1,7,873,0
TXN006681,549,332.52,88,1,5,0,1,674,0
TXN006682,1098,562.66,398,3,2,0,10,369,0
TXN006683,73,383.48,182,2,6,1,7,830,0
TXN006684,2356,175.7,867,5,6,2,21,850,0
TXN006685,199,5959.37,283,2,5,0,15,44,0
TXN006686,1782,3057.96,533,2,4,1,19,883,0
TXN006687,572,70.79,561,2,3,0,4,185,0
TXN006688,791,1424.44,190,2,4,0,11,211,0
TXN006689,1639,697.79,205,1,4,0,10,60,0
TXN006690,1832,604.81,968,7,3,0,15,953,0
TXN006691,1856,55.49,44,2,6,1,23,959,0
TXN006692,1511,1063.91,300,3,7,0,10,579,0
TXN006693,1175,1202.69,640,0,3,1,6,919,0
TXN006694,179,267.13,994,1,6,0,5,837,0
TXN006695,2245,7687.07,701,3,4,0,16,19,0
TXN006696,735,2834.49,682,2,4,1,23,174,0
TXN006697,2137,305.03,279,2,1,1,17,784,0
TXN006698,799,3743.07,713,3,2,0,22,280,0
TXN006699,788,627.24,385,4,3,0,6,68,0
TXN006700,2796,3889.87,637,4,5,0,9,612,0
TXN006701,209,194.13,804,2,3,1,13,167,0
TXN006702,493,1344.9,311,2,7,1,8,597,0
TXN006703,2713,254.8,878,2,4,2,9,833,0
TXN006704,1658,401.48,528,1,4,0,4,403,0
TXN006705,2919,107.99,857,2,3,0,18,23,0
TXN006706,732,249.3,274,3,5,0,13,287,0
TXN006707,1130,247.56,482,0,8,0,3,7,0
TXN006708,1606,213.06,806,2,6,2,12,791,0
TXN006709,2746,1375.18,451,0,5,1,10,588,0
TXN006710,594,131.71,532,3,0,0,3,116,0
TXN006711,2934,1569.59,531,1,8,1,0,798,0
TXN006712,2900,3666.78,525,2,4,0,15,687,0
TXN006713,1216,377.34,17,1,5,0,17,295,0
TXN006714,325,990.35,718,0,6,1,6,932,0
TXN006715,979,733.06,30,1,3,0,8,15,0
TXN006716,1750,669.27,470,1,5,1,14,33,0
TXN006717,1851,51.08,811,2,6,1,7,675,0
TXN006718,1491,283.68,304,0,5,0,11,606,0
TXN006719,894,6334.15,555,2,3,0,0,346,0
TXN006720,1391,1617.46,93,0,3,0,15,223,0
TXN006721,144,820.86,882,0,3,0,19,358,0
TXN006722,384,97.04,578,3,11,0,13,23,0
TXN006723,2264,2234.57,631,1,5,1,14,713,0
TXN006724,2372,367.24,821,4,8,1,10,878,0
TXN006725,217,248.4,584,1,8,1,3,570,0
TXN006726,1516,280.15,846,2,5,2,3,924,0
TXN006727,2999,2023.89,162,2,5,1,7,427,0
TXN006728,2231,1007.12,973,0,4,0,21,255,0
TXN006729,2318,3094.92,842,2,4,2,18,214,0
TXN006730,2993,4233.84,328,2,4,1,14,517,0
TXN006731,1491,451.53,967,1,2,1,23,398,0
TXN006732,2918,1041.86,781,0,2,0,20,519,0
TXN006733,1636,762.33,730,0,3,0,1,739,0
TXN006734,2515,213.97,254,0,3,1,8,437,0
TXN006735,2353,254.3,440,3,7,1,11,207,0
TXN006736,1168,900.54,571,0,4,1,13,595,0
TXN006737,111,1024.05,544,4,2,0,10,259,0
TXN006738,1014,1026.74,851,0,4,1,8,978,0
TXN006739,232,1028.67,120,1,4,2,7,781,0
TXN006740,1715,411.91,975,0,4,1,1,77,0
TXN006741,1756,13984.79,822,0,8,0,0,989,0
TXN006742,2643,1448.33,514,1,3,1,10,387,0
TXN006743,1578,549.7,630,1,6,0,9,314,0
TXN006744,1297,1777.17,549,1,4,0,12,118,0
TXN006745,2221,394.86,979,2,3,0,20,751,0
TXN006746,973,1132.39,97,1,5,3,16,218,0
TXN006747,1031,1773.72,871,2,5,0,2,419,0
TXN006748,2594,2124.14,370,1,4,0,15,569,0
TXN006749,2596,242.55,417,4,5,1,17,196,0
TXN006750,518,41560.75,257,6,5,2,18,891,0
TXN006751,914,4528.57,128,0,9,0,15,344,0
TXN006752,2263,12569.22,359,2,7,0,17,585,0
TXN006753,2182,806.47,156,4,7,2,15,973,0
TXN006754,2333,1474.61,657,0,7,0,8,91,0
TXN006755,1945,1145.68,57,4,8,0,12,52,0
TXN006756,1463,568.8,582,1,2,0,11,258,0
TXN006757,1873,2722.02,948,1,6,0,11,212,0
TXN006758,2734,379.79,556,1,5,2,23,335,0
TXN006759,2379,2534.88,724,3,5,0,4,12,0
TXN006760,2942,603.23,687,4,3,1,1,514,0
TXN006761,1308,1770.17,653,2,4,0,11,807,0
TXN006762,899,6335.72,76,1,3,0,23,695,0
TXN006763,1099,934.85,158,1,6,2,0,208,0
TXN006764,1190,2796.9,85,2,6,0,9,240,0
TXN006765,1213,595.45,322,1,6,1,1,563,0
TXN006766,2126,265.71,309,1,4,2,16,320,0
TXN006767,2995,8055.21,530,1,5,2,3,604,0
TXN006768,688,2689.88,284,1,5,1,17,36,0
TXN006769,2069,933.27,900,1,7,2,20,919,0
TXN006770,566,2529.28,42,2,3,0,5,455,0
TXN006771,1208,323.86,894,3,2,0,8,446,0
TXN006772,1895,1864.39,885,1,3,0,1,911,0
TXN006773,827,1422.83,134,1,2,0,0,826,0
TXN006774,1352,2393.84,614,0,3,0,1,743,0
TXN006775,2227,7864.21,649,0,7,1,13,419,0
TXN006776,1812,6234.76,404,2,4,1,4,835,0
TXN006777,1083,207.14,493,3,3,0,14,53,0
TXN006778,1351,100.05,222,1,5,0,16,879,0
TXN006779,2953,1472.7,229,3,7,0,21,106,0
TXN006780,1645,1343.73,806,5,3,2,8,625,0
TXN006781,2717,280.51,452,2,3,1,19,883,0
TXN006782,191,346.22,998,1,7,1,18,985,0
TXN006783,1224,435.1,306,4,7,1,18,749,0
TXN006784,1336,5442.72,828,4,4,1,3,616,0
TXN006785,708,622.04,909,2,7,1,13,372,0
TXN006786,379,180.43,119,2,5,2,14,804,0
TXN006787,387,1015.04,611,1,4,1,10,803,0
TXN006788,2285,1093.05,862,1,8,0,6,119,0
TXN006789,616,317.81,938,0,6,1,12,586,0
TXN006790,1543,2227.12,324,0,7,1,11,632,0
TXN006791,2331,4292.77,921,1,2,0,9,13,0
TXN006792,2049,715.91,159,1,7,2,16,24,0
TXN006793,1755,180.42,239,1,4,1,15,837,0
TXN006794,464,789.58,396,1,2,0,14,81,0
TXN006795,967,1575.0,320,2,2,0,6,601,0
TXN006796,172,82.31,847,1,6,0,8,205,0
TXN006797,1147,1954.36,189,1,3,0,0,998,0
TXN006798,843,699.25,309,2,5,0,20,205,0
TXN006799,1322,1155.7,249,2,6,0,12,140,0
TXN006800,1909,774.68,538,3,7,1,22,861,0
TXN006801,690,444.02,701,2,3,2,1,332,0
TXN006802,2623,959.88,506,2,3,2,1,601,0
TXN006803,1508,595.44,394,1,7,0,18,797,0
TXN006804,2213,714.01,652,2,6,1,9,515,0
TXN006805,2025,381.27,406,1,7,1,6,378,0
TXN006806,1723,2088.35,181,1,4,2,7,928,0
TXN006807,383,4837.52,21,2,6,1,0,876,0
TXN006808,2257,384.55,675,2,5,1,3,789,0
TXN006809,1413,953.2,583,3,3,0,15,954,0
TXN006810,1584,294.64,594,2,4,1,6,425,0
TXN006811,2272,1746.97,155,1,7,0,16,519,0
TXN006812,2051,1435.25,828,1,4,3,17,771,0
TXN006813,372,547.44,867,2,5,0,0,328,0
TXN006814,1711,992.97,559,2,5,0,0,263,0
TXN006815,1470,3097.44,194,5,12,2,11,144,0
TXN006816,611,159.36,224,2,5,2,11,533,0
TXN006817,116,232.71,399,1,6,1,10,143,0
TXN006818,447,2204.38,749,3,5,0,5,805,0
TXN006819,1392,1170.72,280,2,5,0,22,414,0
TXN006820,1341,1008.08,980,1,4,0,23,377,0
TXN006821,415,3400.18,10,4,7,2,6,951,0
TXN006822,1809,2553.76,376,2,3,1,10,57,0
TXN006823,2940,8588.03,472,2,1,0,3,686,0
TXN006824,1048,3209.67,152,0,5,1,15,766,0
TXN006825,2711,2060.84,856,1,6,0,13,732,0
TXN006826,1874,1027.87,616,3,6,0,17,967,0
TXN006827,1074,922.42,124,3,4,1,10,989,0
TXN006828,718,1092.38,697,0,4,0,20,224,0
TXN006829,1359,1433.07,802,0,2,0,16,213,0
TXN006830,1606,257.73,553,1,6,0,11,456,0
TXN006831,2319,1504.65,424,1,4,1,14,175,0
TXN006832,562,818.94,523,1,10,1,0,70,0
TXN006833,2852,1683.22,730,1,10,1,9,990,0
TXN006834,2295,548.28,513,2,6,1,19,835,0
TXN006835,387,497.05,926,4,6,4,21,463,0
TXN006836,702,1446.43,171,2,6,0,13,92,0
TXN006837,2607,1944.43,850,3,3,0,9,827,0
TXN006838,973,531.27,794,2,6,1,12,252,0
TXN006839,1385,5340.36,565,2,5,1,22,16,0
TXN006840,984,5296.59,125,1,5,0,3,733,0
TXN006841,1512,164.22,175,2,6,0,18,540,0
TXN006842,352,431.63,504,3,7,3,0,197,0
TXN006843,1725,1260.73,777,0,7,0,8,30,0
TXN006844,1952,1711.16,777,0,3,0,1,178,0
TXN006845,1280,14168.95,385,0,6,3,14,698,0
TXN006846,1908,1298.64,711,2,5,1,11,524,0
TXN006847,753,953.66,768,2,5,2,7,169,0
TXN006848,2829,279.88,684,1,5,0,8,258,0
TXN006849,1025,163.62,571,0,3,2,5,790,0
TXN006850,546,934.11,952,1,5,0,17,293,0
TXN006851,1470,12950.14,106,1,5,1,12,188,0
TXN006852,79,850.55,947,1,5,2,2,437,0
TXN006853,1260,433.86,637,1,2,0,11,335,0
TXN006854,2382,1886.51,528,1,1,0,4,306,0
TXN006855,889,98.82,38,0,7,2,14,722,0
TXN006856,1106,1206.1,395,1,5,0,19,261,0
TXN006857,2550,2949.1,755,1,8,1,5,97,0
TXN006858,1991,351.75,921,3,5,0,17,172,0
TXN006859,1501,5668.3,477,1,4,1,23,771,0
TXN006860,2813,2420.23,467,0,5,2,10,563,0
TXN006861,921,5730.2,722,1,3,0,6,669,0
TXN006862,550,210.28,505,3,3,0,16,226,0
TXN006863,2062,882.85,315,0,6,0,8,128,0
TXN006864,392,3316.12,285,0,3,2,6,904,0
TXN006865,2358,181.74,464,2,2,1,17,987,0
TXN006866,2434,3416.89,680,0,9,2,1,429,0
TXN006867,1381,883.76,264,2,3,0,2,412,0
TXN006868,974,3386.51,610,1,3,0,10,263,0
TXN006869,340,1423.63,646,0,7,3,13,756,0
TXN006870,2645,5960.99,429,1,2,0,14,390,0
TXN006871,757,232.69,365,1,8,3,3,820,0
TXN006872,1046,1627.64,181,2,5,2,23,518,0
TXN006873,2339,178.77,734,0,6,0,13,790,0
TXN006874,2354,1814.28,876,0,5,1,17,407,0
TXN006875,2682,1625.2,994,2,5,1,12,249,0
TXN006876,2673,778.92,661,0,2,0,4,92,0
TXN006877,939,428.14,244,1,1,1,6,986,0
TXN006878,848,742.16,313,0,8,1,16,444,0
TXN006879,442,1232.97,76,2,3,0,6,161,0
TXN006880,2551,1542.29,881,1,8,2,20,493,0
TXN006881,130,11145.37,262,2,6,0,2,472,0
TXN006882,597,3127.85,231,2,2,2,14,399,0
TXN006883,1959,542.25,703,0,5,0,9,779,0
TXN006884,1506,2197.88,380,0,6,1,17,745,0
TXN006885,862,3157.65,646,2,6,0,7,533,0
TXN006886,2641,499.12,309,2,4,0,14,598,0
TXN006887,999,2546.79,764,1,7,0,3,995,0
TXN006888,2373,184.18,388,2,6,0,11,268,0
TXN006889,2496,477.77,757,3,4,0,17,397,0
TXN006890,1552,198.53,777,2,1,1,19,739,0
TXN006891,2867,851.27,325,1,6,2,2,168,0
TXN006892,1641,621.18,842,3,3,1,16,180,0
TXN006893,1512,681.06,879,3,4,0,15,280,0
TXN006894,1737,2917.76,456,1,3,1,13,178,0
TXN006895,2757,1222.56,512,4,6,1,19,771,0
TXN006896,1450,2865.18,343,2,1,0,18,728,0
TXN006897,1858,7720.39,516,2,5,0,3,186,0
TXN006898,265,13542.65,442,0,5,0,6,122,0
TXN006899,2660,927.26,549,0,4,0,9,932,0
TXN006900,2880,2083.27,583,2,5,2,16,892,0
TXN006901,2722,910.77,262,1,4,0,6,376,0
TXN006902,1463,3703.52,749,3,3,1,18,845,0
TXN006903,157,2932.55,819,2,6,1,4,183,0
TXN006904,1446,496.39,463,0,5,1,0,370,0
TXN006905,2299,592.27,867,4,6,2,0,283,0
TXN006906,2926,5786.34,690,1,4,1,1,266,0
TXN006907,1633,567.36,608,0,6,0,14,233,0
TXN006908,2578,958.96,910,3,3,0,11,791,0
TXN006909,2375,2465.25,227,1,5,0,13,949,0
TXN006910,895,899.02,523,2,4,1,19,113,0
TXN006911,2145,6910.23,778,1,2,1,14,935,0
TXN006912,513,3788.51,189,1,4,1,5,828,0
TXN006913,216,379.55,209,1,5,2,23,268,0
TXN006914,2173,543.15,13,2,4,0,16,786,0
TXN006915,1707,2219.58,889,2,6,1,1,622,0
TXN006916,2107,1030.26,162,2,8,0,18,851,0
TXN006917,1568,106.84,572,1,4,4,13,870,0
TXN006918,2209,342.04,493,1,3,1,12,386,0
TXN006919,2332,1452.32,435,2,1,4,2,297,0
TXN006920,2154,3192.82,5,2,7,3,9,196,0
TXN006921,1129,3248.07,202,1,2,0,6,888,0
TXN006922,228,11561.14,416,1,9,2,8,553,0
TXN006923,2366,478.3,12,2,7,0,5,224,0
TXN006924,1488,506.56,948,0,7,2,14,19,0
TXN006925,802,1063.8,397,0,3,0,22,690,0
TXN006926,1623,146.76,341,3,6,0,15,865,0
TXN006927,1906,1092.59,752,4,4,1,8,472,0
TXN006928,2922,867.31,950,0,2,0,1,106,0
TXN006929,472,2835.75,373,2,6,0,22,793,0
TXN006930,1080,3476.65,378,0,3,0,20,301,0
TXN006931,2673,1683.67,225,2,5,1,17,501,0
TXN006932,2061,1100.42,182,3,3,3,9,573,0
TXN006933,1042,1697.34,297,0,10,0,8,424,0
TXN006934,2742,423.52,816,0,7,1,20,254,0
TXN006935,2161,993.06,307,4,10,1,16,362,0
TXN006936,229,1118.92,431,1,5,0,20,833,0
TXN006937,171,1002.14,690,0,4,0,18,891,0
TXN006938,295,893.16,118,5,4,2,10,631,0
TXN006939,189,520.34,352,1,8,0,6,287,0
TXN006940,426,320.31,588,1,6,1,3,708,0
TXN006941,977,857.39,46,3,4,0,17,350,0
TXN006942,1103,2237.74,227,4,5,0,13,588,0
TXN006943,2706,136.33,356,1,2,0,16,715,0
TXN006944,919,603.81,294,0,10,2,2,404,0
TXN006945,499,13133.42,240,0,8,3,8,871,0
TXN006946,1822,869.94,348,0,4,1,3,493,0
TXN006947,2810,1315.04,141,0,7,0,11,433,0
TXN006948,866,9961.42,204,2,6,1,19,722,0
TXN006949,826,1608.93,662,2,8,0,3,996,0
TXN006950,1859,1653.62,642,3,11,1,4,331,0
TXN006951,2119,367.9,861,3,9,0,14,898,0
TXN006952,2296,1596.21,845,2,4,0,10,392,0
TXN006953,146,1077.33,995,3,3,0,0,265,0
TXN006954,1642,3327.23,269,1,2,0,16,410,0
TXN006955,1320,5078.58,313,1,3,1,3,954,0
TXN006956,2630,1137.26,418,3,4,0,10,609,0
TXN006957,470,1734.57,915,2,5,1,13,391,0
TXN006958,193,113.54,137,1,6,2,22,414,0
TXN006959,1092,74.98,628,1,4,1,14,685,0
TXN006960,2542,4071.76,351,0,6,0,2,745,0
TXN006961,52,54.93,161,1,7,3,11,650,0
TXN006962,2930,1624.25,667,3,3,0,23,115,0
TXN006963,2411,890.35,173,0,9,1,17,961,0
TXN006964,1821,4806.01,130,2,2,0,22,313,0
TXN006965,2965,1051.31,79,1,7,0,0,861,0
TXN006966,2522,9534.81,979,2,5,0,6,572,0
TXN006967,1870,858.62,569,3,4,0,15,363,0
TXN006968,2569,4339.95,863,0,2,0,5,899,0
TXN006969,1787,181.66,57,2,7,0,9,46,0
TXN006970,1455,69.24,400,0,8,2,5,672,0
TXN006971,1868,1060.13,363,2,4,2,20,503,0
TXN006972,2739,204.24,335,0,7,0,9,735,0
TXN006973,2580,1020.54,134,2,2,1,21,324,0
TXN006974,2008,667.92,14,2,3,0,14,542,0
TXN006975,1435,2266.91,283,1,5,1,8,592,0
TXN006976,840,305.74,806,0,4,0,7,554,0
TXN006977,241,1825.46,659,1,8,0,14,368,0
TXN006978,536,3092.51,421,0,4,0,18,147,0
TXN006979,1408,856.76,127,0,6,2,5,936,0
TXN006980,83,1946.67,772,2,3,2,12,244,0
TXN006981,982,338.9,826,2,4,0,19,982,0
TXN006982,951,692.85,218,0,7,0,22,122,0
TXN006983,611,219.1,905,1,4,0,11,703,0
TXN006984,574,18151.84,745,2,3,1,23,415,0
TXN006985,2334,4791.28,881,1,3,1,23,261,0
TXN006986,989,8039.67,680,2,3,2,4,491,0
TXN006987,459,4709.45,655,1,3,2,12,708,0
TXN006988,2174,494.83,489,3,3,1,8,311,0
TXN006989,1523,173.92,997,0,6,2,13,706,0
TXN006990,2473,659.26,260,2,4,1,0,832,0
TXN006991,2602,1939.85,218,1,3,0,2,212,0
TXN006992,2658,774.1,820,1,2,0,18,433,0
TXN006993,1985,75.06,658,3,2,3,0,62,0
TXN006994,1567,2687.83,489,2,5,1,16,241,0
TXN006995,2160,161.12,949,1,6,0,10,833,0
TXN006996,2450,660.63,443,2,3,1,7,466,0
TXN006997,122,8888.75,99,2,4,0,5,100,0
TXN006998,273,1163.14,182,0,3,1,10,732,0
TXN006999,1318,3991.77,169,0,7,0,20,533,0
TXN007000,398,1662.68,233,3,2,1,19,904,0
TXN007001,2519,326.79,956,1,9,0,6,262,0
TXN007002,985,2631.16,93,2,7,0,0,939,0
TXN007003,1231,1016.51,629,0,6,0,19,566,0
TXN007004,1134,184.38,472,1,6,2,16,914,0
TXN007005,1302,150.75,516,1,4,0,20,421,0
TXN007006,1911,1737.01,85,2,4,0,6,207,0
TXN007007,2617,14322.89,679,0,12,2,15,752,0
TXN007008,1506,301.42,519,0,4,0,21,647,0
TXN007009,1917,347.8,381,3,5,0,10,680,0
TXN007010,2945,1767.56,407,0,3,0,19,737,0
TXN007011,820,226.62,232,1,5,1,21,418,1
TXN007012,2901,18487.66,251,2,4,1,13,807,0
TXN007013,2758,388.07,85,1,5,1,5,964,0
TXN007014,1957,602.61,319,4,4,0,1,444,0
TXN007015,2369,417.61,193,0,8,1,19,460,0
TXN007016,179,3366.78,635,3,9,2,3,83,0
TXN007017,897,14686.73,937,0,6,0,5,943,0
TXN007018,2267,471.59,601,0,5,1,9,528,0
TXN007019,2837,3102.28,607,0,3,2,20,605,0
TXN007020,1973,228.81,887,4,9,0,11,947,0
TXN007021,1552,3467.29,300,0,2,0,0,585,0
TXN007022,492,9045.59,358,0,7,0,22,995,0
TXN007023,61,6265.59,557,1,4,1,2,847,0
TXN007024,1078,1286.12,765,2,7,1,2,647,0
TXN007025,1704,317.55,453,1,7,1,18,262,0
TXN007026,2586,1097.65,885,4,1,0,0,510,0
TXN007027,2896,755.16,991,2,4,1,0,411,0
TXN007028,65,641.6,563,2,3,1,7,394,0
TXN007029,586,1405.09,506,5,6,0,0,189,0
TXN007030,1728,1012.47,65,0,3,2,3,661,0
TXN007031,2219,2564.23,566,2,3,1,11,72,0
TXN007032,535,2584.31,952,4,7,0,3,704,0
TXN007033,2741,1017.03,222,0,7,0,10,659,0
TXN007034,2156,1842.19,466,0,7,3,3,670,0
TXN007035,1871,5354.34,72,0,4,0,10,756,0
TXN007036,2862,579.45,888,1,4,1,15,352,0
TXN007037,1005,1117.75,474,1,7,0,16,198,0
TXN007038,2500,319.25,680,4,9,1,20,615,0
TXN007039,1230,1950.49,698,0,2,0,8,742,0
TXN007040,2638,1391.6,655,0,4,3,1,697,0
TXN007041,1040,1906.54,19,3,4,1,7,158,0
TXN007042,327,334.74,522,2,5,0,0,684,0
TXN007043,608,2748.14,984,3,8,0,19,332,0
TXN007044,2707,1239.46,784,2,1,1,22,895,0
TXN007045,2,3772.14,683,1,4,0,7,323,0
TXN007046,1034,648.54,415,0,3,2,13,13,0
TXN007047,2482,2487.15,364,2,3,0,6,658,0
TXN007048,125,1870.64,528,1,4,0,14,392,0
TXN007049,1105,6833.42,80,1,2,0,8,160,0
TXN007050,2533,953.78,796,1,9,1,9,772,0
TXN007051,2700,563.49,190,1,7,0,17,427,0
TXN007052,1862,606.35,148,2,5,0,7,595,0
TXN007053,1174,290.04,675,2,6,3,8,127,0
TXN007054,2848,599.63,443,3,7,0,13,466,0
TXN007055,2921,66.11,265,0,9,1,3,944,0
TXN007056,129,5667.59,872,2,3,1,20,102,0
TXN007057,438,11168.55,650,2,3,0,8,754,0
TXN007058,751,918.64,509,1,2,0,15,565,0
TXN007059,2549,1855.15,301,4,3,1,22,312,0
TXN007060,1222,1335.17,466,1,5,1,2,844,0
TXN007061,2259,226.86,365,6,3,0,18,781,0
TXN007062,902,3757.51,399,2,7,2,16,357,0
TXN007063,2093,4494.19,493,1,6,0,20,193,0
TXN007064,1303,314.45,542,3,10,1,16,691,0
TXN007065,2583,1629.24,816,1,1,1,10,559,0
TXN007066,1434,800.06,480,3,5,1,12,18,0
TXN007067,2509,4572.92,168,1,4,2,2,867,0
TXN007068,391,992.82,603,2,6,3,17,91,0
TXN007069,1068,1025.62,91,0,8,1,20,565,0
TXN007070,27,9750.31,723,1,11,2,13,435,0
TXN007071,2842,234.51,842,0,3,2,21,38,0
TXN007072,548,1476.84,300,1,6,1,4,856,0
TXN007073,2669,1219.73,174,2,5,0,2,883,0
TXN007074,567,531.48,646,3,11,0,23,146,0
TXN007075,704,12680.06,373,3,8,0,23,187,0
TXN007076,1243,1642.31,24,2,5,0,2,100,0
TXN007077,185,2455.6,201,2,4,1,2,713,0
TXN007078,1591,2914.71,731,1,9,0,4,360,0
TXN007079,1914,746.19,7,0,10,0,18,383,0
TXN007080,848,4866.44,6,2,6,0,18,833,0
TXN007081,599,3822.43,630,0,2,1,20,836,0
TXN007082,806,947.17,161,2,3,2,5,545,0
TXN007083,1358,3380.98,597,3,8,1,9,411,0
TXN007084,2127,4855.77,878,2,4,1,4,642,0
TXN007085,2627,2847.26,248,1,6,1,20,709,0
TXN007086,1879,402.52,166,1,5,2,7,43,0
TXN007087,2461,981.59,428,0,3,1,7,63,0
TXN007088,546,1940.0,145,1,4,1,5,693,0
TXN007089,1633,1484.07,511,0,5,0,6,179,0
TXN007090,2217,448.45,543,1,4,1,12,211,0
TXN007091,2729,777.53,933,0,5,1,18,614,0
TXN007092,2631,1672.78,509,6,5,0,11,683,0
TXN007093,2563,179.28,907,2,2,1,23,250,0
TXN007094,2080,1122.37,220,3,4,1,7,911,0
TXN007095,2335,2530.0,645,1,8,3,7,730,0
TXN007096,2642,1539.98,576,3,3,0,12,242,0
TXN007097,1927,391.91,76,2,3,2,16,790,0
TXN007098,617,484.05,643,1,6,2,8,659,0
TXN007099,2318,6531.52,824,1,6,2,3,251,0
TXN007100,1204,355.96,319,5,4,1,3,260,0
TXN007101,1760,4549.63,873,1,4,0,12,20,0
TXN007102,2566,520.31,38,0,6,0,1,504,0
TXN007103,2631,4256.53,566,4,4,0,8,151,0
TXN007104,226,2099.23,642,2,6,0,21,685,0
TXN007105,670,722.23,730,2,5,1,20,698,0
TXN007106,1764,131.65,514,2,5,0,2,326,0
TXN007107,917,1769.2,246,1,1,0,6,688,0
TXN007108,2174,1363.59,140,1,5,1,4,689,0
TXN007109,2122,1802.08,808,3,6,1,0,237,0
TXN007110,1215,2094.94,258,1,8,1,14,166,0
TXN007111,1706,226.57,617,0,7,0,22,533,0
TXN007112,1843,1757.99,381,1,4,0,8,345,0
TXN007113,1984,2673.25,848,3,3,0,16,921,0
TXN007114,56,2635.67,478,0,7,2,2,218,0
TXN007115,720,243.8,185,1,3,0,18,475,0
TXN007116,2601,4381.55,303,2,3,1,12,925,1
TXN007117,2080,1834.34,494,2,4,1,2,854,0
TXN007118,574,2135.93,756,2,3,0,15,169,0
TXN007119,667,374.34,164,2,3,1,4,594,0
TXN007120,284,2720.34,644,2,6,1,10,664,0
TXN007121,1745,138.56,203,1,5,0,2,783,0
TXN007122,2235,396.3,408,0,6,1,16,768,0
TXN007123,498,5013.56,210,0,5,1,8,646,0
TXN007124,1466,2566.54,859,1,3,0,9,903,0
TXN007125,130,1555.9,101,0,6,0,15,379,0
TXN007126,639,3403.15,446,5,3,1,14,182,0
TXN007127,2162,3699.05,898,1,4,0,18,950,0
TXN007128,2061,2723.02,783,1,10,1,10,925,0
TXN007129,2492,844.79,971,4,5,1,13,105,0
TXN007130,2495,382.35,987,4,4,1,19,57,0
TXN007131,986,494.68,561,1,5,1,15,428,0
TXN007132,993,5959.28,368,2,3,2,21,578,0
TXN007133,2763,237.32,239,0,3,0,6,398,0
TXN007134,2122,1976.31,727,2,5,2,21,662,0
TXN007135,2585,1979.96,291,3,6,0,16,143,0
TXN007136,101,6384.76,372,2,2,1,18,434,0
TXN007137,2224,1973.32,862,2,5,0,2,176,0
TXN007138,427,659.93,431,4,6,1,10,192,0
TXN007139,41,672.52,280,0,3,0,3,427,1
TXN007140,429,1089.05,467,1,4,1,20,269,0
TXN007141,344,4269.29,316,0,4,0,4,811,0
TXN007142,366,2886.57,989,1,7,2,4,1,0
TXN007143,609,298.02,77,2,5,0,17,720,0
TXN007144,2705,1532.1,816,1,5,1,9,77,0
TXN007145,728,2952.23,151,1,7,1,8,972,0
TXN007146,2277,825.01,396,2,3,2,3,636,0
TXN007147,825,82.11,496,0,8,2,2,614,0
TXN007148,1376,866.3,297,0,4,3,21,807,0
TXN007149,889,184.53,669,2,6,1,0,781,0
TXN007150,2044,152.61,710,1,11,0,3,722,0
TXN007151,1342,3937.1,947,2,7,0,17,520,0
TXN007152,2884,22589.42,896,3,5,0,6,907,0
TXN007153,1297,5637.2,407,3,6,1,8,582,0
TXN007154,117,47.81,287,0,6,2,22,836,0
TXN007155,2866,891.04,493,3,9,2,17,220,0
TXN007156,2416,540.43,917,0,6,0,1,688,0
TXN007157,1118,187.71,536,2,7,1,7,983,0
TXN007158,168,1915.68,456,0,5,1,5,280,0
TXN007159,1739,878.53,492,1,3,1,13,597,0
TXN007160,1365,271.26,9,1,2,1,18,576,0
TXN007161,2709,92.98,918,0,2,0,14,244,0
TXN007162,695,528.11,132,1,4,1,6,710,1
TXN007163,925,1107.09,77,2,5,1,16,729,0
TXN007164,152,951.37,738,1,5,2,10,973,0
TXN007165,586,3925.85,131,0,6,3,1,231,0
TXN007166,913,1645.14,997,1,7,0,20,785,0
TXN007167,2322,725.2,888,6,6,3,22,271,0
TXN007168,1578,411.3,412,2,6,0,9,781,0
TXN007169,496,130.96,90,0,4,1,10,886,0
TXN007170,2149,296.03,498,1,3,0,2,464,0
TXN007171,557,5596.99,629,1,7,0,8,136,0
TXN007172,1106,3095.2,622,1,6,1,2,550,0
TXN007173,1553,1550.79,889,3,9,0,17,649,0
TXN007174,2121,606.14,354,2,7,1,18,374,0
TXN007175,157,4862.09,271,0,5,0,21,323,0
TXN007176,735,325.92,392,1,5,0,16,296,0
TXN007177,2180,330.43,432,3,5,1,3,827,0
TXN007178,1428,980.27,739,1,5,1,3,13,0
TXN007179,559,79.86,472,1,7,1,20,299,0
TXN007180,2155,315.02,756,4,5,1,10,78,0
TXN007181,2313,825.94,308,2,4,0,15,611,0
TXN007182,155,630.5,508,1,4,0,17,414,0
TXN007183,997,334.99,55,2,7,0,16,116,0
TXN007184,2295,12612.91,37,2,1,0,13,85,0
TXN007185,531,5630.27,900,1,1,1,13,652,0
TXN007186,2906,8582.86,55,3,6,1,8,857,0
TXN007187,1972,973.74,524,0,3,0,1,430,0
TXN007188,2586,610.15,915,0,2,1,7,532,0
TXN007189,729,7495.04,463,0,8,0,18,824,0
TXN007190,1178,1214.69,697,2,9,0,23,118,0
TXN007191,154,307.17,478,1,3,0,1,262,0
TXN007192,92,333.87,749,2,4,0,2,700,0
TXN007193,2386,742.99,805,2,9,1,15,380,0
TXN007194,1504,1068.03,716,2,7,1,3,983,0
TXN007195,1717,1209.25,211,3,3,0,9,149,0
TXN007196,2498,879.8,226,0,6,0,11,672,0
TXN007197,2017,18169.96,7,4,7,0,9,890,0
TXN007198,2858,216.21,732,1,3,0,8,772,0
TXN007199,787,2458.37,823,1,5,0,18,936,0
TXN007200,273,618.35,540,1,7,1,19,698,0
TXN007201,2028,1046.76,989,1,6,1,3,466,0
TXN007202,2636,3390.03,805,1,7,0,9,160,0
TXN007203,177,129.11,212,2,1,0,18,303,0
TXN007204,2879,352.47,189,1,5,1,8,820,0
TXN007205,643,934.12,75,1,2,0,11,337,0
TXN007206,1899,6447.85,754,2,6,1,19,41,0
TXN007207,567,6407.19,114,4,6,0,23,732,0
TXN007208,666,5078.45,679,2,5,0,20,413,0
TXN007209,1332,78.88,618,4,4,2,5,843,0
TXN007210,2916,311.15,151,1,7,0,2,333,0
TXN007211,1799,326.89,436,0,4,2,12,806,0
TXN007212,1070,1026.3,878,2,2,1,12,766,0
TXN007213,2350,118.67,84,3,6,0,8,598,0
TXN007214,2916,4094.81,212,2,5,1,3,977,0
TXN007215,2960,100.16,779,1,2,0,13,815,0
TXN007216,408,3785.87,834,3,6,1,13,881,0
TXN007217,1213,3118.19,781,3,1,1,21,10,0
TXN007218,2870,294.93,461,0,3,1,14,708,0
TXN007219,1854,4985.78,937,0,5,1,5,876,0
TXN007220,1153,735.2,177,2,2,2,7,354,0
TXN007221,2609,538.49,783,1,4,1,9,961,0
TXN007222,1142,661.34,312,3,3,0,15,416,0
TXN007223,2512,733.03,694,1,4,1,13,870,0
TXN007224,144,818.6,159,2,6,1,11,289,0
TXN007225,2490,841.2,701,1,3,1,7,159,0
TXN007226,487,376.76,186,1,5,0,21,747,0
TXN007227,860,497.78,471,1,3,0,0,261,0
TXN007228,1936,552.29,956,2,10,1,7,614,0
TXN007229,148,8162.26,309,3,1,0,22,325,0
TXN007230,1360,552.59,982,2,5,1,4,420,0
TXN007231,1358,511.61,246,1,5,1,12,777,0
TXN007232,2859,6765.52,829,0,3,1,12,688,0
TXN007233,2714,745.15,976,1,3,1,23,257,0
TXN007234,90,376.8,384,1,7,0,21,530,0
TXN007235,1358,290.51,42,1,4,2,0,869,0
TXN007236,199,199.5,285,3,1,2,3,334,0
TXN007237,538,2099.43,980,1,8,0,12,274,0
TXN007238,301,125.81,988,2,2,1,19,318,0
TXN007239,724,5517.09,923,0,3,1,16,786,0
TXN007240,1599,982.8,300,1,7,0,9,472,0
TXN007241,1460,649.05,989,3,3,0,16,743,0
TXN007242,68,833.78,901,1,3,1,21,827,0
TXN007243,2507,1911.55,436,2,1,1,16,125,0
TXN007244,1538,624.03,369,0,9,0,23,408,0
TXN007245,398,871.2,874,4,4,1,10,561,0
TXN007246,620,3880.41,486,0,6,0,17,78,0
TXN007247,1585,1662.85,949,2,7,1,2,594,0
TXN007248,1164,244.7,436,2,3,0,18,941,0
TXN007249,730,469.05,806,2,3,0,19,150,0
TXN007250,556,129.32,428,0,6,1,12,129,0
TXN007251,1953,2294.56,181,3,5,1,7,789,0
TXN007252,2829,2608.16,883,3,3,1,2,731,0
TXN007253,1752,357.37,898,1,4,0,0,525,0
TXN007254,2942,17427.82,877,1,2,0,18,694,0
TXN007255,2658,20444.38,694,3,4,0,11,821,0
TXN007256,2796,1127.06,340,0,6,0,19,943,0
TXN007257,2330,421.22,491,3,3,2,1,587,0
TXN007258,2709,1523.19,495,3,8,2,5,234,0
TXN007259,2972,409.43,973,1,8,1,2,190,0
TXN007260,996,3429.05,730,4,5,0,1,642,0
TXN007261,1960,1338.94,163,3,3,0,7,68,0
TXN007262,1602,1459.62,558,0,3,1,7,668,0
TXN007263,2794,9054.34,456,1,3,0,3,670,0
TXN007264,1481,521.74,92,0,3,1,13,948,0
TXN007265,2135,547.42,105,2,6,0,6,886,0
TXN007266,1103,3071.88,719,1,6,1,9,234,0
TXN007267,2839,660.9,439,4,8,1,22,169,0
TXN007268,2352,7514.56,498,2,5,1,3,882,0
TXN007269,1404,3643.12,328,5,6,2,20,620,0
TXN007270,2178,702.3,651,2,4,0,1,880,0
TXN007271,2644,124.73,541,1,2,2,16,116,0
TXN007272,1300,191.96,509,0,8,0,17,721,0
TXN007273,1723,615.16,251,0,5,0,13,993,0
TXN007274,2606,1782.29,965,0,4,1,18,279,0
TXN007275,899,4116.39,191,0,8,1,21,179,0
TXN007276,1207,844.93,47,0,2,0,4,93,1
TXN007277,1536,377.41,879,1,3,0,18,981,0
TXN007278,78,926.22,251,2,4,0,15,570,0
TXN007279,2832,1123.77,775,2,5,1,3,206,0
TXN007280,2722,5249.74,885,1,7,1,21,566,0
TXN007281,1533,4911.37,64,2,4,0,19,426,0
TXN007282,238,329.55,850,0,5,1,5,3,0
TXN007283,1158,1891.09,320,1,5,1,19,742,0
TXN007284,1997,393.62,860,1,4,1,3,14,0
TXN007285,1216,407.19,780,2,6,1,0,248,0
TXN007286,278,3813.91,524,0,3,1,1,871,0
TXN007287,524,863.36,292,3,3,2,2,481,0
TXN007288,180,2363.35,29,0,5,0,12,418,0
TXN007289,123,2083.24,651,0,7,0,10,323,0
TXN007290,1270,996.87,437,2,3,3,17,272,0
TXN007291,1758,1635.31,966,0,3,0,5,104,0
TXN007292,1095,1400.56,597,1,8,1,21,231,0
TXN007293,480,275.74,586,1,6,0,11,836,0
TXN007294,1798,1968.03,763,3,6,1,10,690,0
TXN007295,2132,470.03,736,2,1,0,10,713,0
TXN007296,2613,304.02,47,0,6,1,2,947,0
TXN007297,2667,3058.17,417,1,5,0,13,648,0
TXN007298,2405,539.38,593,3,3,2,20,235,0
TXN007299,816,4158.15,451,1,6,0,16,771,0
TXN007300,2695,4097.09,633,0,4,1,2,993,0
TXN007301,443,618.87,555,3,9,0,20,883,0
TXN007302,2571,3952.13,658,3,6,1,22,617,0
TXN007303,143,687.33,74,2,4,0,9,358,1
TXN007304,192,1010.23,53,2,9,0,1,964,0
TXN007305,1411,1983.35,233,0,3,2,10,536,0
TXN007306,378,12673.59,807,1,5,0,2,438,0
TXN007307,2629,3391.67,875,0,5,1,23,377,1
TXN007308,535,1023.16,200,3,8,0,15,322,0
TXN007309,1717,1241.36,674,1,8,0,14,566,0
TXN007310,1033,164.06,549,2,9,1,18,39,0
TXN007311,1411,3661.99,937,1,5,1,14,385,0
TXN007312,2141,3218.93,97,1,5,1,11,635,0
TXN007313,1990,1541.01,49,0,4,0,5,252,0
TXN007314,2577,2594.91,896,0,11,0,22,747,0
TXN007315,1178,96.52,522,1,5,0,0,980,0
TXN007316,405,299.43,40,0,2,0,0,153,0
TXN007317,2888,9525.89,914,0,6,1,5,350,0
TXN007318,1173,804.91,153,1,4,1,19,619,0
TXN007319,889,2721.45,106,1,4,1,6,617,0
TXN007320,422,447.66,553,3,1,1,1,37,0
TXN007321,1642,645.1,676,4,5,0,16,184,0
TXN007322,472,10153.96,770,0,5,1,4,955,0
TXN007323,2941,907.83,211,0,3,1,19,506,0
TXN007324,547,2055.5,202,4,5,1,6,266,0
TXN007325,631,1282.47,433,1,6,1,7,651,0
TXN007326,1038,1473.95,707,1,1,1,10,141,0
TXN007327,2826,1414.7,565,1,2,2,16,251,0
TXN007328,1830,102.19,147,3,10,0,15,973,0
TXN007329,364,1943.95,499,0,3,1,7,101,0
TXN007330,2167,575.27,282,2,5,0,13,227,0
TXN007331,546,9278.74,310,1,3,0,22,720,0
TXN007332,2570,433.91,755,2,6,1,21,35,0
TXN007333,634,622.71,51,0,4,0,0,817,0
TXN007334,1937,20647.24,495,0,4,0,0,890,0
TXN007335,1681,2612.56,409,1,11,2,0,182,0
TXN007336,963,336.94,626,1,7,1,12,250,0
TXN007337,883,1355.19,273,1,3,0,13,435,0
TXN007338,2828,253.54,458,0,5,2,0,879,0
TXN007339,871,1493.84,120,1,2,2,20,270,0
TXN007340,516,417.69,701,5,5,1,22,705,0
TXN007341,2986,10278.59,46,3,3,0,6,900,0
TXN007342,1421,1817.22,243,0,3,1,23,120,0
TXN007343,866,2065.37,311,4,1,1,11,247,0
TXN007344,2154,3427.89,562,5,5,0,12,230,0
TXN007345,1109,3920.4,331,1,6,1,22,193,0
TXN007346,214,479.68,11,0,2,1,3,799,0
TXN007347,2898,1229.01,908,3,5,2,1,321,0
TXN007348,2245,642.54,424,1,7,1,5,478,0
TXN007349,19,13533.02,48,2,1,1,10,546,0
TXN007350,642,70.65,377,3,4,2,0,441,0
TXN007351,1105,549.97,568,4,4,1,20,9,0
TXN007352,330,996.3,8,1,5,1,11,141,0
TXN007353,866,1292.49,984,2,10,0,6,877,0
TXN007354,774,1261.2,526,2,4,0,6,268,0
TXN007355,392,1037.55,727,3,5,0,6,112,0
TXN007356,637,902.44,370,0,4,1,18,713,0
TXN007357,2355,1464.92,440,3,4,2,15,158,0
TXN007358,2943,1907.99,757,4,8,2,18,435,0
TXN007359,2700,9403.63,566,0,10,0,13,600,0
TXN007360,2889,9304.3,484,1,8,1,17,953,0
TXN007361,1026,1573.72,273,4,7,1,23,253,0
TXN007362,2568,605.22,941,2,6,0,9,378,0
TXN007363,1675,658.22,901,0,4,1,11,191,0
TXN007364,2684,226.58,131,1,1,2,1,528,0
TXN007365,740,3442.25,521,2,6,0,8,4,0
TXN007366,1546,1039.32,724,2,3,0,8,606,0
TXN007367,469,1853.28,634,2,5,0,4,276,0
TXN007368,2260,1636.8,114,4,8,0,21,766,0
TXN007369,1136,474.78,532,1,4,1,17,239,0
TXN007370,1032,409.4,499,1,6,1,22,602,0
TXN007371,2852,636.83,339,4,8,0,11,481,0
TXN007372,2525,1964.26,21,1,6,0,6,783,0
TXN007373,874,995.35,720,0,9,0,11,488,0
TXN007374,460,131.85,33,3,3,0,4,783,0
TXN007375,2301,320.87,133,2,7,0,5,550,0
TXN007376,1550,795.65,920,1,4,0,1,676,0
TXN007377,752,1057.34,703,0,1,1,3,81,0
TXN007378,1462,2035.66,975,1,4,3,22,51,0
TXN007379,1778,1149.54,26,0,8,0,21,855,0
TXN007380,854,709.63,364,3,2,3,6,226,0
TXN007381,2284,680.96,601,3,5,1,8,921,0
TXN007382,1330,1396.54,92,4,4,1,17,611,1
TXN007383,478,1811.04,545,0,7,1,11,102,0
TXN007384,2727,738.22,238,1,5,1,18,133,0
TXN007385,2264,300.9,18,2,9,2,2,75,0
TXN007386,2903,974.26,274,1,5,0,2,974,0
TXN007387,135,502.79,934,4,0,1,10,259,0
TXN007388,2953,1548.58,289,2,6,0,7,564,0
TXN007389,1153,6482.73,27,2,6,3,1,728,0
TXN007390,410,216.62,817,2,8,4,9,289,0
TXN007391,1446,4362.65,434,0,6,1,2,91,0
TXN007392,1318,1925.32,911,3,5,1,10,281,0
TXN007393,1270,4119.18,108,2,7,0,15,404,0
TXN007394,1580,650.09,973,2,3,2,18,676,0
TXN007395,86,193.4,948,1,3,0,17,139,0
TXN007396,2604,1360.54,738,0,5,3,8,946,0
TXN007397,1866,5881.82,324,3,4,2,4,296,0
TXN007398,1470,307.16,867,2,4,0,15,589,0
TXN007399,378,367.83,531,2,5,2,7,913,0
TXN007400,1681,2218.62,735,1,8,2,2,755,0
TXN007401,1075,593.09,793,3,6,2,22,880,0
TXN007402,242,8097.43,104,1,2,0,4,958,0
TXN007403,920,2398.24,844,0,8,1,13,295,0
TXN007404,1587,462.63,332,1,5,0,12,262,0
TXN007405,2314,556.92,362,5,9,0,11,57,0
TXN007406,2760,583.98,921,1,5,3,5,778,0
TXN007407,1272,1041.58,289,2,10,1,17,601,0
TXN007408,70,1580.26,444,1,4,1,2,901,0
TXN007409,2105,1447.68,37,1,7,0,4,700,0
TXN007410,1406,284.39,348,4,4,0,8,519,0
TXN007411,2087,3236.51,892,0,4,1,4,943,0
TXN007412,2008,774.26,756,3,6,0,6,19,0
TXN007413,801,360.31,43,2,4,1,14,644,0
TXN007414,1042,629.13,126,3,5,1,20,842,0
TXN007415,2780,3704.0,9,1,7,1,14,509,0
TXN007416,825,1378.0,526,1,1,1,17,172,0
TXN007417,756,1530.08,131,0,5,1,18,368,0
TXN007418,2400,269.35,325,1,5,1,6,786,0
TXN007419,1996,1285.21,184,4,6,0,21,431,0
TXN007420,1840,3630.18,282,0,4,0,20,345,0
TXN007421,1322,126.02,895,0,3,2,4,990,0
TXN007422,2331,687.64,53,4,7,0,10,412,0
TXN007423,1610,2316.51,553,2,3,1,15,950,0
TXN007424,110,1325.96,850,0,6,1,15,281,0
TXN007425,1017,322.93,870,1,5,3,2,606,0
TXN007426,1962,1768.55,533,0,3,0,19,131,0
TXN007427,2592,270.18,377,0,4,0,1,713,0
TXN007428,1770,387.2,295,1,4,2,15,755,0
TXN007429,25,439.19,208,1,6,0,20,745,0
TXN007430,843,6988.81,663,1,4,0,8,460,0
TXN007431,2839,147.87,477,0,6,1,17,392,0
TXN007432,738,161.57,970,1,6,0,20,518,0
TXN007433,2105,1540.69,954,4,7,0,16,839,0
TXN007434,180,1243.6,69,3,4,1,3,839,0
TXN007435,232,623.96,843,1,4,0,20,550,0
TXN007436,1918,1114.98,925,1,5,2,6,698,0
TXN007437,343,305.68,830,1,6,1,10,585,0
TXN007438,477,1224.82,437,3,4,1,10,505,0
TXN007439,1823,1410.23,301,1,5,1,1,257,0
TXN007440,2624,4710.93,27,4,1,1,5,596,0
TXN007441,455,10815.51,628,2,7,0,19,592,0
TXN007442,1256,795.41,930,1,4,0,8,946,0
TXN007443,289,237.94,654,2,8,1,21,730,0
TXN007444,1237,1740.57,553,0,1,1,6,173,0
TXN007445,2306,933.96,106,3,7,2,20,588,0
TXN007446,530,885.63,586,2,7,0,6,404,0
TXN007447,2735,158.65,572,4,9,1,7,304,0
TXN007448,2977,1234.4,810,1,3,0,13,831,0
TXN007449,2277,1821.53,634,2,4,0,1,566,0
TXN007450,596,3612.25,947,1,7,0,23,862,0
TXN007451,435,597.9,715,3,7,2,1,407,0
TXN007452,882,407.3,11,5,6,1,23,997,0
TXN007453,1782,592.2,931,2,4,0,1,414,0
TXN007454,402,3362.42,659,0,4,0,19,638,0
TXN007455,2670,5786.77,216,2,8,0,6,975,0
TXN007456,2136,4209.88,886,2,7,0,12,890,0
TXN007457,2632,2385.65,321,0,2,1,22,345,0
TXN007458,1566,1055.09,460,1,1,0,7,576,0
TXN007459,309,1272.17,957,1,4,0,2,509,0
TXN007460,2954,1515.42,815,1,5,0,17,111,0
TXN007461,343,810.34,526,1,4,2,3,697,0
TXN007462,436,3187.58,579,1,5,0,4,868,0
TXN007463,177,150.91,692,2,9,1,1,412,0
TXN007464,139,188.43,877,2,4,0,21,529,0
TXN007465,194,150.59,754,1,6,0,1,625,0
TXN007466,1185,418.79,160,2,4,1,22,718,0
TXN007467,943,5516.12,464,2,9,0,13,764,0
TXN007468,525,263.29,998,5,3,0,6,113,0
TXN007469,1625,275.18,522,0,4,1,13,893,0
TXN007470,2963,407.3,636,0,9,0,20,355,0
TXN007471,2258,4142.34,273,3,3,1,15,827,0
TXN007472,741,6138.56,241,1,4,3,7,274,0
TXN007473,862,3707.33,936,2,5,0,1,649,0
TXN007474,954,3993.61,964,0,4,0,23,949,0
TXN007475,1303,7960.78,959,1,6,0,20,361,0
TXN007476,1275,127.0,655,0,4,1,4,26,0
TXN007477,1744,252.18,865,1,1,0,19,869,0
TXN007478,2881,473.01,167,5,4,2,19,479,0
TXN007479,2188,1241.99,569,0,4,0,15,860,0
TXN007480,792,1237.17,650,1,6,0,9,272,0
TXN007481,546,1260.55,327,0,6,2,14,364,0
TXN007482,1845,2984.13,865,1,4,0,4,560,0
TXN007483,1017,109.79,529,2,5,1,4,878,0
TXN007484,1928,926.67,844,0,4,3,4,855,0
TXN007485,1554,1508.29,273,0,8,1,19,643,0
TXN007486,57,742.03,879,1,6,2,3,485,0
TXN007487,2160,1376.04,376,1,6,0,15,876,0
TXN007488,5,3739.3,912,2,6,1,22,697,0
TXN007489,1438,1181.65,375,3,10,0,14,280,0
TXN007490,1363,14261.83,334,4,7,1,19,5,0
TXN007491,1821,3432.57,3,1,7,1,4,364,0
TXN007492,1283,1509.23,243,1,4,0,23,578,0
TXN007493,2138,2007.16,620,0,3,0,5,319,0
TXN007494,2664,2675.74,51,1,0,0,12,991,0
TXN007495,2939,8287.52,882,3,5,1,0,424,0
TXN007496,2746,4487.93,350,0,7,0,19,414,0
TXN007497,1274,2032.55,174,2,3,0,7,283,0
TXN007498,2946,457.43,116,2,2,1,5,743,0
TXN007499,1132,1804.27,695,3,3,1,6,393,0
TXN007500,668,2196.72,361,2,9,0,19,553,0
TXN007501,2642,2788.96,355,0,5,0,10,669,0
TXN007502,2637,454.56,666,5,10,1,2,613,0
TXN007503,2533,2658.95,759,1,6,1,19,697,0
TXN007504,1282,2865.83,76,1,8,0,18,591,0
TXN007505,2687,256.76,927,2,6,0,0,374,0
TXN007506,997,259.38,756,1,6,0,13,447,0
TXN007507,1927,4194.87,81,1,1,1,17,414,0
TXN007508,282,393.0,229,2,5,0,19,240,0
TXN007509,1228,6941.56,72,0,5,1,13,23,0
TXN007510,2064,784.68,403,2,5,4,5,876,0
TXN007511,936,1740.35,218,2,3,1,21,690,0
TXN007512,254,1641.81,452,3,2,1,18,405,0
TXN007513,1212,465.28,911,1,4,0,0,182,0
TXN007514,329,5817.04,755,1,7,2,5,431,0
TXN007515,2592,785.59,367,0,4,0,16,595,0
TXN007516,2831,1176.79,826,2,1,0,8,846,0
TXN007517,1421,101.64,590,3,7,0,23,258,0
TXN007518,1541,220.6,670,2,3,1,0,190,0
TXN007519,2893,4241.0,560,0,3,1,14,122,0
TXN007520,1193,1089.38,312,1,3,0,16,715,0
TXN007521,1717,543.11,298,1,4,0,23,864,0
TXN007522,2414,553.69,24,3,3,0,17,893,0
TXN007523,1202,2118.16,110,1,6,3,17,825,0
TXN007524,655,4976.32,52,1,5,1,0,176,0
TXN007525,1386,558.87,939,2,3,0,18,137,0
TXN007526,760,4084.82,290,2,5,1,5,542,0
TXN007527,2687,904.98,444,2,5,0,19,98,0
TXN007528,1799,1999.75,467,1,9,0,21,674,0
TXN007529,1064,130.31,259,2,3,2,17,674,0
TXN007530,2972,160.07,324,0,11,0,4,871,0
TXN007531,416,2933.94,651,1,8,0,13,578,0
TXN007532,255,1525.28,909,0,5,1,17,971,0
TXN007533,1167,1780.08,818,0,5,1,18,719,0
TXN007534,1877,300.51,338,0,6,0,17,38,0
TXN007535,2758,660.71,787,1,9,1,6,437,0
TXN007536,2625,147.42,556,1,5,2,5,759,0
TXN007537,900,396.65,929,1,7,0,2,697,0
TXN007538,2059,1066.96,422,1,8,0,5,345,0
TXN007539,26,1625.21,259,1,5,0,2,763,0
TXN007540,421,466.14,625,2,7,1,6,740,0
TXN007541,1245,2127.25,739,0,6,0,19,536,0
TXN007542,1877,1047.4,65,1,4,2,6,15,0
TXN007543,2544,836.21,163,1,6,0,3,320,0
TXN007544,1261,1212.4,164,3,6,1,8,975,0
TXN007545,2285,13623.38,678,3,1,0,20,990,0
TXN007546,1009,903.97,39,0,2,0,7,862,0
TXN007547,219,3438.16,665,2,8,2,13,49,0
TXN007548,1511,2112.32,320,1,6,3,23,752,0
TXN007549,1960,814.2,360,2,7,0,22,707,0
TXN007550,2509,170.66,269,3,3,0,3,642,0
TXN007551,663,516.63,324,2,8,0,4,473,0
TXN007552,2683,1201.9,326,1,4,0,0,775,0
TXN007553,990,967.07,587,3,5,0,14,676,0
TXN007554,189,5197.64,257,1,7,1,14,115,0
TXN007555,255,454.77,200,2,7,1,19,731,0
TXN007556,68,919.5,438,0,3,2,9,647,0
TXN007557,616,2087.32,610,1,6,0,19,585,0
TXN007558,2384,785.43,104,2,5,0,4,122,0
TXN007559,2719,3527.72,372,1,4,0,20,325,0
TXN007560,2869,297.35,905,1,7,1,12,368,0
TXN007561,874,177.02,164,1,11,0,19,862,0
TXN007562,2348,777.66,113,2,4,1,7,119,0
TXN007563,1626,1007.03,615,1,1,1,5,849,0
TXN007564,357,1424.71,549,2,6,2,18,617,0
TXN007565,256,1294.84,106,0,10,1,12,988,0
TXN007566,1008,671.78,699,3,5,2,9,330,0
TXN007567,2401,179.55,364,1,8,0,14,259,0
TXN007568,1756,951.03,21,3,3,0,3,183,0
TXN007569,2572,315.11,660,1,6,1,0,54,0
TXN007570,2998,1193.53,998,2,5,0,19,459,0
TXN007571,2804,290.15,129,1,7,0,22,729,0
TXN007572,284,1728.57,483,2,3,1,3,584,0
TXN007573,99,8115.2,699,0,4,0,5,924,0
TXN007574,197,458.9,796,0,4,0,18,879,0
TXN007575,2530,240.3,199,3,0,0,16,184,0
TXN007576,878,4330.39,747,0,10,1,7,269,0
TXN007577,1869,9139.87,952,2,3,0,2,640,0
TXN007578,2663,245.99,620,2,2,1,8,86,0
TXN007579,2666,982.56,521,0,5,0,10,5,0
TXN007580,1389,1966.69,961,3,6,0,5,118,0
TXN007581,2416,802.47,420,1,2,0,12,353,0
TXN007582,570,134.03,226,1,6,1,3,490,0
TXN007583,2638,211.14,930,0,11,1,3,546,0
TXN007584,1066,239.52,209,1,7,2,16,758,0
TXN007585,422,314.78,245,0,7,1,3,965,0
TXN007586,2884,1217.09,288,1,4,2,19,992,0
TXN007587,1205,4093.99,66,1,5,0,11,589,0
TXN007588,545,215.09,868,0,5,0,15,225,0
TXN007589,71,427.05,153,2,10,2,13,134,0
TXN007590,1224,289.47,491,2,2,2,16,620,0
TXN007591,768,1550.13,435,3,0,1,19,130,0
TXN007592,2355,408.99,703,2,5,0,1,820,0
TXN007593,1707,326.08,218,1,5,2,17,143,0
TXN007594,2425,161.34,429,1,4,0,2,233,0
TXN007595,655,5606.37,502,2,4,0,16,166,0
TXN007596,2726,15176.06,666,4,2,2,10,355,0
TXN007597,2447,1213.19,789,3,1,0,11,937,0
TXN007598,1797,6520.55,594,0,5,0,4,577,0
TXN007599,221,555.41,221,3,7,0,16,755,0
TXN007600,182,1095.45,435,1,5,0,11,421,1
TXN007601,307,2395.93,280,0,2,0,1,707,0
TXN007602,2570,444.91,623,1,4,1,19,294,0
TXN007603,1420,905.65,92,1,1,1,16,741,0
TXN007604,1014,780.97,524,1,7,0,19,522,0
TXN007605,2052,1854.34,139,0,5,1,2,866,0
TXN007606,2911,1181.42,667,0,6,2,0,568,0
TXN007607,848,458.11,23,1,4,2,14,98,0
TXN007608,804,764.28,417,1,5,1,5,314,0
TXN007609,215,4178.44,976,0,5,0,5,266,0
TXN007610,1444,2118.85,732,0,3,1,11,50,0
TXN007611,101,1908.77,348,5,7,0,21,640,0
TXN007612,573,16435.54,237,2,6,1,12,342,0
TXN007613,1333,282.27,765,4,3,0,7,627,0
TXN007614,658,2570.13,934,0,3,1,3,226,0
TXN007615,2987,1171.18,183,0,5,0,12,482,0
TXN007616,1534,1656.69,508,1,9,0,23,425,0
TXN007617,1657,1364.77,198,2,9,3,9,910,0
TXN007618,226,472.57,682,1,2,1,16,985,0
TXN007619,105,316.69,123,2,8,0,9,983,0
TXN007620,1998,1096.41,925,1,5,1,1,873,0
TXN007621,772,428.97,546,1,9,0,15,834,0
TXN007622,429,703.79,381,0,4,1,9,418,0
TXN007623,434,2857.76,825,2,2,0,22,355,0
TXN007624,1231,251.57,515,1,5,0,8,314,0
TXN007625,2730,871.26,6,0,4,0,22,24,0
TXN007626,2636,3887.1,304,2,1,0,6,592,0
TXN007627,866,596.69,614,2,6,0,15,981,0
TXN007628,2794,6395.48,192,2,5,2,1,81,0
TXN007629,2912,170.55,376,2,3,1,5,96,0
TXN007630,2416,9732.84,525,0,4,0,13,398,0
TXN007631,251,1120.56,36,1,3,0,7,860,0
TXN007632,2907,222.66,975,4,3,0,10,225,0
TXN007633,856,2980.4,70,2,2,0,0,711,0
TXN007634,1194,1839.05,289,2,6,0,12,959,0
TXN007635,561,5759.34,105,1,8,0,6,910,0
TXN007636,1470,173.6,716,1,3,1,18,518,0
TXN007637,2342,294.32,313,0,6,0,13,523,0
TXN007638,919,2762.97,55,1,5,0,5,411,0
TXN007639,1174,23375.49,107,3,4,3,20,822,0
TXN007640,433,2187.03,653,3,6,2,18,90,0
TXN007641,2107,2633.59,737,3,7,0,23,437,0
TXN007642,969,439.87,307,1,4,0,23,738,0
TXN007643,836,881.64,860,2,9,0,2,281,0
TXN007644,2247,521.23,821,1,4,2,16,932,0
TXN007645,2263,2003.82,36,2,7,0,6,914,0
TXN007646,898,3345.7,133,1,4,1,8,92,0
TXN007647,472,1370.4,887,0,3,1,0,312,0
TXN007648,247,2848.44,25,1,1,1,18,10,0
TXN007649,2430,1059.45,849,2,5,2,19,868,0
TXN007650,991,5375.39,37,3,2,0,5,947,0
TXN007651,927,390.0,19,4,0,0,9,755,0
TXN007652,1192,5997.65,35,3,6,0,11,746,0
TXN007653,2608,464.35,363,0,5,1,7,250,0
TXN007654,1075,1118.41,418,2,5,1,5,550,0
TXN007655,1835,261.61,822,2,2,0,18,874,0
TXN007656,689,2012.56,430,0,7,0,2,623,0
TXN007657,2428,1284.06,518,1,3,0,17,634,0
TXN007658,2522,2660.78,467,1,3,0,17,201,0
TXN007659,2745,136.93,897,1,8,1,9,359,0
TXN007660,1485,1287.72,199,1,1,2,14,533,0
TXN007661,2959,1779.66,546,2,3,0,15,858,0
TXN007662,960,334.86,568,2,5,0,7,867,0
TXN007663,478,2078.95,768,0,3,0,10,378,0
TXN007664,2974,69.64,211,2,6,2,6,417,0
TXN007665,707,940.8,609,0,6,1,12,153,0
TXN007666,2902,5972.94,794,2,8,1,21,451,0
TXN007667,1138,931.09,501,1,3,0,11,787,0
TXN007668,754,462.72,241,1,8,1,15,716,0
TXN007669,2551,1014.78,170,3,1,0,14,824,0
TXN007670,1660,1235.05,859,0,5,1,10,862,0
TXN007671,2865,3215.13,294,1,3,0,20,482,0
TXN007672,588,1281.6,922,0,3,0,2,432,0
TXN007673,1335,2736.5,739,0,4,2,4,169,0
TXN007674,1493,1224.71,315,5,6,0,22,692,0
TXN007675,1848,446.22,127,2,3,0,19,392,0
TXN007676,2756,203.93,468,2,7,2,4,490,0
TXN007677,207,1713.03,792,1,12,0,20,303,0
TXN007678,2199,56.52,367,0,4,2,1,718,0
TXN007679,2716,131.86,21,0,8,1,1,459,0
TXN007680,2576,204.87,316,4,5,2,16,109,0
TXN007681,165,2585.17,758,1,1,0,16,424,0
TXN007682,2965,183.51,90,4,2,0,17,557,0
TXN007683,1999,1927.86,404,2,7,0,12,108,0
TXN007684,2085,317.87,518,2,2,0,22,317,0
TXN007685,333,919.86,451,2,1,1,4,439,0
TXN007686,403,1017.27,778,3,4,1,20,584,0
TXN007687,414,903.48,908,2,4,1,16,44,0
TXN007688,45,504.73,609,1,7,0,23,505,0
TXN007689,2254,167.39,150,2,6,1,16,915,0
TXN007690,62,1132.52,446,3,8,2,15,85,0
TXN007691,2468,2141.34,957,2,4,0,13,851,0
TXN007692,868,2477.61,80,3,6,1,15,353,0
TXN007693,1492,1209.72,17,0,1,1,20,255,0
TXN007694,2868,1493.87,138,4,1,1,10,790,0
TXN007695,19,434.71,652,1,4,1,23,63,0
TXN007696,365,1880.63,851,1,6,1,17,888,0
TXN007697,2476,1799.39,508,1,6,1,5,378,0
TXN007698,1141,767.11,552,3,5,0,3,899,0
TXN007699,580,1161.77,919,0,2,1,5,998,0
TXN007700,546,1061.93,680,3,6,0,1,329,0
TXN007701,1730,1896.66,74,2,7,1,13,351,0
TXN007702,2373,171.98,74,1,5,1,22,882,0
TXN007703,55,167.93,50,2,1,0,16,688,0
TXN007704,778,178.72,10,2,6,1,17,667,0
TXN007705,42,643.09,103,3,1,0,5,916,0
TXN007706,1321,1893.85,862,3,7,1,4,690,0
TXN007707,231,74.06,388,2,4,0,21,139,0
TXN007708,453,1227.59,385,0,5,0,16,229,0
TXN007709,2442,4593.97,299,1,2,0,15,273,0
TXN007710,1546,1522.0,339,1,7,0,16,946,0
TXN007711,1382,97.25,389,5,10,0,21,668,0
TXN007712,1468,2049.35,990,2,7,0,10,494,0
TXN007713,1152,1466.65,474,5,3,0,12,562,0
TXN007714,2739,726.93,616,2,6,1,2,387,0
TXN007715,2440,1363.94,802,2,9,1,22,195,0
TXN007716,1217,205.4,962,3,7,0,10,982,0
TXN007717,2652,1165.83,792,2,3,0,19,272,0
TXN007718,881,1947.52,142,1,5,1,9,394,0
TXN007719,85,477.46,809,1,9,0,14,822,0
TXN007720,1054,623.29,170,1,9,0,6,578,0
TXN007721,49,554.93,13,3,7,1,20,433,0
TXN007722,1169,619.96,669,0,4,0,6,174,0
TXN007723,69,404.98,449,2,5,0,2,621,0
TXN007724,2745,434.95,174,2,2,0,23,972,0
TXN007725,2527,2037.15,674,2,9,1,6,100,0
TXN007726,2868,135.47,959,3,3,0,4,184,0
TXN007727,1702,1365.93,132,1,2,1,18,782,0
TXN007728,1599,2032.4,540,0,3,0,9,233,0
TXN007729,2195,216.32,595,1,5,0,20,528,0
TXN007730,1870,1000.37,897,2,2,1,16,75,0
TXN007731,1016,365.09,932,1,4,0,13,255,0
TXN007732,2657,4288.08,875,1,2,1,23,382,0
TXN007733,446,856.83,269,2,2,1,5,551,0
TXN007734,2269,6423.65,251,4,4,1,19,700,0
TXN007735,1402,5360.07,370,1,8,1,15,553,0
TXN007736,2143,1585.72,618,0,3,0,3,663,0
TXN007737,262,14346.33,773,1,6,2,0,797,0
TXN007738,1849,165.77,865,3,9,1,10,11,0
TXN007739,897,6213.63,526,3,4,2,16,138,0
TXN007740,1095,794.98,592,1,2,0,7,997,0
TXN007741,2267,941.97,888,3,6,2,21,192,0
TXN007742,1557,630.51,506,2,6,2,3,492,0
TXN007743,92,192.47,672,1,3,1,2,272,0
TXN007744,127,2172.24,178,2,8,1,16,783,0
TXN007745,80,247.43,667,0,7,0,8,440,0
TXN007746,1848,539.59,547,3,4,0,18,831,0
TXN007747,983,569.02,259,3,3,1,13,537,0
TXN007748,916,3621.67,260,1,8,0,6,930,0
TXN007749,2534,1003.84,135,2,4,2,3,580,0
TXN007750,694,58.41,461,2,8,0,7,716,0
TXN007751,25,372.84,489,1,7,0,7,592,0
TXN007752,156,168.25,643,1,3,0,4,342,0
TXN007753,2680,2004.16,81,4,6,2,13,58,0
TXN007754,1813,265.21,367,5,6,2,9,774,0
TXN007755,1554,530.06,59,1,4,0,18,33,0
TXN007756,1967,8958.91,74,1,8,2,20,659,0
TXN007757,1734,2354.61,239,2,7,0,17,783,0
TXN007758,1081,271.1,129,0,3,0,21,348,0
TXN007759,1629,2951.47,412,3,5,0,11,336,0
TXN007760,19,463.41,315,1,4,0,11,167,0
TXN007761,1408,2942.63,374,0,7,1,14,373,0
TXN007762,1217,668.61,437,0,6,0,22,300,0
TXN007763,2285,346.53,138,3,3,2,21,116,0
TXN007764,1411,309.77,455,1,1,0,8,316,0
TXN007765,277,1548.67,615,1,5,2,10,558,0
TXN007766,745,3280.09,899,0,5,1,20,583,0
TXN007767,552,1714.51,903,0,5,2,10,365,0
TXN007768,1177,652.51,9,1,6,0,7,345,0
TXN007769,639,126.87,232,1,2,2,8,420,0
TXN007770,237,509.17,611,2,5,0,15,716,0
TXN007771,998,244.1,730,3,1,0,14,930,0
TXN007772,2103,5666.25,965,0,3,0,11,740,0
TXN007773,2004,679.81,397,0,5,1,9,636,0
TXN007774,1460,1572.55,749,3,3,1,5,579,0
TXN007775,2732,726.05,734,2,7,1,4,499,0
TXN007776,2157,1836.51,680,1,4,1,19,442,0
TXN007777,1208,2596.21,882,5,4,0,2,489,0
TXN007778,1392,17928.48,574,0,5,0,6,880,0
TXN007779,2007,634.53,318,0,6,0,9,268,0
TXN007780,1222,3834.24,999,4,2,0,10,169,0
TXN007781,1395,1530.73,507,0,3,0,1,254,0
TXN007782,373,547.99,522,1,4,2,18,879,0
TXN007783,1521,596.99,746,1,8,0,2,276,0
TXN007784,2249,1929.63,87,0,7,0,12,665,0
TXN007785,849,768.22,779,0,8,0,1,861,0
TXN007786,2557,1243.79,716,1,5,0,17,94,0
TXN007787,1346,2434.69,318,1,7,1,20,220,0
TXN007788,2323,21902.65,333,0,4,0,23,147,0
TXN007789,2259,1140.23,360,3,4,3,12,49,0
TXN007790,504,283.21,241,2,8,0,1,898,0
TXN007791,703,1767.97,56,1,8,0,21,21,0
TXN007792,2090,613.49,110,2,5,0,21,379,0
TXN007793,315,10639.51,49,2,4,0,14,959,0
TXN007794,2836,603.93,755,1,8,1,15,909,0
TXN007795,2377,1121.11,16,3,4,1,15,48,0
TXN007796,1041,2315.77,73,2,6,0,17,125,0
TXN007797,283,1977.45,884,2,4,1,0,937,0
TXN007798,2991,5815.2,202,5,6,0,4,462,0
TXN007799,258,2443.0,93,2,6,2,11,159,0
TXN007800,575,18242.99,649,3,6,0,2,721,0
TXN007801,574,1880.68,33,2,8,2,2,844,0
TXN007802,2660,5213.07,600,0,4,1,20,365,0
TXN007803,1043,624.47,419,3,5,2,8,884,0
TXN007804,1553,11728.63,203,0,3,0,11,592,0
TXN007805,2885,722.53,551,1,6,0,5,151,0
TXN007806,423,6523.98,626,3,6,1,2,848,0
TXN007807,1490,3198.07,845,0,9,1,7,981,0
TXN007808,1397,1187.97,759,0,3,0,23,45,0
TXN007809,758,6599.87,855,0,3,0,17,678,0
TXN007810,2811,1080.97,921,1,9,0,1,108,0
TXN007811,1105,5665.0,882,2,5,1,23,203,0
TXN007812,1575,1726.17,720,1,3,1,2,268,0
TXN007813,2472,697.39,312,3,7,0,1,858,0
TXN007814,429,1610.53,944,2,5,0,4,218,0
TXN007815,2022,1142.44,469,4,3,1,9,994,0
TXN007816,204,644.83,394,3,9,1,10,912,0
TXN007817,2244,1450.38,809,1,4,0,19,271,0
TXN007818,2776,1780.1,872,2,2,1,15,582,0
TXN007819,2333,57.66,211,3,7,0,12,138,0
TXN007820,1993,2001.47,867,0,4,0,9,368,0
TXN007821,2244,2668.64,571,0,6,0,18,302,0
TXN007822,307,6260.25,156,1,1,0,18,851,0
TXN007823,1688,248.84,634,2,3,1,6,134,0
TXN007824,14,323.43,632,0,8,2,23,610,0
TXN007825,1861,1409.69,809,0,7,1,2,11,0
TXN007826,1962,466.14,322,4,3,0,11,387,0
TXN007827,1081,263.04,435,1,0,4,10,396,0
TXN007828,723,667.75,574,2,3,0,4,801,0
TXN007829,780,712.1,670,2,10,1,11,671,0
TXN007830,1234,324.15,40,0,0,0,1,424,0
TXN007831,529,321.57,754,0,6,1,15,439,0
TXN007832,798,948.06,40,0,2,1,8,154,0
TXN007833,344,192.8,453,1,3,0,19,993,0
TXN007834,1303,189.11,870,1,9,0,4,106,0
TXN007835,209,1194.89,190,2,1,1,11,73,1
TXN007836,641,6679.32,746,1,5,1,17,745,0
TXN007837,1312,2642.95,15,1,9,2,15,371,1
TXN007838,2300,4755.91,124,1,2,1,4,478,0
TXN007839,2319,125.7,740,2,3,2,17,519,0
TXN007840,1948,202.29,899,1,3,0,22,778,0
TXN007841,920,1110.74,280,0,4,1,18,680,0
TXN007842,1724,2991.31,937,0,8,0,18,274,0
TXN007843,2045,2358.2,959,3,5,0,10,938,0
TXN007844,419,218.55,48,1,4,0,18,337,0
TXN007845,1750,4284.88,189,2,6,0,22,284,0
TXN007846,2843,994.64,304,1,8,2,12,903,0
TXN007847,1389,2788.54,559,4,8,1,4,282,0
TXN007848,1100,530.55,696,3,4,0,3,14,0
TXN007849,2773,172.0,105,2,8,0,20,579,0
TXN007850,2481,3026.05,369,0,5,0,6,624,0
TXN007851,2157,1926.72,501,1,2,2,2,33,0
TXN007852,2689,245.98,460,2,7,1,18,136,0
TXN007853,1546,491.86,247,2,2,2,22,353,0
TXN007854,1071,2498.15,264,1,7,0,16,679,0
TXN007855,2427,1404.23,206,1,7,0,12,427,0
TXN007856,1851,2002.26,507,0,6,0,17,413,0
TXN007857,1120,584.51,530,2,7,1,7,264,0
TXN007858,958,6049.63,364,3,10,0,21,421,0
TXN007859,103,959.7,763,2,4,0,8,280,0
TXN007860,2940,64.01,750,1,3,0,20,628,0
TXN007861,2902,1246.79,340,1,5,0,22,500,0
TXN007862,1170,2266.36,407,0,6,0,9,654,0
TXN007863,1904,1566.33,453,1,4,1,7,253,0
TXN007864,1756,657.23,833,2,2,0,23,333,0
TXN007865,2578,105.17,877,0,8,0,7,881,0
TXN007866,679,502.72,814,1,5,0,16,966,0
TXN007867,1969,563.03,578,1,7,0,16,813,0
TXN007868,989,497.19,848,1,7,1,8,839,0
TXN007869,1106,2285.54,965,1,4,1,20,620,0
TXN007870,2476,735.02,150,4,5,1,7,366,0
TXN007871,1608,5756.07,193,3,3,0,0,341,0
TXN007872,2870,836.59,908,2,5,0,15,707,0
TXN007873,1503,4717.63,147,1,4,0,8,38,0
TXN007874,1790,1418.5,406,2,3,0,19,504,0
TXN007875,1186,1505.04,183,1,4,1,22,854,0
TXN007876,932,483.26,106,0,4,1,17,461,0
TXN007877,1426,216.86,236,2,5,0,5,692,0
TXN007878,1062,1004.26,638,1,7,1,8,826,0
TXN007879,1979,8301.7,958,1,6,0,13,292,0
TXN007880,2559,632.43,179,3,3,0,15,543,0
TXN007881,2441,522.78,432,0,5,0,11,541,0
TXN007882,2043,892.21,401,0,0,0,18,654,0
TXN007883,2761,9152.9,525,3,7,1,7,121,0
TXN007884,2542,2819.53,743,0,7,1,4,41,0
TXN007885,1279,4708.46,540,0,6,1,15,910,0
TXN007886,1203,101.86,891,2,6,2,8,691,0
TXN007887,2595,407.66,323,3,6,1,6,825,0
TXN007888,594,425.0,261,0,9,3,8,5,0
TXN007889,2437,4286.84,612,0,6,0,16,258,0
TXN007890,1422,2420.81,700,2,8,0,15,82,0
TXN007891,2206,3893.52,399,0,1,2,3,529,0
TXN007892,1028,115.5,337,2,9,0,17,757,0
TXN007893,2215,4156.4,300,3,5,0,20,888,0
TXN007894,960,2419.2,119,0,7,2,17,190,0
TXN007895,2457,361.8,558,0,5,0,18,697,0
TXN007896,2242,865.83,413,5,10,1,4,808,0
TXN007897,2283,375.29,580,2,8,0,4,390,0
TXN007898,2766,976.59,384,2,5,2,3,476,0
TXN007899,1174,1880.38,480,3,7,0,5,915,0
TXN007900,816,5913.92,305,1,7,1,8,860,0
TXN007901,404,355.21,683,2,6,0,14,304,0
TXN007902,893,624.49,870,1,1,0,23,922,0
TXN007903,2726,291.92,196,4,7,3,5,324,0
TXN007904,68,2751.43,333,2,1,1,23,367,0
TXN007905,88,165.55,20,1,3,2,11,303,0
TXN007906,2265,1356.17,623,3,7,0,13,736,0
TXN007907,2049,251.91,658,1,7,1,16,336,0
TXN007908,1159,1158.61,704,1,7,1,11,518,0
TXN007909,1721,4390.04,433,2,3,2,20,242,0
TXN007910,1375,593.77,883,2,6,1,8,659,0
TXN007911,2188,1429.45,426,5,5,1,7,528,0
TXN007912,2666,375.48,229,2,6,0,21,240,0
TXN007913,2181,958.23,524,3,4,0,13,855,0
TXN007914,1644,169.11,217,2,4,0,9,755,0
TXN007915,178,2563.83,990,0,4,1,11,552,0
TXN007916,2858,666.1,591,2,5,2,12,487,0
TXN007917,1382,853.55,375,1,5,1,11,394,0
TXN007918,2428,1191.59,36,1,7,1,23,405,0
TXN007919,908,103.53,776,1,8,2,14,977,0
TXN007920,2706,477.86,28,2,1,1,11,635,0
TXN007921,2498,1289.86,372,2,5,0,3,83,0
TXN007922,586,905.15,86,4,5,0,14,745,0
TXN007923,2511,14955.2,188,1,5,0,8,155,0
TXN007924,990,4966.45,305,3,5,0,17,531,0
TXN007925,1132,1296.62,766,3,5,0,7,142,0
TXN007926,2170,321.5,422,0,2,1,23,125,0
TXN007927,2065,605.51,80,2,6,1,1,439,0
TXN007928,1220,2415.74,186,1,6,0,14,324,0
TXN007929,2375,1202.24,5,0,3,1,15,732,0
TXN007930,318,5071.16,558,2,3,1,21,969,0
TXN007931,2857,1190.88,866,1,4,0,8,418,0
TXN007932,1503,1260.17,497,0,2,2,15,920,0
TXN007933,2035,7700.61,509,1,5,0,17,688,0
TXN007934,2043,294.16,614,0,7,0,20,472,0
TXN007935,503,8783.49,971,2,5,0,2,839,0
TXN007936,2023,2761.58,2,1,5,1,16,119,0
TXN007937,119,53239.95,217,4,7,0,22,857,0
TXN007938,710,472.62,537,2,3,0,4,755,0
TXN007939,45,7748.73,257,2,4,0,3,615,0
TXN007940,314,1287.74,735,0,4,2,9,804,0
TXN007941,418,877.69,453,1,6,5,19,500,0
TXN007942,2604,1581.11,424,1,6,0,10,338,0
TXN007943,1102,1274.43,324,1,7,0,5,444,0
TXN007944,326,430.65,499,3,5,0,20,521,0
TXN007945,1440,936.39,581,0,2,2,12,402,0
TXN007946,1987,1585.3,197,2,5,0,19,749,0
TXN007947,2563,658.4,504,3,2,0,22,409,0
TXN007948,2262,2097.56,272,2,8,2,23,443,0
TXN007949,74,768.92,694,0,7,1,17,957,0
TXN007950,1603,1900.77,959,0,4,2,13,500,0
TXN007951,509,1644.61,18,2,4,2,5,876,0
TXN007952,2380,1884.84,107,1,10,0,3,463,0
TXN007953,688,217.36,529,0,6,1,3,583,0
TXN007954,657,4090.81,125,1,6,1,1,359,0
TXN007955,1543,387.9,483,1,8,1,22,392,0
TXN007956,1293,877.41,594,1,10,0,21,263,0
TXN007957,1400,505.22,4,0,12,0,12,400,0
TXN007958,2648,1194.66,627,1,8,0,11,599,0
TXN007959,1553,959.73,351,0,8,0,21,562,0
TXN007960,1076,2395.7,351,1,3,1,2,744,0
TXN007961,325,1155.93,649,0,8,0,7,464,0
TXN007962,992,685.38,799,2,1,0,7,421,0
TXN007963,1994,126.86,901,1,3,3,20,547,0
TXN007964,717,3169.05,228,1,5,0,23,724,0
TXN007965,2771,2040.69,16,0,6,0,21,624,0
TXN007966,277,3328.07,810,2,6,1,7,409,0
TXN007967,2584,877.9,425,1,4,0,8,684,0
TXN007968,152,1682.98,464,3,3,0,12,946,0
TXN007969,955,500.66,724,1,3,0,0,976,0
TXN007970,1507,448.65,246,0,4,1,12,766,0
TXN007971,259,780.3,798,2,4,0,15,344,0
TXN007972,2372,3314.85,794,1,8,0,10,103,0
TXN007973,869,788.61,177,4,1,1,13,227,0
TXN007974,1192,1027.72,543,2,2,0,11,104,0
TXN007975,688,1466.94,509,2,6,1,6,883,0
TXN007976,310,1130.5,562,1,1,0,4,964,0
TXN007977,2851,3704.13,655,1,7,0,0,269,0
TXN007978,1503,446.89,564,2,3,2,18,237,0
TXN007979,2668,1236.07,233,2,6,3,19,208,0
TXN007980,473,1937.34,678,3,3,0,18,845,0
TXN007981,2509,152.82,38,3,3,1,18,131,0
TXN007982,814,1509.09,491,2,1,0,8,841,0
TXN007983,846,5488.6,444,2,5,0,0,363,0
TXN007984,1165,720.12,20,4,3,0,6,983,0
TXN007985,667,298.26,611,1,3,1,19,792,0
TXN007986,2310,1920.69,727,2,5,0,9,59,0
TXN007987,1809,1360.2,556,1,8,0,4,567,0
TXN007988,1444,6815.37,111,2,3,0,19,22,0
TXN007989,1768,1854.19,487,2,2,0,3,28,0
TXN007990,1265,353.45,89,1,5,2,19,740,0
TXN007991,355,334.79,319,2,5,2,16,336,0
TXN007992,1873,3077.22,118,1,4,0,1,173,0
TXN007993,2025,1682.93,434,1,7,0,21,155,0
TXN007994,2818,1022.63,918,1,5,1,16,299,0
TXN007995,180,1348.66,239,6,4,1,0,682,0
TXN007996,66,1863.71,72,5,4,0,17,116,0
TXN007997,820,1715.37,822,1,4,0,16,271,0
TXN007998,1372,180.08,905,0,5,0,6,538,0
TXN007999,171,4722.23,399,4,2,0,6,811,0
TXN008000,2522,5117.05,816,2,3,0,4,696,0
TXN008001,2582,9625.34,404,0,7,1,5,294,0
TXN008002,1391,7414.01,675,1,1,1,18,833,0
TXN008003,1131,6045.41,251,0,3,0,15,142,0
TXN008004,2487,777.6,869,0,3,1,3,486,0
TXN008005,835,1574.42,195,3,4,0,13,342,0
TXN008006,227,4448.84,572,1,5,1,22,462,0
TXN008007,442,126.36,610,1,5,0,14,918,0
TXN008008,2444,843.52,930,1,3,0,16,887,0
TXN008009,728,141.68,868,1,5,2,23,614,0
TXN008010,1605,1535.08,867,1,5,2,7,786,0
TXN008011,2132,5008.89,585,3,6,0,2,332,0
TXN008012,1037,1121.65,222,2,7,1,0,54,0
TXN008013,1833,553.87,631,1,5,2,10,955,0
TXN008014,1849,1540.4,182,0,7,1,14,730,0
TXN008015,2741,1798.94,896,0,4,0,16,39,0
TXN008016,493,1957.72,730,1,3,2,4,382,0
TXN008017,1549,255.21,256,4,4,0,11,252,0
TXN008018,1144,1468.77,908,3,6,0,13,11,0
TXN008019,970,1367.86,88,2,2,0,12,43,0
TXN008020,2401,3421.91,873,2,7,0,9,290,0
TXN008021,2088,1001.52,787,1,3,0,5,135,0
TXN008022,640,11720.2,492,5,7,1,21,482,0
TXN008023,173,1210.52,336,1,6,1,23,536,0
TXN008024,1571,617.89,538,0,1,1,1,496,0
TXN008025,259,329.07,407,1,8,0,15,988,0
TXN008026,517,591.92,633,1,4,1,4,481,0
TXN008027,2778,420.4,289,0,4,0,0,354,0
TXN008028,523,909.39,362,0,4,0,22,740,0
TXN008029,1918,8300.51,441,1,9,0,12,907,0
TXN008030,2887,190.34,30,2,5,0,7,932,0
TXN008031,2165,207.08,919,5,4,0,5,66,0
TXN008032,2232,827.52,714,0,8,2,11,301,0
TXN008033,1930,213.68,894,2,2,0,10,514,0
TXN008034,1140,337.54,548,1,2,0,16,532,0
TXN008035,2210,1647.46,637,1,6,1,7,494,0
TXN008036,2591,1029.55,223,0,9,1,13,870,0
TXN008037,839,1856.06,747,3,5,3,13,55,0
TXN008038,1090,2228.91,124,1,5,0,0,165,0
TXN008039,1094,5492.36,982,1,8,0,18,63,0
TXN008040,2495,1728.21,683,2,10,1,18,712,0
TXN008041,2464,4656.3,998,3,4,1,4,290,0
TXN008042,2580,1246.99,962,0,5,1,16,417,0
TXN008043,2489,1752.0,693,0,6,0,21,135,0
TXN008044,2786,1725.07,215,0,11,0,22,517,0
TXN008045,1970,1542.98,118,3,4,5,15,736,0
TXN008046,2512,1403.62,227,0,4,0,11,708,0
TXN008047,2444,9751.54,891,2,3,0,13,445,0
TXN008048,2759,2534.41,444,2,4,0,9,261,0
TXN008049,1575,641.07,549,0,4,0,22,980,0
TXN008050,1581,18253.46,829,3,5,0,10,1,0
TXN008051,2443,697.52,608,2,6,0,6,584,0
TXN008052,2374,1089.77,632,3,6,0,7,172,1
TXN008053,1115,404.74,437,1,2,1,13,133,0
TXN008054,750,2592.91,12,3,6,0,8,72,0
TXN008055,1094,8335.53,122,0,2,0,10,748,0
TXN008056,1190,183.2,547,1,7,1,4,267,0
TXN008057,2690,786.16,489,1,2,1,6,800,0
TXN008058,2262,4187.82,251,0,4,0,7,824,0
TXN008059,1876,307.61,579,1,5,0,7,532,0
TXN008060,1788,2184.75,482,1,10,1,14,441,0
TXN008061,2417,230.04,550,2,5,1,11,767,0
TXN008062,1608,1789.19,280,2,5,1,4,167,0
TXN008063,49,1203.97,742,3,4,0,17,420,0
TXN008064,1076,58753.12,337,2,7,0,18,187,0
TXN008065,1313,2679.44,168,3,2,0,18,486,0
TXN008066,1650,80.89,961,3,4,0,23,283,0
TXN008067,2181,1002.55,953,1,5,0,21,550,0
TXN008068,2834,2948.81,328,0,1,2,17,869,0
TXN008069,1190,667.95,246,3,5,0,9,215,0
TXN008070,1398,634.04,591,4,4,1,4,540,0
TXN008071,2421,672.3,626,0,3,0,6,172,0
TXN008072,1829,2114.54,301,5,6,0,12,329,0
TXN008073,479,243.15,729,3,4,1,7,708,0
TXN008074,832,559.01,200,2,1,2,10,50,0
TXN008075,2698,3787.93,893,2,3,0,7,640,0
TXN008076,1615,611.26,500,6,6,0,6,659,0
TXN008077,682,568.9,864,1,6,1,1,185,0
TXN008078,2736,210.27,754,0,5,1,20,326,0
TXN008079,1324,2380.57,13,3,5,2,11,920,0
TXN008080,82,1827.18,366,2,3,1,20,25,0
TXN008081,87,3522.19,719,3,6,0,3,774,0
TXN008082,2273,957.65,774,1,3,1,0,511,0
TXN008083,2064,1601.89,97,0,6,0,20,973,0
TXN008084,822,1585.8,71,3,6,1,11,300,0
TXN008085,163,198.35,993,2,4,0,19,316,0
TXN008086,2562,18474.27,815,0,10,3,13,884,0
TXN008087,2398,3546.34,861,0,3,2,6,678,0
TXN008088,1933,1205.68,742,1,7,0,9,165,0
TXN008089,2729,837.94,357,3,5,0,11,344,0
TXN008090,1851,5370.87,812,1,3,1,15,727,0
TXN008091,1861,1230.42,544,1,5,2,0,316,0
TXN008092,1116,3282.45,250,2,8,0,0,116,0
TXN008093,2229,548.05,254,1,2,0,12,811,0
TXN008094,2791,383.55,771,2,6,0,15,929,0
TXN008095,2708,903.18,182,2,6,0,20,420,1
TXN008096,1883,1110.64,852,1,7,0,13,250,0
TXN008097,2541,1822.98,974,1,2,0,18,218,0
TXN008098,923,6375.89,988,1,8,2,10,954,0
TXN008099,2176,4164.86,166,0,6,0,15,27,0
TXN008100,1450,5332.67,4,2,5,0,19,994,0
TXN008101,1583,455.26,463,1,10,1,16,58,0
TXN008102,565,769.76,145,1,2,1,3,229,0
TXN008103,2598,3503.77,165,4,4,1,1,24,0
TXN008104,2501,4712.33,344,2,6,1,16,538,0
TXN008105,471,2671.04,998,1,5,0,15,6,0
TXN008106,988,558.21,874,2,4,0,7,506,0
TXN008107,2786,314.21,105,3,5,3,21,732,0
TXN008108,1935,1450.37,548,3,7,1,22,311,0
TXN008109,224,376.13,314,0,3,1,13,766,0
TXN008110,2202,1906.01,169,1,2,0,5,774,0
TXN008111,2608,4918.81,520,1,4,1,18,632,0
TXN008112,351,1375.96,963,2,2,0,6,40,0
TXN008113,1929,228.84,926,0,5,0,5,897,1
TXN008114,349,595.17,598,2,8,1,11,959,0
TXN008115,182,3095.24,436,2,9,0,21,169,0
TXN008116,637,1936.63,609,1,6,1,17,602,0
TXN008117,1018,2131.69,512,1,9,0,12,52,0
TXN008118,2227,9161.41,409,0,2,0,1,366,0
TXN008119,772,1667.17,436,4,5,1,6,311,0
TXN008120,2942,1605.24,315,0,4,1,9,226,0
TXN008121,1016,3065.64,542,0,10,0,7,857,0
TXN008122,2112,268.33,613,3,7,0,6,106,0
TXN008123,29,642.82,579,0,3,1,18,762,0
TXN008124,2420,452.06,900,3,7,0,5,993,0
TXN008125,2145,2406.42,861,0,5,0,4,418,0
TXN008126,1894,363.97,953,3,7,0,15,157,0
TXN008127,1466,2156.28,63,0,7,1,1,885,0
TXN008128,1227,845.46,32,2,2,2,2,249,0
TXN008129,2069,715.24,599,0,1,2,2,917,0
TXN008130,2783,3275.39,211,3,4,0,16,892,0
TXN008131,1126,221.72,463,2,5,0,8,520,0
TXN008132,66,610.07,563,1,6,1,7,370,0
TXN008133,2651,36879.98,575,0,3,0,15,380,0
TXN008134,1135,10102.14,80,1,5,1,4,525,1
TXN008135,338,124.3,343,1,12,1,11,745,0
TXN008136,2171,596.41,232,2,8,0,13,239,0
TXN008137,1729,1182.49,878,1,2,1,15,39,0
TXN008138,447,201.65,613,0,3,0,0,317,0
TXN008139,2659,12352.79,129,1,7,0,19,543,0
TXN008140,2719,1136.26,19,2,8,0,11,317,0
TXN008141,2663,877.34,357,4,4,0,21,194,0
TXN008142,2945,1732.43,419,1,5,0,15,629,0
TXN008143,281,1699.61,959,2,7,1,5,400,0
TXN008144,596,393.38,606,0,2,1,14,539,1
TXN008145,1987,5315.28,81,3,4,0,10,820,0
TXN008146,2751,1332.01,615,1,5,0,23,17,0
TXN008147,1075,5273.74,881,2,1,1,1,573,0
TXN008148,210,549.62,666,1,6,0,22,812,0
TXN008149,126,127.09,781,2,4,1,10,314,0
TXN008150,492,6153.33,118,1,7,0,4,12,0
TXN008151,970,2666.38,854,3,4,1,13,759,0
TXN008152,581,4455.34,494,0,8,1,13,24,0
TXN008153,2825,4796.68,791,1,7,0,9,160,0
TXN008154,2306,1122.31,492,3,4,0,21,662,0
TXN008155,1212,706.05,875,3,6,0,15,73,0
TXN008156,230,982.39,225,0,1,1,10,928,0
TXN008157,189,2125.39,987,0,9,0,21,210,0
TXN008158,2058,1529.12,419,0,6,0,7,919,0
TXN008159,2724,122.12,780,3,5,1,13,998,0
TXN008160,502,951.27,137,0,9,1,9,377,0
TXN008161,2133,5982.99,226,3,5,0,13,144,0
TXN008162,49,1094.91,334,1,4,3,3,28,0
TXN008163,2886,15826.62,229,1,8,3,9,16,0
TXN008164,689,346.11,323,4,2,0,4,563,0
TXN008165,387,1666.09,108,2,10,0,5,835,0
TXN008166,970,336.16,812,0,5,0,23,2,0
TXN008167,1006,392.8,445,3,2,0,10,230,0
TXN008168,2266,397.21,917,3,2,0,3,796,0
TXN008169,1725,15546.89,7,0,0,0,12,814,0
TXN008170,2005,810.32,128,1,4,2,14,998,0
TXN008171,2303,471.93,353,1,9,2,16,70,0
TXN008172,2284,1093.08,995,3,4,0,11,122,0
TXN008173,1608,839.75,267,2,4,0,23,696,0
TXN008174,1790,2903.7,685,2,6,0,19,176,0
TXN008175,271,94.9,928,1,4,0,4,446,0
TXN008176,123,348.79,214,1,9,0,14,468,0
TXN008177,2704,3028.45,247,1,5,1,3,958,0
TXN008178,1281,610.11,618,3,5,1,13,606,0
TXN008179,1445,443.22,595,2,3,1,23,992,0
TXN008180,259,420.04,804,1,4,2,12,454,0
TXN008181,948,2613.31,374,3,4,1,11,319,0
TXN008182,2095,2479.86,421,0,6,0,5,304,0
TXN008183,863,3460.42,715,1,11,0,1,574,0
TXN008184,525,271.72,41,1,6,1,4,53,0
TXN008185,888,253.11,717,0,7,0,5,421,0
TXN008186,208,4293.34,348,2,4,2,6,281,0
TXN008187,2795,1402.69,561,4,4,1,16,127,0
TXN008188,149,529.99,143,0,6,0,19,768,0
TXN008189,438,908.15,141,0,5,0,18,649,0
TXN008190,2203,249.34,565,4,4,0,14,459,0
TXN008191,1722,580.84,107,3,0,0,1,230,0
TXN008192,358,1327.51,33,2,5,0,4,662,0
TXN008193,1241,1678.01,200,4,7,2,11,368,0
TXN008194,1931,987.41,119,0,3,0,21,609,0
TXN008195,456,873.37,800,1,10,3,3,248,0
TXN008196,2824,2643.63,229,4,9,0,8,559,0
TXN008197,1633,971.02,630,3,6,0,14,222,0
TXN008198,629,641.28,688,2,6,1,13,984,0
TXN008199,2880,439.33,964,2,3,1,19,976,0
TXN008200,486,131.48,185,1,5,0,2,587,0
TXN008201,2581,2392.04,830,2,4,0,10,583,0
TXN008202,200,6350.58,850,4,8,0,16,496,0
TXN008203,371,406.75,215,3,1,2,23,905,0
TXN008204,1014,238.87,733,2,5,0,16,657,0
TXN008205,1983,519.43,130,0,4,1,19,305,0
TXN008206,2901,1554.08,845,2,3,1,7,588,0
TXN008207,1472,598.03,272,2,5,0,5,474,0
TXN008208,248,585.68,758,3,6,0,8,713,0
TXN008209,788,992.76,635,1,4,1,15,132,0
TXN008210,2312,1237.65,8,1,4,3,13,169,0
TXN008211,2079,1705.99,403,3,6,0,22,831,0
TXN008212,1522,769.56,928,0,4,2,8,143,0
TXN008213,1273,753.29,579,3,6,0,10,152,0
TXN008214,605,109.25,627,0,5,1,21,496,0
TXN008215,1690,3370.52,369,3,6,0,2,837,0
TXN008216,1418,1484.51,800,3,6,0,0,283,0
TXN008217,1821,6722.91,617,0,9,2,10,590,0
TXN008218,502,2025.02,981,0,11,0,12,285,0
TXN008219,2934,1003.94,537,0,5,1,6,267,0
TXN008220,549,184.34,53,2,6,0,16,293,0
TXN008221,1366,154.39,247,1,5,0,7,222,0
TXN008222,839,3858.44,337,2,9,0,6,209,0
TXN008223,1431,2151.37,281,1,5,1,13,754,0
TXN008224,1449,6364.43,33,3,3,0,18,363,0
TXN008225,848,3352.62,799,2,4,0,16,850,0
TXN008226,614,702.5,548,1,7,0,21,417,0
TXN008227,412,69.4,343,2,4,0,10,98,0
TXN008228,2480,2265.21,891,1,7,1,9,665,0
TXN008229,678,323.98,239,0,5,0,6,43,0
TXN008230,159,879.05,492,2,4,1,19,514,0
TXN008231,2062,1798.19,729,2,7,1,14,88,0
TXN008232,373,514.52,177,3,5,0,1,685,0
TXN008233,2273,407.4,44,1,1,1,15,646,0
TXN008234,1097,758.53,304,1,6,1,22,679,0
TXN008235,2559,94.12,670,2,6,0,17,868,0
TXN008236,603,317.21,269,2,4,1,3,963,0
TXN008237,216,311.76,683,3,3,0,16,327,0
TXN008238,1997,826.32,733,1,1,2,2,888,0
TXN008239,1565,351.92,400,0,5,1,0,598,0
TXN008240,1841,590.53,742,1,6,0,20,94,0
TXN008241,1963,642.93,603,2,6,0,6,76,0
TXN008242,2888,14090.03,922,1,7,2,7,45,0
TXN008243,727,2761.38,971,3,3,1,1,417,0
TXN008244,1245,949.13,431,2,3,1,2,713,0
TXN008245,2602,1879.75,421,1,1,0,18,795,0
TXN008246,1066,3310.52,131,1,4,0,15,966,0
TXN008247,676,1548.94,410,0,3,0,5,277,0
TXN008248,2921,317.14,738,0,4,1,0,619,0
TXN008249,283,930.38,225,4,5,2,11,504,0
TXN008250,1082,339.99,143,0,3,1,23,574,0
TXN008251,2882,738.86,578,2,8,0,18,809,0
TXN008252,2585,906.29,540,1,3,0,13,638,0
TXN008253,1909,3878.08,125,4,8,1,16,144,0
TXN008254,2971,422.87,212,0,4,0,3,494,0
TXN008255,1153,384.11,934,2,1,1,19,493,0
TXN008256,2890,463.9,428,2,6,1,7,746,0
TXN008257,948,528.05,437,1,4,1,9,276,0
TXN008258,665,748.59,592,1,1,0,5,771,0
TXN008259,1718,1628.13,238,2,8,0,3,400,0
TXN008260,1149,427.46,644,1,10,2,14,104,0
TXN008261,67,1258.75,328,0,5,1,2,204,0
TXN008262,2054,1277.55,812,0,6,0,4,978,0
TXN008263,637,2131.14,119,3,4,0,9,473,0
TXN008264,314,851.56,46,0,3,0,11,997,0
TXN008265,565,2976.49,84,1,4,0,11,146,0
TXN008266,1602,1707.59,794,4,8,1,2,88,0
TXN008267,826,1618.11,352,0,6,0,15,660,0
TXN008268,2554,566.33,13,1,3,3,8,158,0
TXN008269,1106,1524.58,637,1,3,0,13,602,0
TXN008270,1026,1673.62,837,0,11,0,13,784,0
TXN008271,2252,535.33,172,0,3,2,7,24,0
TXN008272,662,4596.91,234,2,2,0,18,129,0
TXN008273,805,25545.26,181,1,5,1,16,679,0
TXN008274,2452,498.42,51,3,4,0,4,296,0
TXN008275,536,623.77,781,4,5,2,21,74,0
TXN008276,1392,642.89,681,0,6,1,15,242,0
TXN008277,1236,227.81,395,0,5,1,20,547,0
TXN008278,2625,383.16,933,1,5,2,6,959,0
TXN008279,2811,3067.67,828,0,6,1,11,293,0
TXN008280,1921,993.85,800,3,0,0,22,375,0
TXN008281,2165,10968.9,429,0,3,0,1,653,0
TXN008282,628,775.72,274,2,9,0,7,197,0
TXN008283,749,1807.36,861,0,7,0,13,944,0
TXN008284,105,370.5,207,0,7,0,17,857,0
TXN008285,2543,960.82,148,2,3,2,9,180,0
TXN008286,46,1218.51,300,2,5,0,15,612,0
TXN008287,2871,87.8,932,1,6,0,9,576,0
TXN008288,1355,407.5,453,3,5,1,13,136,0
TXN008289,1240,2352.22,549,4,5,0,19,634,0
TXN008290,982,2206.58,673,1,7,3,22,871,0
TXN008291,960,245.17,978,1,6,1,5,14,0
TXN008292,1516,711.12,383,1,6,2,9,109,0
TXN008293,1837,63.85,787,4,1,1,11,699,0
TXN008294,2893,1092.12,947,1,1,1,17,388,0
TXN008295,2497,4975.89,800,3,2,0,3,871,0
TXN008296,2584,5241.41,618,0,0,0,2,909,0
TXN008297,2559,5022.5,534,4,5,1,11,248,0
TXN008298,1482,2063.92,233,0,3,0,5,770,0
TXN008299,1560,4402.14,634,1,4,0,5,335,0
TXN008300,2588,873.83,129,0,3,0,23,593,0
TXN008301,1508,586.26,822,2,6,2,23,155,1
TXN008302,2064,4310.19,729,5,6,0,4,807,0
TXN008303,2001,1550.22,660,0,3,1,19,145,0
TXN008304,2291,127.19,570,1,5,1,18,833,0
TXN008305,1974,4721.56,931,0,5,0,8,508,0
TXN008306,912,842.34,237,1,7,2,4,889,0
TXN008307,1295,492.48,582,1,3,0,3,894,0
TXN008308,2809,3549.94,966,1,3,2,1,454,0
TXN008309,1803,3019.6,701,1,4,3,5,406,0
TXN008310,2753,347.84,754,1,7,1,14,643,0
TXN008311,1754,908.23,575,0,5,0,14,276,0
TXN008312,115,368.66,485,2,7,3,20,659,0
TXN008313,1604,380.57,241,0,1,2,1,657,0
TXN008314,1323,30.23,957,3,6,0,15,759,0
TXN008315,1861,324.8,697,0,7,1,4,516,0
TXN008316,2445,893.03,771,1,6,0,13,126,0
TXN008317,2442,36.6,741,4,4,1,23,36,0
TXN008318,1099,211.41,223,1,6,2,3,776,0
TXN008319,978,2272.11,99,2,10,0,14,622,0
TXN008320,1506,201.39,759,2,3,0,16,496,0
TXN008321,1127,908.07,557,1,4,2,23,67,0
TXN008322,297,150.8,911,3,2,1,22,212,0
TXN008323,2226,1792.43,273,1,9,0,23,640,0
TXN008324,2363,741.81,399,0,4,0,22,541,0
TXN008325,1063,364.6,517,2,3,3,6,760,0
TXN008326,259,45.91,982,1,9,0,9,391,0
TXN008327,2055,375.16,430,2,2,0,12,592,0
TXN008328,2097,2434.97,523,1,3,0,15,755,0
TXN008329,2209,7044.98,960,0,8,0,0,203,0
TXN008330,1893,842.94,348,3,6,1,5,554,0
TXN008331,176,972.53,910,1,6,0,8,903,0
TXN008332,1001,486.41,551,2,8,1,14,117,0
TXN008333,1919,4794.09,451,0,3,0,6,767,0
TXN008334,2503,821.56,951,1,5,0,20,777,0
TXN008335,1668,3205.02,42,5,4,0,16,794,0
TXN008336,276,1477.12,715,0,4,0,5,97,0
TXN008337,2546,1270.91,94,3,6,1,10,752,1
TXN008338,676,322.37,486,2,5,0,3,658,0
TXN008339,1824,9312.51,517,1,10,0,18,136,0
TXN008340,1052,6368.51,564,2,6,0,20,217,0
TXN008341,1357,16798.33,150,0,2,2,11,285,0
TXN008342,2104,293.16,717,0,7,1,16,294,0
TXN008343,547,1505.43,812,1,6,0,10,484,0
TXN008344,1136,423.28,499,1,6,0,22,409,0
TXN008345,2084,1867.57,371,0,6,0,10,455,0
TXN008346,2041,1557.24,981,2,7,0,18,51,0
TXN008347,439,667.28,699,2,1,1,21,531,0
TXN008348,1753,833.52,485,4,5,2,15,393,0
TXN008349,1616,13479.45,665,0,3,0,6,271,0
TXN008350,1850,932.27,383,1,3,1,10,121,0
TXN008351,2643,78.02,628,0,6,1,19,71,0
TXN008352,1601,576.29,661,1,8,0,6,268,0
TXN008353,1664,294.62,732,1,4,0,9,205,0
TXN008354,307,363.68,192,1,8,1,11,19,0
TXN008355,619,2568.86,745,1,6,1,14,166,1
TXN008356,1133,3194.21,836,0,4,1,12,301,0
TXN008357,1396,398.75,221,3,4,0,15,171,0
TXN008358,2405,566.33,47,2,9,2,23,439,0
TXN008359,2229,474.48,127,2,7,0,9,481,0
TXN008360,1380,6779.95,803,1,8,1,10,318,0
TXN008361,1700,3310.84,727,1,5,1,15,231,0
TXN008362,2116,2470.88,7,1,2,1,8,60,0
TXN008363,2340,317.83,696,1,6,2,22,84,0
TXN008364,2740,141.02,116,1,5,0,0,488,0
TXN008365,181,4800.97,564,0,4,0,12,130,0
TXN008366,2482,10967.59,366,0,7,2,20,40,0
TXN008367,1488,133.24,46,2,7,0,15,382,0
TXN008368,914,16151.76,393,3,5,1,0,366,0
TXN008369,1558,965.63,954,2,3,0,16,333,0
TXN008370,2114,1341.86,23,1,3,2,1,103,0
TXN008371,1045,225.55,131,1,8,0,14,737,0
TXN008372,1636,130.36,127,1,10,1,2,805,0
TXN008373,2432,72.49,445,3,2,2,13,714,0
TXN008374,1639,3778.14,777,2,3,0,2,984,0
TXN008375,1583,992.99,309,3,4,0,19,689,0
TXN008376,2087,1906.34,708,1,3,0,18,118,0
TXN008377,1309,4271.59,433,4,3,1,1,810,0
TXN008378,822,977.54,473,2,1,0,3,811,0
TXN008379,602,8327.84,966,0,3,1,5,986,0
TXN008380,1621,407.28,48,4,4,2,0,863,0
TXN008381,785,664.39,891,2,5,2,5,190,0
TXN008382,1212,371.15,82,1,5,0,20,75,0
TXN008383,671,2988.74,109,0,3,1,7,570,0
TXN008384,1267,4172.51,263,2,5,1,14,205,0
TXN008385,1097,636.82,867,0,6,0,19,229,0
TXN008386,2527,206.07,31,1,6,0,14,170,0
TXN008387,1998,4801.74,358,1,4,2,23,718,0
TXN008388,2609,381.11,568,1,10,0,7,636,0
TXN008389,101,676.3,480,1,7,1,13,534,0
TXN008390,2562,302.5,867,1,5,2,19,773,0
TXN008391,1780,1548.36,189,1,6,0,0,547,0
TXN008392,176,435.3,988,0,3,1,3,370,0
TXN008393,238,2544.5,5,1,2,0,22,443,0
TXN008394,2958,560.2,286,2,4,0,2,43,0
TXN008395,1123,2091.03,790,1,3,0,5,187,0
TXN008396,2919,361.54,657,2,4,1,17,101,0
TXN008397,1978,4776.75,394,0,4,0,9,383,0
TXN008398,2543,601.92,455,2,7,0,6,810,0
TXN008399,2995,1221.8,708,0,7,3,23,330,0
TXN008400,2004,263.62,426,0,5,0,11,234,0
TXN008401,1538,1075.68,27,0,8,0,15,427,0
TXN008402,755,275.63,127,3,7,1,16,764,0
TXN008403,2259,1040.36,135,1,6,0,8,92,0
TXN008404,1147,345.9,535,1,4,2,2,489,0
TXN008405,1412,910.12,331,2,5,1,22,89,0
TXN008406,140,1918.13,629,4,5,0,21,461,0
TXN008407,541,211.28,392,3,7,0,14,180,0
TXN008408,1415,1040.82,8,3,3,1,19,155,0
TXN008409,270,1790.0,613,0,4,0,4,425,0
TXN008410,1036,1780.92,261,4,7,0,3,13,0
TXN008411,1891,10960.56,199,4,8,1,4,992,0
TXN008412,506,448.81,598,1,7,1,7,604,0
TXN008413,1130,1092.94,740,1,9,1,1,315,0
TXN008414,2080,8930.84,386,0,6,0,21,411,0
TXN008415,1873,211.05,472,2,2,1,6,974,0
TXN008416,1093,69.61,179,2,5,2,18,363,0
TXN008417,813,2085.34,450,2,2,0,14,476,0
TXN008418,362,3834.78,240,1,3,1,19,201,0
TXN008419,1457,87.18,524,2,4,1,3,196,0
TXN008420,929,747.13,815,1,7,1,14,513,0
TXN008421,100,323.27,746,2,4,0,3,161,0
TXN008422,1682,1590.19,183,2,5,1,2,812,0
TXN008423,2057,1052.98,794,0,5,0,15,154,0
TXN008424,2745,5275.01,358,1,5,0,21,512,0
TXN008425,1053,218.37,376,1,5,1,5,759,0
TXN008426,2510,1742.79,941,1,3,1,17,248,0
TXN008427,921,2312.15,702,4,3,0,14,244,0
TXN008428,2438,1164.92,838,0,3,1,6,449,0
TXN008429,632,98.66,727,2,5,2,23,5,0
TXN008430,682,1805.6,770,5,4,0,18,438,0
TXN008431,2205,456.33,538,1,3,0,21,621,0
TXN008432,2383,135.38,782,2,5,4,15,237,0
TXN008433,2308,1707.94,82,3,7,0,6,94,0
TXN008434,2130,2753.54,358,2,7,0,16,356,0
TXN008435,754,524.02,185,1,4,1,8,302,0
TXN008436,1465,2982.78,288,3,2,0,2,25,0
TXN008437,720,3018.93,62,0,4,1,1,58,0
TXN008438,75,1073.9,883,3,6,1,13,753,0
TXN008439,1294,2243.08,507,1,6,0,2,868,0
TXN008440,1923,3539.11,462,2,2,1,15,286,0
TXN008441,2674,2059.16,30,1,3,1,10,542,0
TXN008442,62,70.5,909,3,3,1,6,298,0
TXN008443,874,53.28,936,1,2,1,18,364,0
TXN008444,320,3941.34,31,0,2,0,1,701,0
TXN008445,2150,480.05,293,2,4,3,11,607,0
TXN008446,1453,604.77,173,2,7,0,8,743,0
TXN008447,874,10593.47,614,2,2,0,2,834,0
TXN008448,1746,454.68,128,2,5,0,14,928,0
TXN008449,2303,928.75,86,0,8,0,0,522,0
TXN008450,1556,1113.16,315,3,7,1,8,703,0
TXN008451,2618,849.33,28,0,4,0,2,394,0
TXN008452,112,5502.17,122,1,8,1,15,885,0
TXN008453,461,699.58,251,1,10,0,12,146,0
TXN008454,2756,2599.88,573,1,2,0,3,676,0
TXN008455,887,1193.1,403,1,4,1,2,804,0
TXN008456,1116,3499.3,683,2,6,2,14,345,0
TXN008457,1076,211.38,443,4,7,1,17,411,0
TXN008458,520,73.39,272,0,4,0,8,261,0
TXN008459,812,1136.49,837,3,5,2,0,90,0
TXN008460,2284,396.65,812,1,4,1,22,621,0
TXN008461,1925,6360.46,113,1,5,0,0,37,0
TXN008462,1605,992.59,706,2,4,0,1,306,0
TXN008463,927,1427.57,394,1,5,1,10,451,0
TXN008464,557,758.36,943,0,5,0,13,158,0
TXN008465,2697,501.9,19,2,4,1,3,375,0
TXN008466,2282,1174.98,852,5,6,2,2,108,0
TXN008467,1056,3705.86,605,2,7,0,4,533,0
TXN008468,579,753.63,729,3,6,2,9,298,0
TXN008469,542,692.71,465,1,11,1,15,834,0
TXN008470,2162,2880.68,691,1,5,1,7,656,0
TXN008471,2252,145.24,909,2,4,0,20,221,0
TXN008472,1053,4564.97,191,2,6,2,17,646,0
TXN008473,2691,416.7,493,1,4,0,7,511,0
TXN008474,474,3406.61,912,2,2,0,10,412,0
TXN008475,2745,1560.27,949,3,8,0,8,332,0
TXN008476,2301,89.95,163,3,8,0,16,640,0
TXN008477,905,1112.37,612,0,5,1,23,703,0
TXN008478,1946,5308.89,699,1,2,0,3,94,0
TXN008479,386,761.84,295,1,8,2,6,678,0
TXN008480,62,850.56,579,1,3,1,22,403,0
TXN008481,515,436.64,73,0,4,0,15,965,0
TXN008482,430,4603.69,744,0,3,2,23,434,0
TXN008483,580,629.23,701,1,4,0,5,220,0
TXN008484,1561,9412.9,562,0,9,1,14,677,0
TXN008485,1165,4387.01,309,0,4,0,3,891,0
TXN008486,2791,5422.61,302,3,6,0,14,476,0
TXN008487,1324,1207.38,308,0,6,1,7,450,0
TXN008488,2723,611.8,124,2,6,1,15,130,0
TXN008489,2359,1947.13,669,0,4,1,9,956,0
TXN008490,471,7061.34,261,1,7,0,0,513,0
TXN008491,1417,9208.56,195,1,12,1,11,676,0
TXN008492,1666,118.08,842,1,7,1,2,787,0
TXN008493,1469,28162.79,351,1,4,0,11,50,0
TXN008494,809,1484.11,843,0,4,1,20,999,0
TXN008495,172,2793.24,768,2,7,1,23,814,0
TXN008496,2624,374.53,977,5,9,2,22,692,1
TXN008497,31,344.81,936,1,8,0,13,675,0
TXN008498,47,195.08,489,0,5,1,10,876,0
TXN008499,130,8470.82,200,1,7,1,13,6,0
TXN008500,2400,480.25,884,3,3,1,11,156,0
TXN008501,978,982.13,508,3,4,0,5,609,0
TXN008502,1646,763.84,898,1,4,1,23,668,0
TXN008503,1605,322.15,580,2,6,0,13,588,0
TXN008504,58,863.72,446,0,6,1,14,899,0
TXN008505,1130,1218.63,80,3,3,1,0,256,0
TXN008506,2860,4907.57,745,1,6,0,17,946,0
TXN008507,1354,307.69,698,1,4,0,23,677,0
TXN008508,768,544.46,617,3,6,1,14,397,0
TXN008509,683,2122.03,469,2,5,0,21,33,0
TXN008510,2009,1158.02,837,2,6,0,14,309,0
TXN008511,2334,1183.91,442,0,8,2,22,444,0
TXN008512,1791,341.97,931,0,3,0,20,435,0
TXN008513,1478,2791.0,654,2,4,1,11,630,0
TXN008514,886,5981.03,911,0,6,0,13,244,0
TXN008515,397,5352.93,902,2,7,0,22,144,0
TXN008516,1539,869.28,272,0,6,0,4,878,0
TXN008517,2074,49.42,343,2,6,0,6,143,0
TXN008518,313,1451.68,124,0,5,1,3,999,0
TXN008519,2174,1236.91,223,1,3,0,4,456,0
TXN008520,1589,323.2,490,1,8,1,9,908,0
TXN008521,1222,409.12,686,1,7,0,4,404,0
TXN008522,811,332.07,703,1,6,2,20,195,0
TXN008523,2236,1524.51,652,1,4,2,18,585,0
TXN008524,2746,408.75,297,1,4,0,4,10,0
TXN008525,2858,1336.89,119,5,7,1,13,327,0
TXN008526,2764,18993.45,787,1,3,0,21,378,0
TXN008527,2033,877.43,76,2,5,0,6,650,0
TXN008528,1508,272.59,621,4,5,1,19,877,0
TXN008529,450,191.71,631,0,6,0,10,598,0
TXN008530,2571,1629.59,973,4,6,0,2,131,0
TXN008531,1895,12130.43,881,2,6,1,23,875,0
TXN008532,1378,371.7,258,1,7,3,20,787,0
TXN008533,2706,82.6,532,3,7,0,10,958,0
TXN008534,597,8509.68,631,0,11,0,12,856,0
TXN008535,2148,22460.32,351,2,4,1,6,23,0
TXN008536,616,2719.14,649,0,8,0,10,344,0
TXN008537,948,1838.43,277,2,5,1,15,255,0
TXN008538,1582,1188.05,255,2,3,0,14,903,0
TXN008539,556,2483.01,264,2,3,2,23,898,0
TXN008540,278,2349.05,679,3,6,1,11,516,0
TXN008541,2014,1540.07,677,0,8,0,10,871,0
TXN008542,491,349.75,29,1,6,0,8,967,0
TXN008543,255,1530.32,467,2,2,1,13,740,0
TXN008544,2429,974.48,35,3,7,0,12,251,0
TXN008545,892,418.86,749,2,10,0,21,55,0
TXN008546,542,1526.04,294,1,5,0,9,464,1
TXN008547,1288,611.9,602,0,3,0,22,246,0
TXN008548,1634,1189.49,203,4,2,0,7,744,0
TXN008549,825,1896.54,740,3,3,3,21,26,0
TXN008550,2927,2247.97,931,1,3,2,21,951,0
TXN008551,1353,630.26,68,3,2,1,17,611,0
TXN008552,281,1882.72,131,1,3,1,13,578,0
TXN008553,1299,2489.45,877,2,3,1,12,920,0
TXN008554,773,3528.62,111,2,5,1,4,940,0
TXN008555,2891,1581.03,524,3,7,1,2,501,0
TXN008556,2767,2267.47,288,0,5,3,1,940,0
TXN008557,328,661.37,687,1,6,2,4,837,0
TXN008558,2259,24156.38,831,1,2,0,21,209,0
TXN008559,2775,1015.43,666,1,1,0,18,630,0
TXN008560,923,4210.86,43,0,4,1,22,546,0
TXN008561,552,611.48,875,0,8,1,2,544,0
TXN008562,2074,1719.36,717,3,3,0,18,598,0
TXN008563,2075,1644.04,684,0,5,1,5,439,0
TXN008564,702,2066.01,294,0,4,0,1,745,0
TXN008565,1920,396.39,285,1,4,0,21,698,0
TXN008566,2730,1749.93,823,1,4,0,10,911,0
TXN008567,2461,614.34,564,5,4,0,20,275,0
TXN008568,167,2931.73,627,0,6,0,19,654,0
TXN008569,169,382.27,19,0,6,1,9,578,0
TXN008570,229,1583.0,507,2,1,0,11,685,0
TXN008571,2003,1060.01,547,2,2,1,15,849,0
TXN008572,367,10156.68,48,0,10,1,11,722,0
TXN008573,528,4193.73,745,0,5,1,17,995,0
TXN008574,791,5693.02,219,0,2,2,23,775,0
TXN008575,524,434.47,622,1,8,1,18,560,0
TXN008576,1096,692.26,766,3,3,0,3,398,0
TXN008577,1669,1091.29,188,2,5,0,8,892,0
TXN008578,2154,4330.64,31,0,7,3,13,794,0
TXN008579,2780,1722.09,259,1,5,1,21,204,0
TXN008580,1909,446.3,675,0,6,0,2,761,0
TXN008581,1306,469.52,344,1,4,0,6,753,0
TXN008582,133,4586.93,308,1,7,0,11,935,0
TXN008583,2582,1790.07,71,3,9,2,1,913,0
TXN008584,2317,1167.89,307,1,4,1,22,142,0
TXN008585,2721,1057.37,568,0,3,2,19,644,0
TXN008586,1643,3211.44,99,2,6,1,5,845,0
TXN008587,2839,309.44,21,1,9,2,8,606,0
TXN008588,1889,1167.05,897,2,7,1,10,118,0
TXN008589,1771,1253.81,620,0,6,0,22,247,0
TXN008590,18,245.9,565,0,1,0,13,759,0
TXN008591,1778,855.01,6,2,5,0,23,382,0
TXN008592,117,17048.7,231,1,5,1,8,529,0
TXN008593,798,402.62,994,1,4,0,4,683,0
TXN008594,2599,1275.7,82,2,3,1,16,878,0
TXN008595,2977,90.69,958,0,4,2,7,801,0
TXN008596,1712,928.25,217,1,6,1,19,403,0
TXN008597,753,302.1,335,0,7,0,21,71,0
TXN008598,2470,718.97,559,0,5,0,6,965,0
TXN008599,1393,1828.77,864,2,8,0,4,823,0
TXN008600,2694,284.03,874,1,4,0,14,715,0
TXN008601,2606,1464.46,753,2,3,1,14,894,0
TXN008602,2098,430.21,690,4,4,0,8,882,0
TXN008603,678,220.84,594,1,8,1,16,374,0
TXN008604,106,3566.16,799,2,5,0,23,472,0
TXN008605,658,345.96,704,1,3,0,22,204,0
TXN008606,1947,659.44,925,2,5,1,15,901,0
TXN008607,1449,552.87,655,1,9,0,2,561,0
TXN008608,1096,1422.63,826,2,3,1,0,424,0
TXN008609,988,1139.98,791,1,7,1,16,370,0
TXN008610,2890,899.39,934,1,2,1,0,771,0
TXN008611,1809,468.49,553,1,6,1,10,846,0
TXN008612,1783,797.62,459,0,3,3,19,478,0
TXN008613,446,1560.26,783,1,6,0,4,568,0
TXN008614,1949,1263.29,87,5,8,1,12,506,0
TXN008615,2118,4213.81,515,5,4,0,21,799,0
TXN008616,1998,2739.72,723,3,7,1,16,562,0
TXN008617,2198,4137.13,513,2,4,1,23,805,0
TXN008618,774,5564.1,984,0,3,1,11,216,0
TXN008619,1562,1372.66,587,3,3,0,0,850,0
TXN008620,1676,3054.42,478,2,6,0,5,805,0
TXN008621,1123,1640.62,498,4,6,1,3,281,0
TXN008622,1302,5389.0,907,1,4,2,1,634,0
TXN008623,1587,133.51,956,1,6,1,21,464,0
TXN008624,1687,750.94,743,0,4,0,17,537,0
TXN008625,944,1793.79,449,5,8,2,23,317,0
TXN008626,455,2173.19,588,3,6,1,13,63,0
TXN008627,1128,1073.67,260,2,4,1,21,620,0
TXN008628,946,149.16,537,0,3,0,21,121,0
TXN008629,601,886.19,200,3,2,0,1,941,0
TXN008630,2701,2920.31,463,4,1,0,13,443,0
TXN008631,725,750.86,939,1,4,1,20,266,0
TXN008632,2281,1225.37,94,1,5,0,10,550,0
TXN008633,1418,10936.48,936,2,8,0,6,812,0
TXN008634,1525,876.33,352,2,5,1,18,803,0
TXN008635,251,907.91,108,0,4,1,3,18,0
TXN008636,1545,1384.38,355,1,4,1,0,25,0
TXN008637,79,1458.33,469,1,4,3,14,757,0
TXN008638,898,1288.9,95,0,7,1,17,989,0
TXN008639,2969,1757.84,868,0,3,1,9,931,0
TXN008640,781,262.94,91,2,9,2,17,204,0
TXN008641,226,948.19,44,0,3,0,8,711,0
TXN008642,1075,251.12,456,2,3,1,1,180,0
TXN008643,1210,1172.81,955,2,2,2,22,152,0
TXN008644,1058,2265.36,384,3,8,0,7,805,0
TXN008645,803,928.49,23,3,2,0,16,473,0
TXN008646,742,352.06,702,0,2,1,5,915,0
TXN008647,2179,653.86,23,1,4,0,20,931,0
TXN008648,2680,9520.58,234,1,4,0,6,942,0
TXN008649,2886,6245.62,698,2,6,0,4,736,0
TXN008650,2807,572.12,311,3,9,1,10,365,0
TXN008651,704,568.71,417,2,5,1,3,437,0
TXN008652,2545,962.43,333,0,8,1,17,566,0
TXN008653,1427,4854.27,575,2,4,1,9,691,0
TXN008654,2371,134.14,103,1,7,1,0,256,0
TXN008655,615,563.29,500,2,3,0,18,203,0
TXN008656,329,1796.48,828,0,6,0,22,884,0
TXN008657,1396,1564.08,483,3,8,0,5,724,0
TXN008658,1484,656.43,189,1,6,2,6,57,0
TXN008659,133,810.17,848,2,4,1,7,312,0
TXN008660,835,1631.33,460,1,2,1,23,7,0
TXN008661,2699,670.17,189,1,1,0,3,384,0
TXN008662,121,306.09,351,2,5,1,3,207,0
TXN008663,2654,877.88,581,3,1,1,0,467,0
TXN008664,1476,1376.4,114,1,2,1,4,817,0
TXN008665,965,85.68,104,0,3,1,16,381,0
TXN008666,129,1755.78,620,1,6,0,21,154,0
TXN008667,1599,3529.85,508,2,4,1,3,724,0
TXN008668,2077,714.29,345,1,1,0,23,675,0
TXN008669,2770,730.01,21,1,3,1,4,984,0
TXN008670,1548,452.1,387,0,8,0,22,412,0
TXN008671,333,913.37,944,1,0,1,21,181,0
TXN008672,1154,561.27,778,1,5,0,21,466,0
TXN008673,1317,6229.97,855,0,4,0,13,751,0
TXN008674,1197,1273.5,209,4,4,1,10,248,0
TXN008675,2992,83.34,682,1,4,0,12,541,0
TXN008676,1430,2174.69,483,1,6,1,14,332,0
TXN008677,356,8629.72,473,1,2,0,13,86,0
TXN008678,139,2020.06,706,1,8,2,7,915,0
TXN008679,1527,4573.44,859,1,1,0,17,350,0
TXN008680,1198,2471.59,942,1,4,0,6,797,0
TXN008681,29,3601.77,393,3,8,1,4,323,0
TXN008682,931,3397.35,635,2,4,2,18,352,0
TXN008683,2544,3444.39,689,4,2,0,14,717,0
TXN008684,1014,1603.61,516,2,8,3,18,243,0
TXN008685,2703,140.04,188,5,6,1,4,265,0
TXN008686,828,296.74,346,1,7,1,1,599,0
TXN008687,351,303.34,352,2,7,1,22,463,0
TXN008688,2602,52.95,541,1,4,1,5,595,0
TXN008689,2025,650.85,598,1,3,0,3,688,0
TXN008690,299,5994.32,47,2,9,3,7,495,0
TXN008691,1744,195.65,77,1,4,2,20,311,0
TXN008692,1866,2627.24,343,0,8,0,22,711,0
TXN008693,1216,2069.22,191,1,4,2,7,812,0
TXN008694,1696,1445.14,543,0,2,0,7,432,0
TXN008695,2112,4532.81,819,2,4,0,5,921,0
TXN008696,755,1043.59,681,1,5,0,7,464,0
TXN008697,770,6807.84,36,3,6,0,20,294,0
TXN008698,1239,863.17,757,2,6,0,17,949,0
TXN008699,834,1655.8,424,2,3,0,12,661,0
TXN008700,2214,925.26,351,1,7,2,8,974,0
TXN008701,1907,361.93,188,3,4,0,9,596,0
TXN008702,1565,217.91,527,0,4,1,8,950,1
TXN008703,1219,2187.01,334,1,3,0,20,564,0
TXN008704,506,5523.37,483,0,5,0,7,905,0
TXN008705,1358,1469.95,216,2,3,0,0,753,0
TXN008706,2841,2031.93,158,0,2,0,9,474,0
TXN008707,2881,169.83,926,1,3,0,23,624,0
TXN008708,1461,1741.16,667,1,4,0,12,129,0
TXN008709,2906,90.42,241,3,3,2,13,853,0
TXN008710,1417,261.2,296,1,3,1,17,383,0
TXN008711,2854,5437.26,462,0,5,2,1,454,0
TXN008712,1173,1114.74,45,1,1,0,3,286,0
TXN008713,761,1245.14,495,1,3,0,10,714,0
TXN008714,833,2131.46,971,3,3,0,18,220,0
TXN008715,1429,2857.65,175,1,7,0,8,19,0
TXN008716,283,792.35,346,0,15,1,18,887,0
TXN008717,379,1558.53,56,2,5,2,8,937,0
TXN008718,198,1008.87,566,0,4,3,15,704,0
TXN008719,556,174.45,341,2,4,0,13,699,0
TXN008720,356,716.65,777,1,1,0,4,86,0
TXN008721,1564,1800.21,886,3,7,0,23,279,0
TXN008722,1041,690.92,751,0,5,1,22,338,0
TXN008723,2687,698.48,833,3,6,0,23,244,0
TXN008724,379,2803.54,108,3,6,1,8,816,0
TXN008725,680,1330.54,710,2,6,2,17,540,0
TXN008726,2554,1672.79,897,1,3,0,8,416,0
TXN008727,1780,156.07,214,0,3,0,0,121,0
TXN008728,899,1878.04,499,1,4,1,23,357,0
TXN008729,76,290.0,758,1,1,0,19,534,1
TXN008730,231,1064.83,397,4,7,3,3,145,0
TXN008731,1740,306.17,550,2,6,1,12,183,0
TXN008732,962,3359.38,497,0,5,1,13,183,0
TXN008733,2350,9852.98,173,3,3,1,19,121,0
TXN008734,2774,918.65,105,0,1,1,21,896,0
TXN008735,2263,908.44,552,2,5,0,13,608,0
TXN008736,2117,3777.81,479,5,7,0,11,976,0
TXN008737,393,2178.22,399,0,6,1,20,43,0
TXN008738,1109,1006.73,434,1,3,1,5,243,0
TXN008739,267,1705.91,642,0,4,0,4,382,0
TXN008740,1093,12528.69,693,0,10,0,4,552,0
TXN008741,611,489.68,991,1,1,1,4,764,0
TXN008742,1371,542.91,922,0,4,0,17,384,1
TXN008743,1009,2845.77,194,3,4,2,9,152,0
TXN008744,962,13834.51,843,0,3,1,20,836,1
TXN008745,2776,1356.49,801,2,5,1,18,925,0
TXN008746,673,140.97,466,0,2,1,5,58,0
TXN008747,2471,1751.9,341,1,4,0,13,483,0
TXN008748,1701,584.09,59,2,10,1,16,794,0
TXN008749,2163,1941.85,863,1,3,1,8,121,0
TXN008750,2268,214.61,538,2,9,0,10,608,0
TXN008751,31,186.62,478,2,6,0,7,694,0
TXN008752,1367,767.97,103,0,6,0,9,270,0
TXN008753,1401,7964.11,533,1,5,0,15,150,0
TXN008754,1154,211.46,945,0,5,1,21,313,0
TXN008755,617,746.64,592,2,3,0,17,900,0
TXN008756,539,189.32,839,3,3,1,18,63,0
TXN008757,2787,1552.85,982,0,4,0,9,52,0
TXN008758,871,1430.54,711,2,8,0,23,229,0
TXN008759,101,198.6,322,0,10,0,15,303,0
TXN008760,1413,5142.41,549,1,2,1,8,434,0
TXN008761,2740,109.22,14,3,4,1,15,243,0
TXN008762,941,7271.69,456,0,7,1,10,982,0
TXN008763,341,5706.51,221,2,2,0,16,53,0
TXN008764,2909,1582.81,876,1,5,1,8,439,0
TXN008765,1044,3214.2,391,3,6,0,8,169,0
TXN008766,38,885.6,678,2,5,0,15,56,0
TXN008767,660,172.7,173,0,11,0,17,510,0
TXN008768,2034,1456.49,662,1,2,0,0,279,0
TXN008769,1561,166.48,684,1,1,0,16,420,0
TXN008770,1657,1082.41,81,1,7,0,2,704,0
TXN008771,2976,248.59,336,1,4,0,0,406,0
TXN008772,1050,3535.1,225,3,6,1,3,353,0
TXN008773,454,1730.56,871,0,2,0,15,697,0
TXN008774,1705,2474.93,35,2,8,0,19,473,0
TXN008775,1347,1649.7,870,3,0,1,23,133,0
TXN008776,2785,10477.41,188,0,5,1,21,438,0
TXN008777,819,3740.15,224,0,8,1,1,552,0
TXN008778,773,8470.51,643,1,3,2,4,935,0
TXN008779,13,372.39,886,0,4,0,8,413,0
TXN008780,2963,571.86,963,4,4,1,18,339,0
TXN008781,921,59.86,968,3,2,0,1,950,0
TXN008782,825,684.81,494,3,5,0,1,812,0
TXN008783,2419,1050.84,863,1,6,3,10,556,0
TXN008784,1315,1846.73,311,0,10,1,11,147,0
TXN008785,2380,579.91,521,0,3,2,10,840,0
TXN008786,2309,2653.62,581,3,1,1,15,311,0
TXN008787,2018,2439.65,540,4,5,0,21,799,0
TXN008788,1229,621.24,911,0,6,0,22,994,0
TXN008789,697,347.19,369,0,0,0,7,362,0
TXN008790,2735,1186.89,475,2,2,1,16,324,0
TXN008791,950,1235.45,746,1,8,1,12,342,0
TXN008792,2435,528.85,31,2,6,1,2,373,0
TXN008793,2869,803.48,827,2,3,2,19,317,0
TXN008794,2516,200.05,232,1,6,0,7,479,0
TXN008795,1439,2475.66,850,2,8,0,9,170,0
TXN008796,69,2524.2,998,1,6,0,10,772,0
TXN008797,1782,1163.03,497,0,7,0,17,691,0
TXN008798,2248,2747.93,566,1,7,1,9,30,0
TXN008799,2264,1283.55,964,0,4,1,5,978,0
TXN008800,1970,7627.53,981,2,8,0,19,154,0
TXN008801,212,231.44,175,0,3,1,7,689,0
TXN008802,508,1397.09,298,1,12,0,14,672,0
TXN008803,2064,3242.24,791,3,6,0,16,863,0
TXN008804,1522,6571.65,365,1,9,0,0,936,0
TXN008805,2932,2838.67,86,0,7,0,10,340,0
TXN008806,332,315.58,577,2,4,0,14,126,0
TXN008807,2765,150.5,89,1,9,2,9,201,0
TXN008808,551,894.4,54,1,7,0,8,30,0
TXN008809,1625,1692.67,630,1,8,2,19,465,0
TXN008810,942,3407.32,361,3,4,1,17,645,0
TXN008811,2304,294.55,476,1,4,1,11,862,0
TXN008812,728,2282.18,229,1,2,1,12,258,0
TXN008813,880,44.12,779,1,5,0,3,674,0
TXN008814,2863,451.51,831,1,9,0,13,671,0
TXN008815,649,3078.92,534,1,6,1,21,158,0
TXN008816,1000,262.58,950,3,7,0,2,154,0
TXN008817,1522,291.69,759,1,4,0,11,182,0
TXN008818,2519,583.76,985,0,4,1,0,265,0
TXN008819,2738,1356.13,373,2,1,2,22,270,0
TXN008820,1613,287.64,469,2,3,0,17,853,0
TXN008821,2748,1054.96,420,1,3,1,15,543,0
TXN008822,2555,652.88,826,1,5,0,15,520,0
TXN008823,1010,4400.7,532,1,8,2,19,440,0
TXN008824,1551,613.67,400,1,5,5,12,447,0
TXN008825,804,1134.57,988,3,6,0,21,924,0
TXN008826,2879,1338.9,184,2,2,2,7,341,0
TXN008827,214,662.7,861,0,9,0,3,865,0
TXN008828,169,2761.81,562,4,4,0,20,151,0
TXN008829,978,3544.44,90,1,2,0,6,591,0
TXN008830,1329,609.87,616,2,4,0,4,606,0
TXN008831,146,1558.91,706,0,2,1,19,919,0
TXN008832,1799,360.31,383,2,3,0,8,754,0
TXN008833,516,2157.19,369,1,4,1,6,295,0
TXN008834,453,1450.1,74,2,5,0,1,693,0
TXN008835,60,708.59,269,1,3,1,16,918,0
TXN008836,528,1629.32,15,0,4,0,8,468,0
TXN008837,1024,2233.73,329,4,3,3,2,34,0
TXN008838,2522,4800.45,795,0,5,0,8,599,0
TXN008839,1565,1766.89,392,4,5,1,5,891,0
TXN008840,2805,3184.63,710,3,7,0,17,262,0
TXN008841,2830,10784.08,996,1,1,2,4,699,0
TXN008842,1103,317.11,434,3,9,0,5,629,0
TXN008843,433,4471.98,344,1,5,1,6,132,0
TXN008844,1177,381.85,195,1,3,1,19,128,0
TXN008845,401,465.85,922,0,7,0,17,876,0
TXN008846,2105,1081.21,36,0,1,1,19,751,0
TXN008847,2234,505.1,917,1,6,1,22,714,0
TXN008848,2446,413.28,205,1,6,1,13,102,1
TXN008849,605,1019.96,820,6,4,1,0,996,0
TXN008850,2836,735.17,651,2,4,2,18,652,0
TXN008851,2206,493.56,776,3,7,0,23,251,0
TXN008852,1811,349.62,57,3,4,0,7,344,0
TXN008853,1464,6064.33,110,2,9,1,3,261,0
TXN008854,2637,259.76,686,2,9,0,21,488,0
TXN008855,2514,896.76,496,1,4,0,12,998,0
TXN008856,2494,4194.41,718,2,8,0,14,710,0
TXN008857,1774,2897.07,225,1,4,2,13,995,0
TXN008858,2849,1451.65,386,2,9,1,10,363,0
TXN008859,1554,518.86,64,4,4,0,18,537,0
TXN008860,1097,1072.23,764,0,2,2,22,645,0
TXN008861,929,284.61,948,1,6,0,15,103,0
TXN008862,1952,778.87,961,2,7,0,5,699,0
TXN008863,1974,764.85,779,1,4,1,4,456,0
TXN008864,2065,858.82,902,1,7,1,21,528,0
TXN008865,1555,425.98,352,1,4,1,14,935,0
TXN008866,2779,143.3,463,4,3,0,16,700,0
TXN008867,326,4925.71,844,1,4,0,14,159,0
TXN008868,995,3773.37,320,1,5,0,7,820,0
TXN008869,613,3132.5,357,4,4,1,13,336,0
TXN008870,2594,1726.93,93,0,3,1,6,745,0
TXN008871,596,1345.38,695,2,7,0,9,963,0
TXN008872,921,477.03,300,0,1,1,23,83,0
TXN008873,842,542.29,726,3,5,0,16,682,0
TXN008874,1226,6288.18,494,0,8,2,15,190,0
TXN008875,344,8262.55,654,1,4,0,22,973,0
TXN008876,1877,878.57,595,1,5,1,4,768,0
TXN008877,859,1101.6,389,0,6,0,3,845,0
TXN008878,1424,2640.66,611,2,5,0,12,902,0
TXN008879,445,1226.79,793,3,6,1,22,743,0
TXN008880,1789,1343.24,434,2,6,1,22,108,0
TXN008881,222,1020.7,102,3,5,0,17,279,0
TXN008882,592,355.88,841,1,3,0,16,553,0
TXN008883,1031,700.91,378,3,0,1,5,701,0
TXN008884,1296,934.12,583,1,1,0,2,774,0
TXN008885,1018,53.3,885,4,5,2,4,378,0
TXN008886,2064,1218.06,338,5,2,1,0,753,1
TXN008887,1448,17802.23,898,1,4,0,15,434,0
TXN008888,2046,655.08,884,0,2,1,2,836,0
TXN008889,524,1141.1,778,1,1,1,12,999,0
TXN008890,2851,399.98,492,2,0,0,4,185,0
TXN008891,2069,295.1,642,3,3,1,21,185,0
TXN008892,2276,755.89,60,1,3,1,0,419,0
TXN008893,1809,2334.96,813,3,6,2,13,191,0
TXN008894,1312,828.4,509,2,7,1,14,112,0
TXN008895,2857,700.02,392,1,6,1,2,675,0
TXN008896,1307,1987.66,954,1,2,0,19,17,0
TXN008897,2452,1394.26,119,1,5,0,12,422,0
TXN008898,1090,1533.22,775,3,5,1,14,170,0
TXN008899,1673,4574.96,995,3,5,1,2,375,0
TXN008900,437,3934.59,471,2,3,0,21,426,0
TXN008901,829,6600.42,328,0,6,1,16,537,0
TXN008902,2982,255.85,21,3,7,1,8,955,0
TXN008903,259,3067.77,97,3,6,2,17,285,0
TXN008904,2004,7902.92,815,2,4,2,15,518,0
TXN008905,1990,154.6,513,1,3,0,17,270,0
TXN008906,103,1070.51,908,1,5,1,3,987,0
TXN008907,993,571.39,715,1,4,0,0,940,0
TXN008908,769,1065.07,944,3,0,0,18,688,0
TXN008909,1125,4343.23,640,1,9,3,13,291,0
TXN008910,1222,205.43,350,2,6,1,9,506,0
TXN008911,2861,1471.42,132,3,0,1,5,70,0
TXN008912,2274,556.94,546,2,3,0,0,824,1
TXN008913,2991,4506.02,599,1,4,2,4,776,1
TXN008914,2511,1817.33,32,2,4,0,4,670,0
TXN008915,237,907.51,259,1,7,0,3,156,0
TXN008916,1145,463.25,476,1,4,1,14,27,0
TXN008917,2554,26622.35,836,0,6,0,13,127,0
TXN008918,2862,1534.36,825,1,5,0,17,557,1
TXN008919,767,199.55,882,1,4,0,3,865,0
TXN008920,2682,414.52,972,1,2,0,1,346,0
TXN008921,991,1799.27,920,0,6,2,9,889,0
TXN008922,2666,456.67,33,2,4,0,18,912,0
TXN008923,1760,529.32,899,1,4,2,14,782,0
TXN008924,2321,3579.97,388,2,8,0,16,500,0
TXN008925,2280,3219.21,798,3,2,1,18,319,0
TXN008926,2816,552.55,838,0,4,1,0,188,0
TXN008927,496,4469.48,561,2,4,0,7,728,0
TXN008928,1048,467.44,798,5,8,1,16,569,0
TXN008929,1727,8368.66,456,2,2,1,0,700,0
TXN008930,2550,2090.28,594,0,5,0,9,819,0
TXN008931,2073,1553.43,144,5,3,0,12,351,0
TXN008932,2336,691.07,949,1,3,0,22,961,0
TXN008933,338,528.28,902,3,3,0,1,84,0
TXN008934,1938,67.24,792,2,10,0,13,894,0
TXN008935,1818,770.49,883,1,5,0,3,814,0
TXN008936,137,1082.91,604,0,3,0,0,383,0
TXN008937,2556,122.57,224,4,4,0,21,736,0
TXN008938,2275,2945.58,217,3,2,1,18,278,0
TXN008939,320,904.66,156,2,3,1,12,536,0
TXN008940,1864,4711.0,789,1,7,0,18,499,0
TXN008941,916,482.8,520,4,5,0,6,995,0
TXN008942,1206,4835.33,36,2,6,0,8,818,0
TXN008943,1898,639.8,636,1,6,2,22,834,0
TXN008944,2134,1032.42,9,1,5,0,3,390,0
TXN008945,926,1420.46,40,1,6,2,4,764,1
TXN008946,2101,1043.16,469,1,2,1,13,897,0
TXN008947,2908,1580.08,179,4,6,0,21,165,0
TXN008948,2915,108.91,641,3,6,0,11,479,0
TXN008949,1259,927.72,959,3,6,1,15,385,0
TXN008950,1983,995.75,501,2,3,0,9,480,0
TXN008951,433,101.11,373,2,3,1,9,153,0
TXN008952,999,2370.76,68,0,6,0,12,490,0
TXN008953,2148,367.37,970,0,1,1,15,562,0
TXN008954,990,3397.5,666,2,3,1,7,441,0
TXN008955,599,1215.78,424,2,3,0,1,370,0
TXN008956,2451,550.52,515,5,3,0,6,508,0
TXN008957,396,3661.51,364,0,6,3,4,834,0
TXN008958,415,8056.55,890,2,2,0,20,681,0
TXN008959,939,1148.5,777,0,2,0,6,475,0
TXN008960,1637,5709.37,928,3,4,2,0,646,0
TXN008961,2725,887.71,451,0,6,2,0,337,0
TXN008962,2511,3480.0,516,1,8,1,19,940,0
TXN008963,541,705.59,774,1,6,2,11,964,0
TXN008964,1650,9809.14,329,0,5,0,9,678,0
TXN008965,1946,3994.88,794,2,2,0,23,912,0
TXN008966,84,1928.34,898,2,3,0,9,810,0
TXN008967,271,52.42,962,1,9,0,7,596,0
TXN008968,2292,1879.16,370,0,5,0,13,186,0
TXN008969,388,249.16,597,3,5,1,8,100,0
TXN008970,214,1675.56,854,2,6,2,23,632,0
TXN008971,2866,5079.66,387,0,5,1,0,351,0
TXN008972,59,2506.89,547,0,6,1,19,509,0
TXN008973,1626,3073.14,114,5,6,2,4,631,0
TXN008974,2931,700.9,571,3,6,1,10,246,0
TXN008975,843,176.0,38,1,1,0,14,303,0
TXN008976,2972,434.53,545,0,5,2,13,221,0
TXN008977,1528,738.27,377,1,7,0,3,449,1
TXN008978,1730,1078.29,399,0,5,1,23,250,0
TXN008979,123,5028.88,203,0,6,1,13,619,0
TXN008980,1437,2635.14,202,1,10,1,19,916,0
TXN008981,1163,15735.43,100,1,7,1,5,445,0
TXN008982,2487,329.79,398,3,6,1,5,426,0
TXN008983,562,4432.69,450,3,2,1,15,539,0
TXN008984,2166,3135.13,813,3,7,1,23,431,0
TXN008985,1738,953.49,816,0,4,0,6,131,0
TXN008986,905,346.14,940,1,2,0,2,32,0
TXN008987,395,523.97,118,1,4,0,14,721,0
TXN008988,1727,494.59,421,0,5,0,10,967,0
TXN008989,2924,8542.43,243,3,5,2,0,950,0
TXN008990,1717,2962.83,541,2,5,0,7,576,0
TXN008991,935,3098.85,227,1,8,1,23,786,0
TXN008992,1102,1218.3,501,3,7,1,5,41,0
TXN008993,1436,833.34,852,1,6,1,1,253,0
TXN008994,75,1643.86,213,2,7,0,17,891,0
TXN008995,295,1240.11,930,0,4,0,23,628,0
TXN008996,21,977.27,699,1,7,1,5,261,0
TXN008997,1039,1702.8,113,2,8,0,0,626,0
TXN008998,1235,305.19,373,4,4,1,16,302,0
TXN008999,560,1510.83,299,0,8,0,3,309,0
TXN009000,1110,960.1,673,2,3,1,6,563,0
TXN009001,1173,465.2,19,3,6,0,9,176,0
TXN009002,372,2365.52,776,1,5,2,7,312,0
TXN009003,2028,9454.25,671,3,3,0,13,515,0
TXN009004,818,5083.14,11,1,5,2,19,655,0
TXN009005,1175,781.22,8,3,6,0,21,268,0
TXN009006,1165,2433.97,153,3,3,0,21,674,0
TXN009007,1093,3017.14,625,0,9,0,0,899,0
TXN009008,1284,1265.23,660,2,5,0,9,72,0
TXN009009,2012,1065.51,550,1,4,1,19,811,0
TXN009010,846,1656.58,135,1,4,1,10,508,0
TXN009011,1992,22361.47,373,2,8,0,2,571,0
TXN009012,521,1493.36,461,1,7,0,5,126,0
TXN009013,371,239.63,935,1,8,2,2,770,0
TXN009014,1443,312.45,235,1,5,1,22,915,0
TXN009015,101,892.99,255,3,4,0,13,165,0
TXN009016,661,245.61,586,0,2,2,2,864,0
TXN009017,1682,935.4,328,2,4,0,19,535,0
TXN009018,243,15839.35,362,1,3,1,20,529,0
TXN009019,2801,593.64,374,2,5,1,23,292,0
TXN009020,512,297.45,788,4,5,1,8,704,0
TXN009021,2897,854.83,209,1,7,0,17,719,0
TXN009022,2603,968.03,267,0,2,1,13,365,0
TXN009023,2274,334.76,656,0,5,0,18,922,0
TXN009024,1542,248.13,997,2,6,1,22,69,0
TXN009025,2262,5583.11,554,2,4,0,1,540,0
TXN009026,2766,2000.03,736,0,5,0,9,234,0
TXN009027,2115,614.44,858,3,15,0,20,153,0
TXN009028,396,274.11,506,3,5,1,19,187,0
TXN009029,612,589.38,564,2,4,0,10,427,0
TXN009030,1261,251.83,421,1,5,0,16,107,0
TXN009031,1858,547.09,308,3,4,1,11,910,0
TXN009032,770,13098.98,137,2,9,0,11,315,0
TXN009033,1423,1460.63,419,3,3,0,23,527,0
TXN009034,407,522.37,195,2,2,0,13,499,0
TXN009035,2973,2478.58,95,2,6,0,10,848,0
TXN009036,1873,359.22,490,1,4,0,16,342,0
TXN009037,1504,674.01,903,3,2,0,8,105,0
TXN009038,2695,118.51,258,1,7,1,19,915,0
TXN009039,2270,5058.79,25,0,8,0,3,378,0
TXN009040,1180,860.85,232,3,8,0,16,462,0
TXN009041,654,410.54,332,2,5,0,18,688,0
TXN009042,2476,2390.81,606,1,2,0,18,227,0
TXN009043,1182,311.92,862,2,1,2,7,987,0
TXN009044,977,335.52,221,2,5,0,11,375,0
TXN009045,1440,695.86,297,1,4,0,12,184,0
TXN009046,2419,260.6,203,2,3,1,22,948,0
TXN009047,1368,500.63,948,1,6,0,21,334,0
TXN009048,2898,864.55,343,2,7,0,21,957,0
TXN009049,2904,963.48,593,2,8,1,12,414,0
TXN009050,229,223.73,205,2,5,2,10,834,0
TXN009051,2328,817.95,993,0,3,0,14,112,0
TXN009052,1894,2201.29,961,1,7,0,11,246,0
TXN009053,1314,2689.0,892,2,7,0,7,978,0
TXN009054,1071,603.63,77,1,11,0,3,718,0
TXN009055,975,874.27,550,2,2,0,3,871,0
TXN009056,1739,814.53,707,1,5,0,3,969,0
TXN009057,758,206.43,976,2,4,1,12,598,0
TXN009058,321,573.53,42,0,8,2,20,780,0
TXN009059,2322,2851.14,455,1,5,1,5,587,0
TXN009060,556,2906.01,182,1,2,2,18,8,0
TXN009061,844,1797.71,757,1,5,0,11,864,0
TXN009062,1337,44.99,195,1,9,0,13,741,0
TXN009063,1387,429.31,590,2,11,0,21,535,0
TXN009064,668,1921.98,832,0,5,1,4,998,0
TXN009065,2428,8560.13,976,1,6,1,9,242,0
TXN009066,2759,1077.64,388,3,2,0,5,490,0
TXN009067,1943,1230.34,927,0,4,0,15,22,0
TXN009068,2005,957.4,637,1,9,1,21,666,0
TXN009069,1931,228.64,141,5,0,1,0,967,0
TXN009070,746,1672.9,27,2,6,1,13,560,0
TXN009071,675,176.69,315,1,12,1,9,605,0
TXN009072,2164,990.01,321,2,4,0,17,764,0
TXN009073,2653,1220.31,448,1,5,0,15,804,0
TXN009074,1066,1163.47,793,1,6,0,1,224,0
TXN009075,2427,230.88,293,3,4,0,13,275,0
TXN009076,2514,468.33,754,3,2,0,9,762,0
TXN009077,2328,2506.1,236,1,5,0,4,896,0
TXN009078,618,1196.83,715,0,3,0,2,268,0
TXN009079,2166,472.02,457,1,2,0,0,764,0
TXN009080,2357,303.28,892,3,3,1,4,809,0
TXN009081,2148,2873.75,839,3,6,0,5,358,0
TXN009082,2309,1142.8,654,2,5,0,10,474,0
TXN009083,993,282.33,606,0,9,0,17,704,0
TXN009084,1329,874.47,664,1,8,0,7,108,0
TXN009085,1378,416.83,765,2,12,0,20,370,0
TXN009086,286,1574.44,67,1,6,1,18,95,0
TXN009087,2376,4936.16,176,1,6,1,17,169,0
TXN009088,2111,299.76,510,2,7,1,5,973,0
TXN009089,687,1324.26,615,1,6,1,16,899,0
TXN009090,1306,1295.67,91,3,3,2,7,430,0
TXN009091,1465,83.64,705,2,5,1,4,605,0
TXN009092,738,2978.39,166,2,4,0,10,704,0
TXN009093,2687,13612.41,602,1,5,1,16,288,0
TXN009094,2984,1294.19,838,2,7,0,8,766,0
TXN009095,1959,5605.73,827,1,9,0,15,476,0
TXN009096,1895,243.36,780,3,7,1,6,332,0
TXN009097,2524,462.89,438,2,3,1,0,122,0
TXN009098,1486,1194.51,51,1,6,1,12,212,0
TXN009099,2101,393.7,678,0,6,0,6,901,0
TXN009100,2802,1147.93,686,3,3,0,2,798,0
TXN009101,486,3655.72,739,3,5,2,17,625,0
TXN009102,1514,380.06,266,0,5,0,13,372,0
TXN009103,2002,3854.6,521,3,3,2,21,872,0
TXN009104,1388,109.08,87,3,5,0,9,165,0
TXN009105,2457,554.18,606,1,4,1,2,883,0
TXN009106,1031,865.82,52,1,4,1,2,11,0
TXN009107,1766,360.56,179,1,3,1,12,519,0
TXN009108,668,563.53,278,2,9,0,8,190,0
TXN009109,1221,5856.89,239,2,11,0,3,625,0
TXN009110,835,4855.75,585,0,3,0,9,515,0
TXN009111,876,2602.01,339,2,7,1,9,101,0
TXN009112,2415,3825.54,72,2,5,0,15,25,0
TXN009113,1002,520.9,374,1,10,1,19,165,0
TXN009114,250,252.8,580,0,7,1,12,212,0
TXN009115,1940,416.08,517,2,6,0,1,347,0
TXN009116,1619,497.29,851,2,6,0,20,427,0
TXN009117,1264,527.73,238,1,4,1,0,172,0
TXN009118,2428,2066.82,466,1,6,0,8,648,0
TXN009119,872,1616.17,121,3,5,1,15,852,0
TXN009120,835,888.21,413,1,10,1,8,624,0
TXN009121,2823,956.33,723,1,3,0,14,469,0
TXN009122,919,4080.22,774,0,7,1,8,613,0
TXN009123,1725,232.71,837,1,5,0,17,355,0
TXN009124,2503,2828.8,570,1,2,0,21,73,0
TXN009125,2414,87.05,43,0,4,1,19,113,0
TXN009126,1314,556.09,504,1,4,1,14,128,0
TXN009127,1898,6719.06,197,0,7,1,0,471,0
TXN009128,403,1573.43,72,1,4,1,7,287,0
TXN009129,2106,626.43,91,2,7,1,6,507,0
TXN009130,2569,3289.15,549,2,6,1,9,428,0
TXN009131,1328,2239.76,491,1,6,0,7,572,0
TXN009132,1139,2133.54,826,0,9,0,23,376,0
TXN009133,210,861.24,749,1,5,1,2,222,0
TXN009134,1065,3470.08,998,0,3,0,6,793,0
TXN009135,816,506.4,383,3,7,1,8,990,0
TXN009136,2221,478.46,805,1,2,0,17,133,0
TXN009137,234,10395.58,466,1,9,0,2,410,0
TXN009138,793,601.91,154,2,9,0,3,764,0
TXN009139,1908,95.75,170,1,2,1,5,389,0
TXN009140,1614,3924.5,272,0,3,0,8,465,1
TXN009141,2841,5617.05,918,0,6,0,8,270,0
TXN009142,2167,826.42,110,1,6,1,21,318,0
TXN009143,335,88.83,151,2,6,0,14,344,0
TXN009144,1360,1026.32,431,1,9,0,21,982,0
TXN009145,1640,13184.03,451,0,7,0,9,833,0
TXN009146,1098,1398.38,643,2,1,1,7,360,0
TXN009147,1215,2760.67,780,2,7,0,20,704,0
TXN009148,324,2957.72,23,3,7,1,0,733,0
TXN009149,1791,3517.66,367,1,3,1,0,245,0
TXN009150,284,10250.03,651,0,2,1,20,79,0
TXN009151,213,4008.39,820,1,4,0,17,287,0
TXN009152,1659,995.39,239,2,5,1,13,613,0
TXN009153,1742,287.42,434,4,9,0,13,758,0
TXN009154,929,1836.57,953,2,5,1,8,741,0
TXN009155,752,869.45,704,0,1,0,4,623,0
TXN009156,1418,2591.89,127,1,4,1,6,873,0
TXN009157,2387,389.38,942,1,5,1,18,663,0
TXN009158,1822,764.53,541,0,2,1,13,670,0
TXN009159,1046,1111.42,633,0,8,1,18,25,0
TXN009160,1795,355.3,198,2,7,1,21,108,0
TXN009161,1893,1150.36,686,2,7,0,16,259,0
TXN009162,105,2819.25,656,1,4,1,12,90,0
TXN009163,1490,10852.67,482,1,7,0,21,654,0
TXN009164,1483,453.79,179,1,7,0,20,25,0
TXN009165,1456,3251.89,869,1,4,2,1,810,0
TXN009166,770,102.14,523,2,5,0,7,167,0
TXN009167,2764,1086.76,651,0,3,0,7,81,0
TXN009168,2811,1193.66,959,3,7,0,8,953,0
TXN009169,1960,2913.26,437,3,4,2,15,24,0
TXN009170,2028,587.8,765,3,6,0,2,462,0
TXN009171,379,1471.02,857,2,9,0,9,693,0
TXN009172,713,4146.83,314,0,7,0,9,379,0
TXN009173,1373,283.53,19,2,3,0,8,603,0
TXN009174,225,104.56,160,3,5,1,17,785,0
TXN009175,1738,4005.49,818,1,3,0,1,429,0
TXN009176,738,331.29,122,2,6,2,20,190,0
TXN009177,236,1897.59,72,2,6,3,5,364,0
TXN009178,183,11385.61,55,4,5,0,16,779,0
TXN009179,712,2991.88,460,1,12,0,0,270,0
TXN009180,1893,341.86,169,3,3,0,12,908,0
TXN009181,2492,189.67,611,2,8,0,5,903,0
TXN009182,1889,430.88,582,1,2,1,21,243,0
TXN009183,623,1349.37,149,0,3,1,5,108,0
TXN009184,1260,812.49,629,1,7,2,23,101,1
TXN009185,1151,5620.8,26,0,3,1,18,801,0
TXN009186,749,2441.95,248,2,5,1,17,173,0
TXN009187,2203,456.34,897,0,7,1,19,816,0
TXN009188,2305,3026.86,721,1,3,1,8,949,0
TXN009189,2283,6685.54,227,3,8,0,0,305,0
TXN009190,2548,751.37,923,2,1,0,21,209,0
TXN009191,2337,1949.83,946,0,2,0,7,914,0
TXN009192,510,383.95,626,2,6,0,1,37,0
TXN009193,1576,925.1,706,0,6,1,19,772,0
TXN009194,1824,376.0,484,2,1,0,9,675,0
TXN009195,2757,4852.01,833,2,6,2,3,569,0
TXN009196,785,600.56,10,1,6,0,10,81,0
TXN009197,2942,1859.46,95,0,8,1,12,309,0
TXN009198,2824,2350.3,121,3,3,1,3,369,0
TXN009199,2346,45747.53,126,3,6,0,1,632,0
TXN009200,137,797.21,549,0,5,0,22,528,0
TXN009201,2424,431.57,69,3,4,2,21,451,0
TXN009202,2135,1005.6,297,2,7,3,7,595,0
TXN009203,1778,395.2,686,1,2,0,8,509,0
TXN009204,1223,610.96,501,1,4,1,14,531,0
TXN009205,2485,2625.14,973,1,10,1,18,902,0
TXN009206,1334,489.79,45,2,3,2,3,467,0
TXN009207,1778,2152.46,635,4,11,0,21,654,0
TXN009208,1305,2243.38,382,0,4,0,2,172,0
TXN009209,764,1479.19,984,2,5,0,18,443,0
TXN009210,702,2448.94,27,0,5,0,18,471,0
TXN009211,2990,770.25,705,2,3,2,7,269,0
TXN009212,152,99.16,497,1,4,1,2,745,0
TXN009213,1326,1177.46,852,0,7,0,1,733,0
TXN009214,1302,1204.66,136,3,8,0,18,568,0
TXN009215,1712,703.32,707,1,4,1,5,575,0
TXN009216,1032,2386.19,49,2,2,0,2,703,0
TXN009217,807,2743.99,608,1,5,0,18,523,0
TXN009218,235,1424.8,507,2,6,2,2,445,0
TXN009219,2723,1234.43,121,2,4,2,23,626,0
TXN009220,561,4734.05,761,4,4,1,12,73,0
TXN009221,1326,302.23,985,3,3,2,20,579,0
TXN009222,38,736.82,217,0,9,1,2,732,0
TXN009223,1160,3631.43,626,2,3,2,5,507,0
TXN009224,2870,2085.85,526,0,5,0,0,586,0
TXN009225,421,827.13,574,1,3,0,14,541,0
TXN009226,1243,1752.31,43,3,4,1,9,211,0
TXN009227,348,568.02,923,0,4,0,3,260,0
TXN009228,1832,1330.8,752,1,8,2,10,123,0
TXN009229,1570,2504.06,96,2,1,2,14,552,0
TXN009230,2796,5168.01,27,2,3,4,9,383,0
TXN009231,1919,2423.79,836,2,8,0,1,144,0
TXN009232,2321,5632.77,895,0,4,1,6,63,0
TXN009233,1902,194.19,242,1,1,0,20,281,0
TXN009234,2356,77.07,487,2,2,0,13,291,0
TXN009235,1398,79.92,971,2,0,1,11,998,0
TXN009236,2781,4185.03,240,4,9,1,16,846,0
TXN009237,1825,2262.95,304,1,8,0,16,948,0
TXN009238,2492,463.14,67,0,8,0,6,118,0
TXN009239,1229,690.99,281,2,4,2,14,774,0
TXN009240,405,1642.17,192,1,3,0,5,269,0
TXN009241,1722,460.37,119,1,2,0,3,213,0
TXN009242,2901,411.32,152,0,2,0,21,969,0
TXN009243,1221,499.95,777,0,2,1,11,189,0
TXN009244,2826,450.97,392,1,5,2,9,515,0
TXN009245,115,1156.36,231,0,5,0,17,405,0
TXN009246,1677,8067.91,351,0,7,1,11,837,0
TXN009247,65,327.49,761,1,5,1,2,708,0
TXN009248,1300,1004.38,571,3,3,0,20,5,0
TXN009249,825,1905.96,529,1,3,1,4,131,0
TXN009250,2287,2085.29,171,2,3,0,15,559,1
TXN009251,2350,597.62,863,5,6,1,2,688,0
TXN009252,1416,2304.09,964,0,9,1,3,724,0
TXN009253,969,1815.35,132,2,5,1,5,842,0
TXN009254,369,638.1,357,5,11,0,10,301,0
TXN009255,233,216.31,648,1,2,1,22,677,0
TXN009256,2243,278.11,42,4,7,0,23,644,0
TXN009257,907,2683.9,305,2,5,2,1,35,0
TXN009258,921,6078.28,6,0,7,2,10,338,0
TXN009259,689,1097.63,329,1,4,1,12,79,0
TXN009260,177,5897.52,170,1,4,1,12,770,0
TXN009261,2265,1029.82,968,2,7,2,1,47,0
TXN009262,1035,277.72,800,0,4,0,6,829,0
TXN009263,1470,852.9,911,2,4,0,12,228,0
TXN009264,630,6569.73,338,3,4,0,0,766,0
TXN009265,164,531.57,727,1,7,3,21,509,0
TXN009266,2101,931.56,69,0,7,0,2,855,0
TXN009267,2266,4549.45,882,1,8,0,21,134,0
TXN009268,824,4188.72,539,5,4,1,18,201,0
TXN009269,2433,1583.05,737,1,4,1,22,877,0
TXN009270,56,2083.03,834,2,5,1,20,985,0
TXN009271,118,3926.17,507,1,8,1,12,41,0
TXN009272,2948,1588.06,746,3,7,1,0,356,0
TXN009273,798,5098.04,486,1,5,2,13,630,0
TXN009274,780,2456.09,443,1,9,0,13,273,0
TXN009275,2851,918.3,924,3,6,2,15,218,0
TXN009276,2893,1847.2,920,2,7,1,16,138,0
TXN009277,1439,690.54,51,2,2,0,6,454,0
TXN009278,1894,344.24,149,1,9,0,8,472,0
TXN009279,2903,278.74,927,0,4,0,18,107,0
TXN009280,708,855.85,587,1,3,0,18,127,0
TXN009281,1104,1596.51,818,0,3,2,5,240,0
TXN009282,22,9521.06,92,0,6,1,14,996,0
TXN009283,1501,1806.77,368,2,11,2,10,744,0
TXN009284,843,1379.93,936,0,5,0,2,464,0
TXN009285,1761,973.05,580,2,9,1,2,703,0
TXN009286,1117,714.2,747,1,8,0,10,105,0
TXN009287,192,1282.94,874,1,9,1,2,45,0
TXN009288,1019,787.67,656,1,2,1,14,524,0
TXN009289,1127,742.62,76,1,1,0,22,969,0
TXN009290,396,2936.37,86,2,6,1,18,817,0
TXN009291,2688,369.09,227,3,8,2,5,386,0
TXN009292,1019,812.48,363,0,5,0,13,508,0
TXN009293,567,480.52,959,0,7,3,17,598,0
TXN009294,231,1262.85,568,0,7,0,15,145,0
TXN009295,874,3054.93,592,3,8,0,23,443,0
TXN009296,2622,1669.01,24,2,3,0,8,263,0
TXN009297,240,841.28,739,1,1,1,6,276,0
TXN009298,90,3389.57,28,3,3,0,18,228,0
TXN009299,2280,3162.91,121,2,2,0,10,118,0
TXN009300,457,1149.86,490,1,6,0,18,977,0
TXN009301,2281,7417.49,605,0,3,0,16,956,0
TXN009302,354,1813.96,853,1,3,0,20,866,0
TXN009303,1005,1756.21,624,2,5,0,6,714,0
TXN009304,1357,258.99,890,2,5,1,0,829,0
TXN009305,439,145.41,345,4,9,0,10,202,0
TXN009306,1399,1183.37,999,1,2,0,19,189,0
TXN009307,345,3628.98,31,1,1,1,1,749,0
TXN009308,2712,1626.54,655,1,4,1,3,753,0
TXN009309,657,3432.56,879,2,5,1,8,621,0
TXN009310,2178,667.66,810,1,6,1,5,912,0
TXN009311,2189,1210.75,227,2,6,0,6,743,0
TXN009312,2463,1118.82,870,1,1,1,7,17,0
TXN009313,1117,126.24,250,0,10,1,11,789,0
TXN009314,626,9383.45,50,4,3,1,11,811,0
TXN009315,284,4615.03,726,3,6,1,17,469,1
TXN009316,1980,3341.32,892,5,4,0,0,606,1
TXN009317,1679,5125.14,389,3,3,0,14,108,0
TXN009318,223,626.21,944,2,3,0,4,385,0
TXN009319,744,2849.59,781,1,3,0,0,618,0
TXN009320,463,624.49,288,2,1,1,0,11,0
TXN009321,1569,1309.76,707,2,5,1,20,247,0
TXN009322,1706,135.55,766,0,8,0,22,159,0
TXN009323,1164,917.32,591,2,4,0,18,731,0
TXN009324,2405,174.81,475,3,5,3,11,978,0
TXN009325,1737,243.48,756,2,5,1,21,381,0
TXN009326,1047,1028.19,603,3,3,1,15,877,0
TXN009327,2907,469.06,926,1,11,0,20,833,0
TXN009328,665,1647.06,6,0,7,0,23,554,0
TXN009329,1357,8184.06,793,1,6,1,15,928,0
TXN009330,1015,520.06,412,0,6,0,5,235,0
TXN009331,2133,798.13,958,5,4,2,2,519,0
TXN009332,2669,2434.3,662,1,3,2,13,969,0
TXN009333,1055,490.84,324,2,6,1,13,109,0
TXN009334,1765,464.76,399,2,5,0,5,111,0
TXN009335,2288,643.34,282,0,3,1,8,986,0
TXN009336,1914,3155.99,191,1,6,1,15,161,0
TXN009337,363,131.39,786,1,5,0,11,269,0
TXN009338,2870,396.64,585,1,3,1,3,135,0
TXN009339,1413,6884.76,959,1,3,1,0,228,0
TXN009340,668,26.6,830,1,5,0,8,424,0
TXN009341,1881,941.2,500,0,5,0,7,472,0
TXN009342,1395,6876.88,580,1,4,0,11,846,0
TXN009343,99,10850.69,816,3,8,0,15,585,0
TXN009344,2095,2861.86,434,4,4,0,20,213,0
TXN009345,2887,4474.75,63,2,3,2,7,965,0
TXN009346,422,351.31,453,1,5,1,12,366,0
TXN009347,1504,387.71,493,5,6,0,18,647,0
TXN009348,62,8578.35,646,2,4,1,0,643,0
TXN009349,1133,799.02,442,3,4,0,21,492,0
TXN009350,1703,115.3,307,2,4,1,1,344,0
TXN009351,598,1811.84,780,1,6,0,23,985,0
TXN009352,392,872.01,735,2,5,2,12,634,0
TXN009353,1076,1208.77,943,3,6,1,15,273,0
TXN009354,2651,62.96,126,1,1,2,0,139,0
TXN009355,1313,45.7,265,2,4,1,4,104,0
TXN009356,2030,1576.67,7,1,5,0,3,858,0
TXN009357,2385,762.23,413,2,5,0,8,256,0
TXN009358,810,633.82,206,2,3,2,5,2,0
TXN009359,1406,1752.12,179,0,5,1,1,882,0
TXN009360,2800,430.67,468,0,5,1,17,862,0
TXN009361,1160,797.49,496,0,3,0,20,496,0
TXN009362,1532,640.02,695,2,8,0,1,894,0
TXN009363,1386,3173.32,992,1,6,0,10,414,0
TXN009364,881,115.05,443,1,5,0,13,691,0
TXN009365,1600,504.3,952,0,8,1,8,715,0
TXN009366,2683,4055.03,918,1,6,0,3,113,0
TXN009367,254,401.59,228,1,6,1,7,323,0
TXN009368,2068,1266.41,748,0,3,0,13,566,0
TXN009369,2576,8130.1,146,3,4,1,2,294,0
TXN009370,1169,1326.19,570,1,8,0,15,797,0
TXN009371,1232,14308.42,296,2,6,1,20,68,0
TXN009372,2424,5883.29,241,1,4,2,23,672,0
TXN009373,166,501.7,857,2,5,1,2,563,0
TXN009374,1574,240.61,287,1,4,1,7,912,0
TXN009375,2909,531.28,952,2,4,1,23,790,0
TXN009376,617,1730.33,675,1,3,1,11,311,0
TXN009377,2660,1661.56,26,1,5,0,21,697,0
TXN009378,1626,2434.35,452,1,6,0,21,338,0
TXN009379,503,361.23,106,4,4,1,13,331,0
TXN009380,913,430.97,240,3,7,0,1,547,0
TXN009381,2127,2143.6,852,2,10,0,4,980,0
TXN009382,585,11957.1,418,1,4,2,14,510,0
TXN009383,1959,294.02,332,1,5,1,10,456,0
TXN009384,2736,1005.34,912,4,4,1,6,426,0
TXN009385,396,712.1,891,4,8,2,4,463,0
TXN009386,1632,1305.64,42,3,6,0,17,498,0
TXN009387,1881,260.69,645,1,9,3,8,820,0
TXN009388,402,1218.95,829,1,5,0,1,82,0
TXN009389,975,4745.44,556,2,6,1,13,53,0
TXN009390,224,156.21,35,1,10,3,2,585,0
TXN009391,518,3623.66,876,0,7,1,11,582,0
TXN009392,2682,261.42,347,0,6,0,0,143,0
TXN009393,236,1494.84,384,4,4,2,22,661,0
TXN009394,116,1971.55,513,3,2,2,10,141,0
TXN009395,226,1720.23,738,3,5,1,20,635,0
TXN009396,2278,734.97,811,1,5,0,12,710,0
TXN009397,182,2428.4,288,8,10,0,15,123,0
TXN009398,1342,242.58,748,3,7,1,23,195,0
TXN009399,210,3286.2,871,1,5,0,0,944,0
TXN009400,1416,627.64,959,3,7,0,2,5,0
TXN009401,2144,1613.88,33,2,8,0,16,223,0
TXN009402,894,719.31,95,3,3,1,21,230,0
TXN009403,1882,6894.82,205,1,6,0,8,466,0
TXN009404,2804,1856.34,621,2,4,0,0,493,0
TXN009405,1110,2400.12,834,2,3,0,15,478,0
TXN009406,2463,2821.64,30,1,4,1,6,478,0
TXN009407,2027,821.24,266,1,4,1,2,937,0
TXN009408,394,1551.73,23,2,4,1,3,688,0
TXN009409,2744,1337.21,609,3,7,2,19,584,0
TXN009410,844,2377.68,39,2,3,1,0,555,0
TXN009411,1525,642.44,173,1,7,1,6,656,0
TXN009412,604,469.71,760,1,5,0,5,780,0
TXN009413,582,4528.65,891,2,4,3,17,984,0
TXN009414,2043,2818.77,413,2,6,1,18,337,0
TXN009415,1940,400.52,414,2,9,1,17,265,0
TXN009416,133,10750.22,674,0,4,1,6,739,0
TXN009417,2839,552.42,692,0,6,1,19,732,0
TXN009418,2697,1264.39,615,2,7,1,22,659,0
TXN009419,2269,4457.86,209,2,6,0,15,427,0
TXN009420,976,4407.15,22,1,4,3,20,23,0
TXN009421,1814,470.34,5,3,7,0,20,16,0
TXN009422,1544,2039.97,651,0,7,0,0,668,0
TXN009423,2836,755.77,214,1,1,0,17,652,0
TXN009424,2739,1814.34,672,1,2,0,16,21,0
TXN009425,1358,943.13,920,0,1,2,3,253,0
TXN009426,39,676.34,907,1,4,0,16,187,0
TXN009427,1317,345.56,139,3,5,1,1,543,0
TXN009428,2738,4546.92,657,1,8,0,22,479,0
TXN009429,162,449.2,672,0,6,2,4,218,0
TXN009430,1910,6387.15,595,4,5,1,11,365,0
TXN009431,1128,770.81,667,3,6,0,18,428,0
TXN009432,2209,1961.73,800,2,4,0,8,234,0
TXN009433,1659,6954.19,317,0,8,0,1,559,0
TXN009434,1964,654.12,793,4,4,2,16,378,0
TXN009435,1058,1931.82,576,1,8,2,20,13,0
TXN009436,2290,1983.94,704,1,4,1,3,339,0
TXN009437,967,492.8,156,1,4,1,20,366,0
TXN009438,890,1431.83,424,3,4,0,10,786,0
TXN009439,2161,2680.46,500,6,5,1,12,249,0
TXN009440,2366,8443.38,91,1,4,2,17,125,0
TXN009441,2071,666.55,654,4,3,2,8,548,0
TXN009442,2872,1660.79,42,0,2,1,23,233,0
TXN009443,2749,941.54,761,0,2,0,12,548,0
TXN009444,1667,1383.03,295,4,8,0,15,347,0
TXN009445,1442,539.07,770,0,7,0,18,388,0
TXN009446,1068,895.29,337,0,5,1,20,734,0
TXN009447,128,6780.83,1,1,8,2,4,183,0
TXN009448,2924,1277.82,109,0,2,2,16,791,0
TXN009449,158,1201.5,928,1,11,1,7,964,0
TXN009450,827,394.3,979,2,2,0,17,275,0
TXN009451,1891,4061.04,125,0,5,0,9,202,0
TXN009452,2900,3030.11,64,3,5,1,14,851,0
TXN009453,512,1277.57,206,0,5,0,12,994,0
TXN009454,2093,10735.9,415,1,7,2,14,745,0
TXN009455,2267,578.76,954,2,9,1,6,307,0
TXN009456,443,313.95,850,0,4,0,2,157,0
TXN009457,2363,978.57,244,0,3,0,17,377,0
TXN009458,2225,396.76,590,1,6,1,1,628,0
TXN009459,2276,1463.81,623,2,3,0,1,497,0
TXN009460,1727,1197.31,654,0,3,0,16,293,0
TXN009461,2007,4374.2,216,2,3,2,22,564,0
TXN009462,1696,634.69,965,2,5,2,1,898,0
TXN009463,267,1633.41,528,1,3,0,8,347,0
TXN009464,2918,1369.61,965,2,4,0,23,73,0
TXN009465,838,2978.1,566,2,3,1,6,901,1
TXN009466,489,282.45,653,1,4,0,4,541,0
TXN009467,702,373.41,380,1,6,2,21,797,0
TXN009468,687,547.46,848,1,4,1,5,43,0
TXN009469,996,298.5,79,0,2,0,23,553,0
TXN009470,357,2286.54,415,2,8,0,2,567,0
TXN009471,872,2312.94,453,4,3,4,10,254,0
TXN009472,1974,4066.25,149,1,1,0,3,340,0
TXN009473,2252,920.69,639,1,6,0,0,333,0
TXN009474,552,629.63,670,1,4,0,15,288,1
TXN009475,1811,351.92,791,0,6,0,23,220,0
TXN009476,323,5241.03,38,1,4,0,8,550,0
TXN009477,2642,839.92,157,1,9,1,8,601,0
TXN009478,2229,458.98,333,2,5,0,22,828,0
TXN009479,2547,2698.66,288,1,2,0,11,555,0
TXN009480,83,729.92,112,1,4,2,13,651,0
TXN009481,2351,304.79,702,1,8,2,18,979,0
TXN009482,262,387.28,618,2,6,0,15,948,0
TXN009483,784,1222.47,91,2,4,0,17,919,0
TXN009484,1224,302.85,866,1,6,0,23,239,0
TXN009485,914,989.59,813,3,9,2,1,510,0
TXN009486,2740,388.49,49,0,3,0,12,657,0
TXN009487,944,352.42,161,5,3,1,0,123,0
TXN009488,2731,610.61,516,1,2,0,23,965,0
TXN009489,1319,1327.61,402,4,1,0,7,759,0
TXN009490,1536,1609.04,710,2,8,0,4,862,0
TXN009491,689,3324.89,320,2,5,0,13,958,0
TXN009492,2444,428.52,924,2,5,1,0,933,0
TXN009493,1773,5824.4,364,1,3,0,17,550,0
TXN009494,839,28714.05,889,1,6,0,3,301,0
TXN009495,878,662.53,442,2,2,0,10,439,0
TXN009496,2871,131.55,475,1,9,1,13,220,0
TXN009497,49,135.65,766,2,5,1,10,357,0
TXN009498,2837,604.15,602,0,2,3,21,540,0
TXN009499,293,476.78,312,2,3,1,10,875,0
TXN009500,1652,1103.42,532,1,2,0,16,153,0
TXN009501,536,2018.16,589,0,4,0,20,394,0
TXN009502,311,234.32,220,1,4,1,20,595,0
TXN009503,537,892.63,674,3,4,0,18,706,0
TXN009504,1927,597.54,497,1,4,2,21,132,0
TXN009505,2687,12615.24,343,2,3,0,13,531,0
TXN009506,234,208.95,906,2,6,1,12,815,0
TXN009507,1233,441.16,627,0,4,0,1,274,0
TXN009508,2653,1141.66,94,1,3,1,0,62,0
TXN009509,2142,444.74,918,2,4,0,16,573,0
TXN009510,2375,4271.58,133,0,9,0,11,460,0
TXN009511,2273,322.52,501,1,9,0,7,759,0
TXN009512,967,365.38,172,2,3,1,16,85,0
TXN009513,890,4737.28,626,0,7,0,4,717,0
TXN009514,2059,262.67,9,3,7,1,20,760,0
TXN009515,35,2985.45,811,3,3,0,10,320,0
TXN009516,447,637.09,772,1,4,0,15,478,0
TXN009517,1764,522.17,682,5,7,0,17,242,0
TXN009518,2489,596.21,321,0,9,0,3,264,0
TXN009519,2701,285.81,98,1,5,0,8,871,0
TXN009520,1559,3256.72,169,1,2,0,20,299,0
TXN009521,595,1291.14,960,1,4,1,10,17,0
TXN009522,2026,3194.4,311,3,2,0,11,850,0
TXN009523,2277,4499.03,730,1,6,1,11,746,0
TXN009524,344,2099.03,914,0,2,1,18,808,0
TXN009525,1104,191.84,912,0,5,1,5,911,0
TXN009526,1420,342.7,343,2,8,1,0,852,0
TXN009527,1314,3044.51,430,1,0,0,8,559,0
TXN009528,1479,1172.16,932,1,4,0,17,305,0
TXN009529,1152,2393.36,858,2,3,0,10,946,0
TXN009530,2957,985.63,962,1,8,0,0,352,0
TXN009531,1922,654.82,556,0,6,0,22,415,0
TXN009532,1383,2397.03,500,0,7,1,1,154,0
TXN009533,2575,137.98,773,1,5,0,15,570,0
TXN009534,2123,747.19,285,1,1,0,21,652,0
TXN009535,1570,1187.7,638,0,4,0,13,630,0
TXN009536,1895,1408.71,260,1,3,0,21,810,0
TXN009537,2244,231.97,495,0,4,0,19,348,0
TXN009538,1867,243.78,355,0,6,1,4,343,0
TXN009539,29,684.18,214,0,11,1,13,426,0
TXN009540,706,1017.07,817,2,5,0,20,47,0
TXN009541,1021,7087.38,200,0,4,1,5,4,0
TXN009542,2064,382.38,236,1,4,1,6,836,0
TXN009543,1447,606.82,853,0,0,0,2,512,0
TXN009544,2853,7404.19,136,5,8,0,19,670,0
TXN009545,2988,3932.01,890,0,5,0,13,680,0
TXN009546,1660,288.07,948,2,5,0,17,178,0
TXN009547,967,2466.45,628,1,5,2,17,137,0
TXN009548,2277,2977.63,965,0,4,0,11,858,0
TXN009549,2763,1387.01,917,0,5,1,1,929,0
TXN009550,573,268.32,667,2,1,0,13,564,0
TXN009551,1607,536.68,422,0,3,1,0,764,0
TXN009552,615,516.17,901,1,4,0,13,173,0
TXN009553,326,2068.73,341,1,2,1,17,3,0
TXN009554,2923,655.03,829,0,5,0,7,356,0
TXN009555,359,798.11,904,4,7,0,2,718,0
TXN009556,1811,532.51,342,1,7,0,18,514,0
TXN009557,2372,168.99,530,1,4,0,13,388,0
TXN009558,1722,24689.07,388,2,3,1,6,57,0
TXN009559,1350,1778.19,4,3,10,2,23,317,0
TXN009560,165,6415.14,677,1,8,0,0,741,0
TXN009561,1597,287.51,639,0,5,1,21,855,0
TXN009562,1628,6784.92,399,0,9,1,19,651,0
TXN009563,2846,681.46,422,1,7,0,3,867,0
TXN009564,2503,2072.12,411,4,8,0,15,610,0
TXN009565,1177,3605.08,213,0,2,1,9,896,0
TXN009566,1151,6721.94,560,2,4,3,17,661,0
TXN009567,193,1037.27,558,0,4,1,19,765,0
TXN009568,2675,328.58,558,0,6,1,0,123,1
TXN009569,2578,1077.36,48,1,8,1,21,438,0
TXN009570,92,2228.89,187,1,4,0,20,931,0
TXN009571,139,576.48,502,1,3,0,3,298,1
TXN009572,481,660.02,632,0,4,0,15,905,0
TXN009573,2497,171.07,644,1,6,0,7,398,0
TXN009574,1357,339.07,971,2,4,0,16,350,0
TXN009575,2917,1869.0,531,0,4,0,17,514,0
TXN009576,340,3160.01,953,3,4,1,0,721,0
TXN009577,1076,4113.82,787,0,5,2,23,957,0
TXN009578,2514,16833.83,475,2,7,0,16,15,0
TXN009579,2766,6540.68,744,1,5,0,6,459,0
TXN009580,799,913.77,42,4,8,1,21,625,0
TXN009581,475,356.8,604,1,3,2,12,861,0
TXN009582,2449,806.44,261,1,5,1,13,139,0
TXN009583,1463,566.01,48,0,4,0,10,374,0
TXN009584,605,1338.17,921,3,7,0,14,441,0
TXN009585,2980,3194.33,963,0,6,0,10,84,0
TXN009586,2970,1950.26,794,2,5,1,13,323,0
TXN009587,821,7267.35,586,3,6,0,4,135,0
TXN009588,2705,1762.75,728,2,3,0,17,257,0
TXN009589,598,237.29,446,1,9,1,11,973,0
TXN009590,1533,553.36,221,2,3,0,0,947,0
TXN009591,514,1777.73,621,2,8,1,1,41,0
TXN009592,1527,1442.89,647,2,4,0,2,367,0
TXN009593,1878,5270.62,940,2,5,1,4,635,0
TXN009594,1700,1105.93,343,2,3,1,17,444,1
TXN009595,1030,887.42,238,2,2,2,6,787,0
TXN009596,500,165.87,155,2,3,0,15,702,0
TXN009597,1685,416.52,938,3,2,2,19,926,0
TXN009598,717,1588.47,841,2,5,0,1,16,0
TXN009599,1142,1410.34,56,2,5,1,16,402,0
TXN009600,1509,2239.18,387,4,9,0,20,543,0
TXN009601,2649,1883.14,894,1,5,0,19,931,0
TXN009602,666,957.15,909,3,9,2,6,28,0
TXN009603,2516,329.63,710,2,2,1,17,629,0
TXN009604,2209,1097.39,315,1,6,0,16,122,0
TXN009605,2318,1039.93,38,2,2,2,15,233,0
TXN009606,1080,5688.41,341,1,7,1,1,504,0
TXN009607,228,5398.22,851,1,6,0,22,985,0
TXN009608,2897,617.37,729,0,4,0,8,908,0
TXN009609,149,519.93,231,4,2,1,7,368,0
TXN009610,1070,216.06,452,1,3,1,10,876,0
TXN009611,1168,899.77,342,0,4,1,3,408,0
TXN009612,632,620.76,453,2,6,1,23,864,0
TXN009613,1364,25054.08,257,1,10,1,10,471,0
TXN009614,413,287.59,434,1,4,0,1,90,0
TXN009615,1756,1176.5,209,0,6,0,3,937,0
TXN009616,520,507.03,201,2,8,2,5,709,0
TXN009617,1368,1129.51,137,3,2,4,21,830,0
TXN009618,2435,735.04,640,1,1,0,14,77,0
TXN009619,2323,2903.86,565,1,5,1,15,194,0
TXN009620,2401,1860.09,856,2,2,1,11,377,0
TXN009621,1103,2789.67,394,1,3,1,12,692,0
TXN009622,598,444.79,596,1,5,1,9,283,0
TXN009623,1660,4004.46,721,0,9,1,13,953,0
TXN009624,1686,615.21,845,2,7,0,1,496,0
TXN009625,2606,202.86,797,3,7,1,14,408,0
TXN009626,2161,881.59,36,2,9,0,14,580,0
TXN009627,2189,1256.44,215,2,9,0,1,767,0
TXN009628,1925,244.77,27,0,3,1,21,127,0
TXN009629,730,3128.52,658,1,6,1,13,758,0
TXN009630,589,414.31,18,0,3,1,21,64,0
TXN009631,2459,393.57,630,3,3,0,11,788,1
TXN009632,377,1096.58,137,0,3,0,12,265,0
TXN009633,1408,3067.95,579,3,3,1,8,103,0
TXN009634,1870,254.94,903,0,6,0,4,575,0
TXN009635,751,3390.57,826,1,3,2,8,665,1
TXN009636,627,82.17,975,2,11,1,19,634,0
TXN009637,1630,1630.76,30,3,4,0,14,445,0
TXN009638,995,282.69,73,0,7,2,23,498,0
TXN009639,1584,420.62,123,3,8,0,13,42,0
TXN009640,703,8826.07,957,2,2,2,8,357,0
TXN009641,2510,335.02,987,2,5,0,18,131,0
TXN009642,2060,1025.06,228,0,5,1,0,185,0
TXN009643,1180,304.89,338,3,5,1,5,445,0
TXN009644,477,2760.11,991,0,4,1,5,469,0
TXN009645,2987,1791.36,273,1,0,1,9,521,0
TXN009646,401,2121.25,758,3,4,0,3,811,0
TXN009647,2856,4260.08,437,0,5,1,8,683,0
TXN009648,2225,731.16,902,0,4,1,22,919,0
TXN009649,57,3981.48,39,4,7,1,13,598,0
TXN009650,1876,6554.37,921,1,3,1,2,145,0
TXN009651,448,1542.77,682,1,7,1,1,909,0
TXN009652,203,290.75,426,3,4,1,6,329,0
TXN009653,1657,258.28,315,3,4,1,17,916,0
TXN009654,738,1864.46,614,1,2,0,10,471,0
TXN009655,202,290.53,806,3,10,0,16,851,0
TXN009656,1354,218.75,509,1,11,0,10,178,0
TXN009657,2411,3166.84,927,0,7,0,19,914,0
TXN009658,892,632.35,755,0,2,1,1,374,0
TXN009659,2502,19995.85,157,2,7,4,9,950,0
TXN009660,2404,498.22,872,2,4,0,18,465,0
TXN009661,216,603.76,777,0,4,3,5,400,0
TXN009662,2603,1687.59,257,0,3,0,21,13,0
TXN009663,2935,1401.75,976,2,5,0,13,213,0
TXN009664,23,991.26,870,0,4,2,10,446,0
TXN009665,2203,963.38,855,1,6,1,13,100,0
TXN009666,1210,53712.36,635,0,4,0,8,868,0
TXN009667,2297,8045.96,456,2,4,0,6,384,0
TXN009668,749,3017.63,47,1,8,0,10,317,0
TXN009669,805,252.02,332,2,5,1,3,808,0
TXN009670,134,1003.56,10,0,3,1,3,566,0
TXN009671,321,2422.74,144,0,3,1,9,208,0
TXN009672,2438,2691.52,431,1,5,1,13,494,0
TXN009673,434,5080.32,811,1,5,1,3,452,0
TXN009674,1046,508.07,152,1,6,1,22,965,0
TXN009675,873,1047.08,487,1,5,2,4,950,0
TXN009676,2906,443.18,136,0,9,0,8,314,0
TXN009677,2099,5440.88,587,4,6,0,5,531,0
TXN009678,2224,2536.63,873,2,1,1,22,925,0
TXN009679,2918,596.57,26,0,6,0,14,546,0
TXN009680,253,1436.34,7,2,8,0,9,389,0
TXN009681,966,1164.88,591,2,8,0,17,782,0
TXN009682,739,381.49,15,2,2,1,8,889,0
TXN009683,1130,3348.27,432,3,1,0,7,896,0
TXN009684,1340,1202.76,899,2,2,0,4,79,0
TXN009685,302,581.04,400,1,4,1,7,569,0
TXN009686,2596,373.71,207,2,3,0,3,112,0
TXN009687,1978,3058.0,601,2,7,0,22,522,0
TXN009688,2764,1512.88,609,0,4,0,22,223,0
TXN009689,2827,476.48,910,2,7,1,11,859,0
TXN009690,2316,603.41,216,0,3,0,20,169,0
TXN009691,551,1103.92,502,2,10,1,14,536,0
TXN009692,1479,1183.9,459,0,3,2,17,469,0
TXN009693,1316,1380.86,259,1,4,2,7,209,0
TXN009694,1588,131.23,329,1,5,0,19,551,0
TXN009695,1823,1267.11,454,3,3,0,5,92,0
TXN009696,1825,253.92,799,1,6,1,18,596,0
TXN009697,1165,6019.77,375,1,3,0,19,97,0
TXN009698,314,3833.42,464,1,4,0,2,373,0
TXN009699,184,4394.36,75,2,4,0,11,13,0
TXN009700,1688,57.36,242,1,10,0,9,191,0
TXN009701,713,765.85,17,2,6,1,7,486,0
TXN009702,2176,998.64,689,4,1,1,3,251,0
TXN009703,1311,2186.37,259,4,6,0,0,390,0
TXN009704,2748,3232.62,123,2,8,1,6,348,0
TXN009705,2434,5123.28,979,1,6,1,10,424,0
TXN009706,271,68.05,984,1,2,0,12,555,0
TXN009707,1795,419.24,311,1,11,2,14,117,0
TXN009708,811,1175.39,111,0,10,0,12,712,0
TXN009709,2463,2967.27,256,2,5,0,19,565,0
TXN009710,198,2870.31,234,0,6,1,10,522,0
TXN009711,1080,1938.91,968,1,5,1,14,279,0
TXN009712,2879,510.57,497,0,3,0,3,480,1
TXN009713,1227,594.81,868,1,3,0,18,538,0
TXN009714,1645,515.25,40,1,7,0,11,961,0
TXN009715,628,337.9,122,2,2,2,22,943,0
TXN009716,604,332.26,450,1,4,1,10,886,0
TXN009717,1162,296.24,727,1,3,0,17,674,0
TXN009718,1446,1641.13,808,1,7,0,18,516,0
TXN009719,1081,1273.08,798,2,8,0,6,380,0
TXN009720,1586,360.63,793,1,4,1,0,414,0
TXN009721,2119,140.64,519,4,4,0,18,899,0
TXN009722,911,704.02,92,3,4,3,9,992,0
TXN009723,594,6477.35,361,3,7,1,12,436,0
TXN009724,1396,1104.61,946,1,4,0,13,448,0
TXN009725,600,2864.34,123,1,4,0,17,410,0
TXN009726,514,1361.11,337,1,4,1,3,745,0
TXN009727,1896,1022.74,608,3,1,1,21,142,0
TXN009728,2132,187.23,513,2,6,1,3,758,0
TXN009729,1067,673.16,603,1,4,0,18,770,0
TXN009730,2887,577.24,428,1,5,3,17,442,0
TXN009731,1958,6486.4,996,1,4,0,3,45,0
TXN009732,2654,1366.3,433,0,5,3,1,50,0
TXN009733,810,5079.88,7,1,5,1,5,260,0
TXN009734,2181,4242.62,120,3,6,0,20,137,0
TXN009735,1089,397.38,387,2,6,0,19,906,0
TXN009736,290,1098.16,350,2,3,0,18,740,1
TXN009737,2424,8282.12,641,1,6,0,11,636,0
TXN009738,769,2155.58,691,1,11,1,2,392,0
TXN009739,2515,2004.73,98,1,5,0,17,593,0
TXN009740,471,3282.29,934,1,4,1,11,315,0
TXN009741,2197,1951.7,43,4,8,0,6,118,0
TXN009742,88,2112.5,183,2,2,0,8,619,0
TXN009743,2444,1575.82,697,0,10,1,16,787,0
TXN009744,790,729.45,565,2,5,0,8,534,0
TXN009745,1665,308.06,740,3,7,0,23,491,0
TXN009746,1310,118.11,673,2,6,0,16,611,0
TXN009747,865,738.6,235,0,6,0,13,153,0
TXN009748,1294,1851.82,976,0,8,0,0,84,0
TXN009749,24,1460.14,446,1,3,0,10,53,0
TXN009750,1887,2352.17,870,2,4,0,21,537,0
TXN009751,311,942.7,907,1,4,1,22,143,0
TXN009752,1485,28750.2,200,1,4,1,21,708,0
TXN009753,1232,12490.31,948,4,1,1,4,283,1
TXN009754,2712,177.48,513,2,6,1,17,389,0
TXN009755,2486,2411.03,526,3,4,0,12,916,0
TXN009756,706,3507.05,990,0,5,0,22,25,0
TXN009757,1360,85.88,213,0,6,0,16,459,0
TXN009758,422,1339.78,378,1,6,0,19,725,0
TXN009759,1774,2039.17,789,4,5,3,20,208,0
TXN009760,2369,1089.26,546,2,4,1,15,743,0
TXN009761,2635,1742.66,486,1,6,1,5,452,0
TXN009762,947,1205.77,986,2,5,0,0,727,0
TXN009763,1187,2548.08,361,0,3,0,13,479,0
TXN009764,1835,7030.48,782,2,7,2,10,155,0
TXN009765,1565,2764.73,168,1,7,1,8,678,0
TXN009766,849,4493.44,890,3,5,0,14,265,0
TXN009767,1590,308.31,931,3,6,0,19,831,0
TXN009768,1319,12492.8,682,3,9,1,12,686,0
TXN009769,2090,1600.25,594,2,4,0,15,120,0
TXN009770,1948,686.3,404,0,5,1,16,839,0
TXN009771,1309,1805.25,828,1,5,0,23,276,0
TXN009772,2987,570.47,137,5,4,0,23,669,0
TXN009773,387,1294.25,233,1,6,1,13,788,0
TXN009774,2036,1573.96,115,3,4,0,6,253,0
TXN009775,1162,481.31,252,2,2,1,9,347,0
TXN009776,2026,1322.05,493,3,4,0,18,370,0
TXN009777,2958,472.89,289,2,2,0,13,696,0
TXN009778,716,469.25,49,1,10,0,17,610,0
TXN009779,2479,325.99,452,1,6,0,10,207,0
TXN009780,2602,700.33,516,2,9,0,6,400,0
TXN009781,2848,566.33,891,1,2,0,6,164,0
TXN009782,426,1936.53,688,1,8,2,20,497,0
TXN009783,1440,4087.0,272,2,6,0,8,302,0
TXN009784,2074,2427.23,431,2,8,0,22,355,0
TXN009785,385,3522.75,26,1,8,3,13,939,0
TXN009786,56,3183.71,70,2,3,0,23,416,0
TXN009787,2682,360.67,293,1,3,2,21,708,0
TXN009788,106,734.45,406,1,4,0,16,79,0
TXN009789,2897,9276.97,234,1,7,0,8,163,0
TXN009790,670,570.45,231,1,6,0,6,640,0
TXN009791,376,10144.21,263,2,5,1,12,244,0
TXN009792,743,664.71,938,0,3,1,7,732,0
TXN009793,967,93.97,798,0,4,0,14,33,0
TXN009794,308,815.06,586,4,5,2,17,418,0
TXN009795,2139,3028.68,121,1,6,1,6,602,0
TXN009796,802,8071.88,463,1,9,0,11,390,0
TXN009797,110,186.14,518,3,4,1,9,127,0
TXN009798,1665,2962.89,24,1,5,0,18,67,0
TXN009799,2633,3202.79,706,1,4,1,2,690,0
TXN009800,340,5227.47,680,1,5,1,19,477,0
TXN009801,1589,44.46,377,0,1,0,11,384,0
TXN009802,979,8007.99,500,0,5,1,8,745,0
TXN009803,2404,1861.4,911,1,5,1,20,535,0
TXN009804,1916,1901.46,437,0,4,1,10,659,0
TXN009805,168,3815.39,853,3,7,1,18,705,0
TXN009806,557,98.91,722,0,5,3,21,814,0
TXN009807,905,3707.08,645,2,2,1,4,866,0
TXN009808,105,18956.47,857,5,5,2,10,381,0
TXN009809,2048,212.22,804,1,6,1,21,763,0
TXN009810,2198,1015.08,970,2,4,1,19,24,0
TXN009811,146,1147.05,499,1,2,0,6,886,0
TXN009812,2764,1682.01,174,3,6,2,0,889,0
TXN009813,874,1828.49,663,3,12,0,23,940,0
TXN009814,299,489.9,600,0,3,0,20,249,0
TXN009815,1737,1150.49,813,2,8,0,15,826,0
TXN009816,646,8891.38,509,1,8,0,9,742,0
TXN009817,2771,1785.37,778,0,6,3,18,548,0
TXN009818,638,1705.99,310,1,7,0,15,897,0
TXN009819,2287,465.24,70,3,7,0,14,606,0
TXN009820,2512,5469.65,205,0,7,1,15,343,0
TXN009821,2501,845.3,341,1,1,0,5,590,0
TXN009822,784,93.68,32,1,3,0,2,295,0
TXN009823,897,1815.73,43,3,6,0,22,27,0
TXN009824,371,2561.43,118,3,6,3,16,210,0
TXN009825,487,766.19,889,1,2,0,12,213,0
TXN009826,2038,75.3,15,1,6,1,21,677,0
TXN009827,2213,287.31,322,3,2,0,19,550,0
TXN009828,1361,955.14,911,1,3,1,1,379,0
TXN009829,192,686.42,627,2,5,1,13,508,0
TXN009830,730,1863.12,337,1,8,4,5,819,0
TXN009831,2262,2230.57,532,1,2,0,15,595,0
TXN009832,2622,650.03,690,1,2,1,0,144,0
TXN009833,957,204.63,774,3,4,0,19,189,0
TXN009834,381,6272.01,591,1,7,2,0,219,0
TXN009835,2721,2148.86,381,1,5,0,7,888,0
TXN009836,798,2454.5,511,2,6,1,18,460,0
TXN009837,239,1738.84,913,3,7,0,12,640,0
TXN009838,2748,4092.46,120,0,5,1,17,963,0
TXN009839,1106,694.15,26,3,4,0,15,769,0
TXN009840,1387,2963.1,534,1,7,0,7,307,0
TXN009841,2553,2445.98,713,2,5,1,15,410,0
TXN009842,2250,2350.78,64,1,6,1,12,158,0
TXN009843,2968,261.5,460,2,2,0,21,145,0
TXN009844,1528,1295.88,726,4,3,1,22,141,0
TXN009845,1668,1744.92,314,3,2,0,10,252,0
TXN009846,37,9272.28,983,1,4,0,10,54,0
TXN009847,2692,1236.23,805,1,4,0,13,247,0
TXN009848,1997,4017.28,590,0,5,2,7,26,1
TXN009849,1426,184.24,216,1,4,0,12,174,0
TXN009850,2813,464.14,456,0,2,0,13,135,0
TXN009851,2754,1857.37,986,2,4,2,20,16,0
TXN009852,2593,1838.06,736,2,2,0,0,445,0
TXN009853,1491,464.02,889,2,1,1,15,920,0
TXN009854,1225,3452.67,540,1,10,0,7,248,0
TXN009855,2588,896.93,992,2,4,1,4,898,0
TXN009856,2023,872.21,982,2,5,0,13,269,0
TXN009857,2442,998.14,817,0,7,1,13,158,0
TXN009858,833,5466.27,713,0,5,0,5,637,0
TXN009859,597,4051.1,579,2,6,1,17,827,0
TXN009860,2441,10506.67,473,1,3,0,21,419,0
TXN009861,700,2122.97,359,3,8,0,5,620,0
TXN009862,1647,11126.57,126,1,6,0,11,462,0
TXN009863,2019,1459.33,972,3,11,0,6,177,0
TXN009864,441,942.26,861,2,3,0,23,526,0
TXN009865,1861,648.23,707,2,1,0,18,497,0
TXN009866,1641,887.63,937,0,4,1,3,447,0
TXN009867,1530,941.42,686,0,4,1,14,180,0
TXN009868,2966,481.64,87,0,4,0,23,91,0
TXN009869,2368,539.82,343,1,6,0,12,647,0
TXN009870,2601,2273.46,823,1,6,0,15,773,0
TXN009871,1095,610.5,978,3,7,0,12,566,0
TXN009872,568,142.53,395,1,5,0,9,633,0
TXN009873,2967,134.09,484,0,3,0,2,687,0
TXN009874,236,88.51,666,2,9,1,14,758,0
TXN009875,1305,200.14,456,0,6,2,23,165,0
TXN009876,1186,259.84,476,2,5,0,18,175,0
TXN009877,1033,340.76,210,2,6,2,23,158,0
TXN009878,2108,1545.71,525,1,3,0,15,272,0
TXN009879,2941,238.32,676,2,0,3,17,340,0
TXN009880,1841,363.83,767,1,5,0,11,107,0
TXN009881,225,121.73,896,0,6,0,0,501,0
TXN009882,1843,496.47,576,0,4,2,11,580,0
TXN009883,2748,2614.08,307,2,5,1,2,848,0
TXN009884,582,1066.3,76,3,6,0,10,294,0
TXN009885,169,1210.01,22,2,4,1,7,902,0
TXN009886,1466,1094.06,60,1,5,0,5,723,0
TXN009887,14,234.68,386,1,5,3,13,430,0
TXN009888,2212,671.49,56,1,3,0,3,656,0
TXN009889,1444,1429.63,168,1,1,1,17,64,0
TXN009890,2805,3510.34,412,3,0,0,2,729,0
TXN009891,1871,1696.51,717,4,9,1,20,859,0
TXN009892,1544,3154.96,865,2,11,2,20,315,0
TXN009893,1690,297.83,771,2,5,1,0,858,0
TXN009894,1572,180.55,191,1,6,1,10,903,0
TXN009895,1052,133.9,482,0,5,0,6,792,0
TXN009896,1732,2923.33,919,1,5,5,12,157,0
TXN009897,446,194.88,567,0,4,1,12,469,0
TXN009898,716,3920.78,416,1,6,2,2,57,0
TXN009899,819,642.15,340,1,13,1,22,266,0
TXN009900,2152,8123.46,796,2,12,2,8,223,0
TXN009901,2790,640.12,892,0,4,2,20,802,0
TXN009902,426,683.65,776,1,5,0,20,954,0
TXN009903,1125,1188.4,259,2,5,0,10,326,0
TXN009904,1565,666.78,350,1,6,1,10,105,0
TXN009905,2687,1811.08,601,1,6,1,0,798,0
TXN009906,850,313.04,437,4,5,1,9,113,0
TXN009907,1546,1371.42,222,2,4,4,22,920,0
TXN009908,1130,445.41,413,2,6,1,1,362,0
TXN009909,1703,856.92,350,2,4,0,17,723,0
TXN009910,2002,210.57,482,6,7,0,16,198,0
TXN009911,2817,3123.64,601,1,3,1,13,143,0
TXN009912,277,715.51,977,4,5,1,7,876,0
TXN009913,1807,3292.13,59,0,5,2,18,872,0
TXN009914,2948,452.89,152,3,3,2,2,770,0
TXN009915,2236,1084.77,934,1,4,1,17,168,0
TXN009916,1940,3331.33,540,4,0,2,6,527,0
TXN009917,2153,267.58,225,1,9,2,3,534,0
TXN009918,546,380.39,318,0,3,1,3,915,0
TXN009919,2428,2900.63,996,1,4,2,5,690,0
TXN009920,110,5524.35,563,4,2,0,19,727,0
TXN009921,545,1118.17,775,0,2,1,6,612,0
TXN009922,2402,342.58,279,3,2,0,5,898,0
TXN009923,743,748.81,558,1,8,1,15,729,0
TXN009924,2365,11656.53,474,1,4,0,4,792,0
TXN009925,1290,221.35,846,0,2,1,19,58,0
TXN009926,1876,2066.44,618,0,7,1,18,275,0
TXN009927,1089,1274.9,796,2,4,1,23,581,0
TXN009928,333,273.78,24,2,6,1,23,329,0
TXN009929,1537,752.55,519,1,4,1,9,909,0
TXN009930,1157,125.78,368,2,6,3,18,392,0
TXN009931,592,1549.77,996,1,6,2,9,460,0
TXN009932,783,1843.87,999,2,6,1,5,860,0
TXN009933,540,212.85,335,2,9,0,16,531,0
TXN009934,2783,2138.71,433,2,3,1,10,709,0
TXN009935,1559,493.66,3,0,6,0,22,21,0
TXN009936,1520,442.82,258,1,5,1,19,865,0
TXN009937,2669,340.22,263,0,2,0,17,233,0
TXN009938,619,2425.88,121,4,9,0,10,218,0
TXN009939,2957,147.14,720,0,6,0,18,737,0
TXN009940,1834,162.84,21,0,4,0,6,987,0
TXN009941,992,538.83,905,2,4,1,16,835,0
TXN009942,2147,561.66,140,3,5,1,11,781,0
TXN009943,2365,2326.07,477,1,2,0,19,873,1
TXN009944,2171,983.02,792,3,7,1,6,857,0
TXN009945,2847,985.05,289,0,5,1,3,3,0
TXN009946,1617,157.0,206,2,9,1,6,596,0
TXN009947,1519,831.77,43,3,4,0,19,74,0
TXN009948,2505,60.98,850,2,6,0,13,390,0
TXN009949,522,1458.19,118,2,6,0,17,771,0
TXN009950,2568,2471.92,5,1,2,0,17,766,0
TXN009951,917,430.33,207,1,7,1,22,618,0
TXN009952,717,1720.56,635,1,5,0,3,871,0
TXN009953,2363,647.52,839,2,1,0,5,636,0
TXN009954,2757,4810.41,345,0,4,1,21,883,0
TXN009955,2758,1441.76,142,2,6,1,1,527,0
TXN009956,1937,315.33,372,4,7,1,8,616,0
TXN009957,560,4470.1,232,0,5,2,9,630,0
TXN009958,969,2958.45,164,1,6,2,3,266,0
TXN009959,2404,668.76,547,0,7,0,0,575,0
TXN009960,1078,1987.46,364,5,6,2,23,101,0
TXN009961,890,1949.7,946,2,5,1,10,405,0
TXN009962,793,658.05,984,2,5,0,3,334,0
TXN009963,2313,1186.52,335,1,5,1,23,200,0
TXN009964,982,1470.6,11,0,4,1,12,611,0
TXN009965,802,487.48,408,0,5,0,16,950,0
TXN009966,43,5518.46,75,1,4,1,15,901,0
TXN009967,1610,102.24,300,2,5,0,15,929,0
TXN009968,2910,2470.88,947,0,8,1,7,933,0
TXN009969,1778,254.16,913,0,4,0,5,35,0
TXN009970,350,818.74,381,3,4,0,10,572,0
TXN009971,1568,161.12,710,1,4,0,9,947,0
TXN009972,1130,225.24,853,1,4,0,13,907,0
TXN009973,2960,987.82,776,1,9,1,18,93,0
TXN009974,2049,1196.66,847,3,4,1,18,786,0
TXN009975,1781,3911.83,886,0,9,0,22,955,0
TXN009976,584,679.33,736,2,4,2,7,549,0
TXN009977,432,2297.75,634,2,7,0,1,56,0
TXN009978,1933,1083.21,586,2,3,0,10,874,0
TXN009979,2101,2194.07,28,2,3,1,23,544,0
TXN009980,2988,295.8,463,1,6,1,21,721,0
TXN009981,2568,1219.96,396,3,5,0,11,578,0
TXN009982,1349,1716.19,683,1,6,0,20,348,0
TXN009983,2195,604.28,978,1,4,0,13,545,0
TXN009984,2031,1732.16,376,2,4,0,17,950,0
TXN009985,1190,1941.36,421,3,3,0,20,974,0
TXN009986,1163,589.1,364,1,5,1,14,550,0
TXN009987,2677,2780.85,895,3,4,0,13,670,0
TXN009988,299,69.16,216,2,8,0,19,263,0
TXN009989,1940,110.12,831,1,5,1,13,356,0
TXN009990,789,317.01,101,3,7,0,21,282,0
TXN009991,850,1537.05,758,1,8,0,16,873,0
TXN009992,2226,443.21,93,0,2,0,10,984,0
TXN009993,2890,220.24,575,3,7,1,0,817,0
TXN009994,1378,986.05,266,3,9,0,17,370,0
TXN009995,1178,1237.0,206,1,4,1,12,789,0
TXN009996,1950,510.87,80,2,4,1,21,437,0
TXN009997,878,264.71,37,1,1,1,1,590,0
TXN009998,1139,1106.01,11,3,6,0,19,335,0
TXN009999,1578,2846.73,627,2,4,1,12,480,0
